1,1,461.00,169.00,179.00,133.00,1,2,-1,-1
2,1,457.00,164.00,183.00,140.00,1,2,-1,-1
3,1,454.00,165.00,186.00,137.00,1,2,-1,-1
4,1,448.00,163.00,192.00,140.00,1,2,-1,-1
5,1,448.00,158.00,192.00,145.00,1,2,-1,-1
6,1,440.00,160.00,200.00,142.00,1,2,-1,-1
7,1,435.00,154.00,205.00,148.00,1,2,-1,-1
8,1,431.00,149.00,209.00,152.00,1,2,-1,-1
9,1,428.00,148.00,212.00,156.00,1,2,-1,-1
10,1,429.00,151.00,211.00,153.00,1,2,-1,-1
11,1,421.00,155.00,219.00,146.00,1,2,-1,-1
12,1,413.00,156.00,227.00,146.00,1,2,-1,-1
13,1,415.00,153.00,225.00,151.00,1,2,-1,-1
14,1,401.00,154.00,239.00,150.00,1,2,-1,-1
15,1,396.00,154.00,244.00,152.00,1,2,-1,-1
16,1,392.00,157.00,248.00,147.00,1,2,-1,-1
17,1,394.00,152.00,246.00,150.00,1,2,-1,-1
18,2,615.00,152.00,25.00,24.00,1,6,-1,-1
18,1,376.00,154.00,264.00,146.00,1,2,-1,-1
19,2,612.00,151.00,28.00,26.00,1,6,-1,-1
19,1,368.00,154.00,272.00,146.00,1,2,-1,-1
20,2,606.00,151.00,32.00,26.00,1,6,-1,-1
20,1,366.00,153.00,273.00,146.00,1,2,-1,-1
21,2,600.00,151.00,36.00,27.00,1,6,-1,-1
21,1,362.00,158.00,278.00,139.00,1,2,-1,-1
22,2,598.00,150.00,32.00,27.00,1,6,-1,-1
22,1,358.00,156.00,282.00,142.00,1,2,-1,-1
23,2,593.00,150.00,34.00,28.00,1,6,-1,-1
23,1,358.00,158.00,282.00,140.00,1,2,-1,-1
24,2,588.00,151.00,32.00,25.00,1,6,-1,-1
24,1,354.00,157.00,286.00,140.00,1,2,-1,-1
25,2,580.00,151.00,36.00,26.00,1,6,-1,-1
25,1,344.00,154.00,296.00,142.00,1,2,-1,-1
26,2,573.00,152.00,36.00,25.00,1,6,-1,-1
26,1,336.00,156.00,304.00,142.00,1,2,-1,-1
27,2,566.00,152.00,35.00,26.00,1,6,-1,-1
27,1,330.00,156.00,310.00,140.00,1,2,-1,-1
28,2,556.00,152.00,38.00,27.00,1,6,-1,-1
28,1,327.00,156.00,311.00,141.00,1,2,-1,-1
29,2,550.00,154.00,34.00,24.00,1,6,-1,-1
29,1,314.00,158.00,325.00,140.00,1,2,-1,-1
30,2,542.00,154.00,36.00,28.00,1,6,-1,-1
30,1,302.00,160.00,337.00,139.00,1,2,-1,-1
31,2,533.00,154.00,35.00,27.00,1,6,-1,-1
31,1,294.00,160.00,346.00,138.00,1,2,-1,-1
32,2,524.00,153.00,34.00,26.00,1,6,-1,-1
32,1,288.00,158.00,352.00,140.00,1,2,-1,-1
33,2,514.00,153.00,36.00,27.00,1,6,-1,-1
33,1,266.00,158.00,374.00,138.00,1,2,-1,-1
34,2,506.00,153.00,35.00,27.00,1,6,-1,-1
34,1,264.00,156.00,374.00,140.00,1,2,-1,-1
35,2,508.00,152.00,26.00,26.00,1,6,-1,-1
35,1,257.00,157.00,379.00,140.00,1,2,-1,-1
36,2,494.00,152.00,32.00,28.00,1,6,-1,-1
36,1,249.00,161.00,387.00,137.00,1,2,-1,-1
37,2,488.00,152.00,34.00,27.00,1,6,-1,-1
37,1,248.00,160.00,387.00,138.00,1,2,-1,-1
38,2,483.00,150.00,34.00,28.00,1,6,-1,-1
38,1,245.00,161.00,387.00,133.00,1,2,-1,-1
39,2,477.00,149.00,35.00,29.00,1,6,-1,-1
39,1,232.00,164.00,401.00,129.00,1,2,-1,-1
40,2,473.00,148.00,34.00,27.00,1,6,-1,-1
40,1,228.00,162.00,404.00,131.00,1,2,-1,-1
41,2,469.00,148.00,28.00,25.00,1,6,-1,-1
41,1,223.00,155.00,408.00,140.00,1,2,-1,-1
42,2,464.00,148.00,31.00,26.00,1,6,-1,-1
42,1,217.00,159.00,413.00,135.00,1,2,-1,-1
43,1,217.00,155.00,413.00,140.00,1,2,-1,-1
44,1,214.00,162.00,414.00,136.00,1,2,-1,-1
45,3,451.00,158.00,29.00,27.00,1,6,-1,-1
45,1,214.00,162.00,412.00,138.00,1,2,-1,-1
46,3,443.00,162.00,28.00,27.00,1,6,-1,-1
46,1,205.00,170.00,426.00,134.00,1,2,-1,-1
47,3,437.00,166.00,29.00,28.00,1,6,-1,-1
47,1,200.00,170.00,430.00,138.00,1,2,-1,-1
48,4,549.00,153.00,91.00,203.00,1,2,-1,-1
48,3,426.00,169.00,36.00,27.00,1,6,-1,-1
48,1,197.00,171.00,424.00,141.00,1,2,-1,-1
49,3,420.00,170.00,31.00,26.00,1,6,-1,-1
49,1,177.00,171.00,456.00,141.00,1,2,-1,-1
50,3,412.00,170.00,31.00,26.00,1,6,-1,-1
50,1,173.00,172.00,461.00,141.00,1,2,-1,-1
51,3,406.00,169.00,30.00,27.00,1,6,-1,-1
51,1,169.00,173.00,464.00,139.00,1,2,-1,-1
52,3,398.00,169.00,34.00,27.00,1,6,-1,-1
52,1,156.00,176.00,476.00,137.00,1,2,-1,-1
53,3,394.00,168.00,32.00,27.00,1,6,-1,-1
53,1,148.00,183.00,487.00,129.00,1,2,-1,-1
54,3,390.00,168.00,32.00,27.00,1,6,-1,-1
54,1,150.00,174.00,490.00,144.00,1,2,-1,-1
55,3,387.00,168.00,31.00,28.00,1,6,-1,-1
55,1,150.00,179.00,488.00,135.00,1,2,-1,-1
56,3,382.00,167.00,32.00,27.00,1,6,-1,-1
56,1,145.00,172.00,461.00,134.00,1,2,-1,-1
57,3,382.00,166.00,29.00,26.00,1,6,-1,-1
57,1,144.00,171.00,466.00,135.00,1,2,-1,-1
58,1,143.00,170.00,471.00,136.00,1,2,-1,-1
58,3,382.00,164.00,28.00,26.00,1,6,-1,-1
59,1,416.00,171.00,224.00,166.00,1,2,-1,-1
59,3,383.00,163.00,25.00,25.00,1,6,-1,-1
59,1,149.00,168.00,490.00,145.00,1,2,-1,-1
60,3,380.00,161.00,29.00,26.00,1,6,-1,-1
60,1,440.00,170.00,200.00,163.00,1,2,-1,-1
60,1,143.00,166.00,497.00,148.00,1,2,-1,-1
61,1,148.00,162.00,492.00,150.00,1,2,-1,-1
62,5,383.00,158.00,29.00,27.00,1,6,-1,-1
62,1,144.00,160.00,496.00,148.00,1,2,-1,-1
63,1,153.00,164.00,487.00,143.00,1,2,-1,-1
64,1,163.00,160.00,476.00,142.00,1,2,-1,-1
65,1,164.00,162.00,476.00,140.00,1,2,-1,-1
66,1,165.00,162.00,475.00,136.00,1,2,-1,-1
67,1,167.00,158.00,473.00,139.00,1,2,-1,-1
68,1,169.00,156.00,470.00,138.00,1,2,-1,-1
69,1,173.00,154.00,465.00,136.00,1,2,-1,-1
70,1,175.00,149.00,463.00,142.00,1,2,-1,-1
71,1,170.00,144.00,470.00,158.00,1,2,-1,-1
72,1,167.00,144.00,472.00,158.00,1,2,-1,-1
73,1,158.00,145.00,481.00,163.00,1,2,-1,-1
74,1,150.00,147.00,490.00,164.00,1,2,-1,-1
75,1,142.00,143.00,498.00,177.00,1,2,-1,-1
76,1,137.00,148.00,503.00,175.00,1,2,-1,-1
77,1,124.00,154.00,516.00,163.00,1,2,-1,-1
78,1,354.00,147.00,285.00,180.00,1,2,-1,-1
78,1,123.00,159.00,353.00,140.00,1,2,-1,-1
79,6,343.00,139.00,297.00,190.00,1,2,-1,-1
79,1,117.00,166.00,351.00,135.00,1,2,-1,-1
80,7,612.00,134.00,28.00,39.00,1,6,-1,-1
80,6,336.00,154.00,304.00,176.00,1,2,-1,-1
80,1,105.00,166.00,315.00,139.00,1,2,-1,-1
81,8,316.00,162.00,29.00,26.00,1,6,-1,-1
81,7,605.00,136.00,34.00,42.00,1,6,-1,-1
81,1,95.00,169.00,342.00,139.00,1,2,-1,-1
81,6,338.00,157.00,302.00,177.00,1,2,-1,-1
82,7,596.00,136.00,36.00,36.00,1,6,-1,-1
82,1,94.00,170.00,332.00,136.00,1,2,-1,-1
82,6,331.00,160.00,309.00,175.00,1,2,-1,-1
83,7,590.00,135.00,36.00,39.00,1,6,-1,-1
83,6,324.00,160.00,316.00,176.00,1,2,-1,-1
83,1,94.00,168.00,328.00,140.00,1,2,-1,-1
84,7,582.00,135.00,38.00,40.00,1,6,-1,-1
84,6,96.00,161.00,544.00,167.00,1,2,-1,-1
85,9,298.00,160.00,34.00,28.00,1,6,-1,-1
85,6,87.00,172.00,330.00,131.00,1,2,-1,-1
85,7,576.00,134.00,34.00,37.00,1,6,-1,-1
85,6,307.00,153.00,332.00,179.00,1,2,-1,-1
86,9,298.00,160.00,32.00,27.00,1,6,-1,-1
86,7,568.00,134.00,36.00,36.00,1,6,-1,-1
86,10,86.00,168.00,308.00,132.00,1,2,-1,-1
86,6,302.00,159.00,338.00,172.00,1,2,-1,-1
87,9,299.00,159.00,30.00,28.00,1,6,-1,-1
87,10,84.00,164.00,310.00,136.00,1,2,-1,-1
87,7,564.00,133.00,40.00,39.00,1,6,-1,-1
87,6,300.00,156.00,340.00,172.00,1,2,-1,-1
88,7,560.00,133.00,36.00,34.00,1,6,-1,-1
88,6,287.00,157.00,353.00,171.00,1,2,-1,-1
88,10,83.00,165.00,305.00,133.00,1,2,-1,-1
89,7,552.00,134.00,42.00,40.00,1,6,-1,-1
89,10,79.00,171.00,308.00,127.00,1,2,-1,-1
89,6,284.00,160.00,356.00,170.00,1,2,-1,-1
90,7,543.00,135.00,44.00,39.00,1,6,-1,-1
90,10,76.00,173.00,305.00,125.00,1,2,-1,-1
90,6,284.00,157.00,356.00,174.00,1,2,-1,-1
91,7,539.00,136.00,37.00,38.00,1,6,-1,-1
91,10,72.00,169.00,314.00,127.00,1,2,-1,-1
91,6,275.00,157.00,365.00,173.00,1,2,-1,-1
92,7,534.00,137.00,38.00,40.00,1,6,-1,-1
92,10,70.00,170.00,310.00,130.00,1,2,-1,-1
92,6,270.00,160.00,370.00,176.00,1,2,-1,-1
93,7,528.00,138.00,40.00,42.00,1,6,-1,-1
93,6,263.00,160.00,377.00,176.00,1,2,-1,-1
93,10,66.00,168.00,309.00,128.00,1,2,-1,-1
94,7,520.00,138.00,36.00,42.00,1,6,-1,-1
94,10,60.00,177.00,306.00,121.00,1,2,-1,-1
94,6,251.00,161.00,389.00,177.00,1,2,-1,-1
95,7,511.00,140.00,32.00,39.00,1,6,-1,-1
95,10,58.00,179.00,301.00,123.00,1,2,-1,-1
95,6,242.00,165.00,398.00,170.00,1,2,-1,-1
96,7,495.00,141.00,33.00,37.00,1,6,-1,-1
96,6,228.00,162.00,412.00,176.00,1,2,-1,-1
96,10,49.00,175.00,302.00,127.00,1,2,-1,-1
97,6,214.00,165.00,426.00,174.00,1,2,-1,-1
97,10,37.00,178.00,297.00,127.00,1,2,-1,-1
98,10,25.00,170.00,296.00,136.00,1,2,-1,-1
98,6,204.00,167.00,436.00,170.00,1,2,-1,-1
99,6,18.00,167.00,616.00,167.00,1,2,-1,-1
100,6,0.00,177.00,282.00,128.00,1,2,-1,-1
100,6,8.00,168.00,611.00,160.00,1,2,-1,-1
101,6,2.00,164.00,602.00,161.00,1,2,-1,-1
102,6,0.00,160.00,600.00,165.00,1,2,-1,-1
103,6,0.00,158.00,597.00,167.00,1,2,-1,-1
104,11,394.00,128.00,34.00,36.00,1,6,-1,-1
104,12,0.00,166.00,246.00,118.00,1,2,-1,-1
104,6,128.00,150.00,462.00,167.00,1,2,-1,-1
105,11,395.00,125.00,30.00,37.00,1,6,-1,-1
105,12,0.00,162.00,245.00,132.00,1,2,-1,-1
105,6,120.00,146.00,476.00,172.00,1,2,-1,-1
106,11,394.00,122.00,31.00,39.00,1,6,-1,-1
106,6,116.00,144.00,492.00,172.00,1,2,-1,-1
107,11,392.00,119.00,34.00,39.00,1,6,-1,-1
107,6,70.00,146.00,539.00,168.00,1,2,-1,-1
108,6,72.00,148.00,536.00,166.00,1,2,-1,-1
109,6,77.00,140.00,531.00,173.00,1,2,-1,-1
110,6,0.00,138.00,611.00,174.00,1,2,-1,-1
111,13,397.00,114.00,27.00,37.00,1,6,-1,-1
111,14,197.00,142.00,29.00,27.00,1,6,-1,-1
111,6,0.00,149.00,250.00,128.00,1,2,-1,-1
111,6,40.00,139.00,598.00,170.00,1,2,-1,-1
112,13,398.00,114.00,28.00,36.00,1,6,-1,-1
112,6,2.00,140.00,614.00,168.00,1,2,-1,-1
113,6,0.00,151.00,263.00,127.00,1,2,-1,-1
113,6,119.00,143.00,501.00,167.00,1,2,-1,-1
114,15,402.00,116.00,30.00,38.00,1,6,-1,-1
114,16,4.00,152.00,266.00,126.00,1,2,-1,-1
114,6,112.00,144.00,515.00,166.00,1,2,-1,-1
115,16,10.00,156.00,262.00,122.00,1,2,-1,-1
115,6,124.00,138.00,504.00,173.00,1,2,-1,-1
116,16,13.00,154.00,260.00,125.00,1,2,-1,-1
116,6,121.00,136.00,508.00,177.00,1,2,-1,-1
117,17,222.00,144.00,28.00,26.00,1,6,-1,-1
117,16,22.00,155.00,249.00,123.00,1,2,-1,-1
117,6,119.00,136.00,511.00,175.00,1,2,-1,-1
118,16,25.00,152.00,251.00,129.00,1,2,-1,-1
118,6,14.00,138.00,622.00,171.00,1,2,-1,-1
119,16,24.00,152.00,248.00,126.00,1,2,-1,-1
119,6,14.00,142.00,620.00,168.00,1,2,-1,-1
120,6,17.00,140.00,616.00,168.00,1,2,-1,-1
121,18,398.00,114.00,39.00,39.00,1,6,-1,-1
121,6,20.00,142.00,613.00,167.00,1,2,-1,-1
122,6,25.00,139.00,607.00,169.00,1,2,-1,-1
123,6,27.00,138.00,601.00,168.00,1,2,-1,-1
124,19,239.00,137.00,29.00,26.00,1,6,-1,-1
124,20,400.00,110.00,38.00,39.00,1,6,-1,-1
124,6,29.00,136.00,599.00,168.00,1,2,-1,-1
125,6,24.00,135.00,601.00,169.00,1,2,-1,-1
126,21,394.00,106.00,32.00,38.00,1,6,-1,-1
126,22,235.00,134.00,27.00,24.00,1,6,-1,-1
126,6,26.00,128.00,600.00,174.00,1,2,-1,-1
127,6,27.00,132.00,594.00,168.00,1,2,-1,-1
128,6,27.00,112.00,588.00,185.00,1,2,-1,-1
129,6,27.00,119.00,574.00,174.00,1,2,-1,-1
130,6,25.00,111.00,572.00,178.00,1,2,-1,-1
131,6,23.00,114.00,571.00,169.00,1,2,-1,-1
132,6,22.00,110.00,569.00,167.00,1,2,-1,-1
133,23,364.00,75.00,28.00,39.00,1,6,-1,-1
133,6,18.00,106.00,569.00,165.00,1,2,-1,-1
134,6,11.00,98.00,569.00,169.00,1,2,-1,-1
135,24,354.00,62.00,30.00,37.00,1,6,-1,-1
135,25,214.00,90.00,27.00,27.00,1,6,-1,-1
135,6,28.00,91.00,548.00,167.00,1,2,-1,-1
136,24,354.00,54.00,29.00,37.00,1,6,-1,-1
136,6,10.00,83.00,565.00,167.00,1,2,-1,-1
137,24,348.00,47.00,30.00,35.00,1,6,-1,-1
137,6,10.00,75.00,564.00,167.00,1,2,-1,-1
138,26,213.00,69.00,29.00,28.00,1,6,-1,-1
138,24,348.00,41.00,31.00,37.00,1,6,-1,-1
138,6,1.00,69.00,569.00,167.00,1,2,-1,-1
139,24,346.00,38.00,29.00,37.00,1,6,-1,-1
139,6,13.00,66.00,556.00,166.00,1,2,-1,-1
140,24,354.00,30.00,29.00,36.00,1,6,-1,-1
140,6,24.00,56.00,550.00,167.00,1,2,-1,-1
141,24,360.00,23.00,30.00,37.00,1,6,-1,-1
141,6,32.00,51.00,550.00,165.00,1,2,-1,-1
142,24,364.00,22.00,25.00,35.00,1,6,-1,-1
142,6,38.00,48.00,540.00,167.00,1,2,-1,-1
143,24,359.00,20.00,34.00,36.00,1,6,-1,-1
143,6,37.00,42.00,538.00,172.00,1,2,-1,-1
144,24,356.00,19.00,30.00,38.00,1,6,-1,-1
144,6,37.00,45.00,535.00,168.00,1,2,-1,-1
145,24,348.00,19.00,35.00,36.00,1,6,-1,-1
145,6,37.00,41.00,532.00,171.00,1,2,-1,-1
146,24,345.00,18.00,28.00,36.00,1,6,-1,-1
146,6,30.00,40.00,531.00,172.00,1,2,-1,-1
147,27,225.00,44.00,25.00,22.00,1,6,-1,-1
147,24,339.00,18.00,32.00,37.00,1,6,-1,-1
147,6,26.00,40.00,530.00,172.00,1,2,-1,-1
148,24,332.00,18.00,32.00,35.00,1,6,-1,-1
148,6,23.00,40.00,532.00,172.00,1,2,-1,-1
149,24,326.00,17.00,31.00,35.00,1,6,-1,-1
149,6,19.00,38.00,527.00,176.00,1,2,-1,-1
150,24,319.00,18.00,30.00,35.00,1,6,-1,-1
150,6,14.00,38.00,526.00,176.00,1,2,-1,-1
151,24,314.00,17.00,30.00,36.00,1,6,-1,-1
151,6,9.00,38.00,523.00,176.00,1,2,-1,-1
152,24,310.00,17.00,30.00,36.00,1,6,-1,-1
152,6,6.00,37.00,523.00,175.00,1,2,-1,-1
153,24,304.00,18.00,31.00,35.00,1,6,-1,-1
153,6,4.00,37.00,522.00,174.00,1,2,-1,-1
154,24,300.00,18.00,31.00,37.00,1,6,-1,-1
154,6,2.00,37.00,516.00,173.00,1,2,-1,-1
155,24,300.00,18.00,31.00,36.00,1,6,-1,-1
155,6,2.00,37.00,519.00,174.00,1,2,-1,-1
156,24,300.00,19.00,33.00,36.00,1,6,-1,-1
156,6,4.00,39.00,515.00,173.00,1,2,-1,-1
157,24,303.00,19.00,32.00,37.00,1,6,-1,-1
157,6,6.00,41.00,516.00,172.00,1,2,-1,-1
158,24,304.00,20.00,32.00,36.00,1,6,-1,-1
158,6,8.00,41.00,514.00,173.00,1,2,-1,-1
159,24,307.00,20.00,31.00,36.00,1,6,-1,-1
159,6,10.00,42.00,517.00,171.00,1,2,-1,-1
160,24,310.00,22.00,33.00,36.00,1,6,-1,-1
160,6,14.00,42.00,517.00,172.00,1,2,-1,-1
161,24,316.00,22.00,34.00,35.00,1,6,-1,-1
161,6,19.00,45.00,513.00,169.00,1,2,-1,-1
162,24,323.00,22.00,33.00,35.00,1,6,-1,-1
162,6,28.00,44.00,515.00,171.00,1,2,-1,-1
163,24,331.00,22.00,33.00,35.00,1,6,-1,-1
163,6,37.00,45.00,511.00,169.00,1,2,-1,-1
164,24,338.00,23.00,34.00,35.00,1,6,-1,-1
164,6,46.00,48.00,508.00,166.00,1,2,-1,-1
165,24,347.00,23.00,35.00,36.00,1,6,-1,-1
165,6,50.00,49.00,513.00,165.00,1,2,-1,-1
166,24,364.00,23.00,28.00,37.00,1,6,-1,-1
166,6,64.00,49.00,521.00,164.00,1,2,-1,-1
167,24,370.00,24.00,31.00,36.00,1,6,-1,-1
167,6,74.00,49.00,506.00,163.00,1,2,-1,-1
168,24,373.00,25.00,29.00,35.00,1,6,-1,-1
168,6,78.00,50.00,507.00,165.00,1,2,-1,-1
169,24,372.00,26.00,32.00,37.00,1,6,-1,-1
169,6,77.00,52.00,509.00,164.00,1,2,-1,-1
170,24,370.00,27.00,33.00,37.00,1,6,-1,-1
170,6,80.00,52.00,502.00,166.00,1,2,-1,-1
171,24,372.00,28.00,30.00,37.00,1,6,-1,-1
171,6,81.00,52.00,501.00,167.00,1,2,-1,-1
172,24,370.00,30.00,32.00,36.00,1,6,-1,-1
172,6,80.00,52.00,502.00,167.00,1,2,-1,-1
173,24,370.00,31.00,31.00,35.00,1,6,-1,-1
173,6,80.00,52.00,502.00,168.00,1,2,-1,-1
174,24,371.00,31.00,31.00,34.00,1,6,-1,-1
174,6,82.00,52.00,499.00,167.00,1,2,-1,-1
175,24,369.00,32.00,32.00,36.00,1,6,-1,-1
175,6,81.00,55.00,500.00,165.00,1,2,-1,-1
176,24,360.00,32.00,39.00,35.00,1,6,-1,-1
176,6,82.00,55.00,496.00,166.00,1,2,-1,-1
177,24,369.00,32.00,31.00,36.00,1,6,-1,-1
177,6,80.00,54.00,498.00,167.00,1,2,-1,-1
178,24,370.00,32.00,32.00,36.00,1,6,-1,-1
178,6,80.00,54.00,497.00,167.00,1,2,-1,-1
179,24,360.00,31.00,38.00,36.00,1,6,-1,-1
179,6,80.00,55.00,497.00,165.00,1,2,-1,-1
180,24,350.00,31.00,46.00,36.00,1,6,-1,-1
180,6,76.00,55.00,503.00,164.00,1,2,-1,-1
181,24,357.00,31.00,39.00,37.00,1,6,-1,-1
181,6,76.00,56.00,507.00,162.00,1,2,-1,-1
182,24,363.00,31.00,34.00,35.00,1,6,-1,-1
182,6,76.00,55.00,498.00,165.00,1,2,-1,-1
183,24,363.00,31.00,35.00,36.00,1,6,-1,-1
183,6,76.00,55.00,497.00,165.00,1,2,-1,-1
184,24,361.00,32.00,48.00,37.00,1,6,-1,-1
184,6,74.00,55.00,510.00,165.00,1,2,-1,-1
185,24,364.00,32.00,32.00,36.00,1,6,-1,-1
185,6,77.00,55.00,503.00,165.00,1,2,-1,-1
186,24,364.00,32.00,28.00,35.00,1,6,-1,-1
186,6,77.00,54.00,497.00,165.00,1,2,-1,-1
187,24,364.00,32.00,29.00,34.00,1,6,-1,-1
187,6,85.00,55.00,489.00,165.00,1,2,-1,-1
188,24,366.00,33.00,31.00,35.00,1,6,-1,-1
188,6,82.00,57.00,494.00,164.00,1,2,-1,-1
189,24,368.00,33.00,32.00,35.00,1,6,-1,-1
189,6,82.00,58.00,495.00,165.00,1,2,-1,-1
190,24,372.00,35.00,29.00,36.00,1,6,-1,-1
190,6,86.00,60.00,491.00,165.00,1,2,-1,-1
191,24,374.00,38.00,30.00,35.00,1,6,-1,-1
191,6,87.00,62.00,495.00,165.00,1,2,-1,-1
192,24,375.00,40.00,35.00,36.00,1,6,-1,-1
192,6,92.00,64.00,493.00,163.00,1,2,-1,-1
193,24,379.00,41.00,31.00,35.00,1,6,-1,-1
193,6,96.00,66.00,492.00,163.00,1,2,-1,-1
194,24,382.00,43.00,30.00,36.00,1,6,-1,-1
194,6,100.00,67.00,492.00,164.00,1,2,-1,-1
195,24,383.00,47.00,31.00,36.00,1,6,-1,-1
195,6,96.00,70.00,498.00,164.00,1,2,-1,-1
196,24,384.00,50.00,34.00,37.00,1,6,-1,-1
196,6,101.00,74.00,493.00,164.00,1,2,-1,-1
197,24,384.00,53.00,33.00,37.00,1,6,-1,-1
197,6,101.00,76.00,491.00,165.00,1,2,-1,-1
198,24,383.00,55.00,34.00,37.00,1,6,-1,-1
198,6,103.00,77.00,491.00,165.00,1,2,-1,-1
199,24,377.00,55.00,38.00,37.00,1,6,-1,-1
199,6,101.00,78.00,489.00,165.00,1,2,-1,-1
200,24,380.00,58.00,36.00,36.00,1,6,-1,-1
200,6,104.00,80.00,488.00,164.00,1,2,-1,-1
201,24,386.00,59.00,30.00,37.00,1,6,-1,-1
201,6,102.00,82.00,488.00,165.00,1,2,-1,-1
202,24,382.00,61.00,34.00,35.00,1,6,-1,-1
202,6,104.00,81.00,487.00,166.00,1,2,-1,-1
203,24,386.00,62.00,30.00,36.00,1,6,-1,-1
203,6,104.00,85.00,486.00,163.00,1,2,-1,-1
204,24,384.00,63.00,32.00,36.00,1,6,-1,-1
204,6,104.00,85.00,488.00,163.00,1,2,-1,-1
205,24,383.00,63.00,33.00,36.00,1,6,-1,-1
205,6,107.00,86.00,484.00,162.00,1,2,-1,-1
206,24,387.00,64.00,33.00,37.00,1,6,-1,-1
206,6,108.00,88.00,484.00,162.00,1,2,-1,-1
207,24,389.00,63.00,32.00,37.00,1,6,-1,-1
207,6,111.00,81.00,489.00,169.00,1,2,-1,-1
208,24,390.00,65.00,30.00,35.00,1,6,-1,-1
208,6,111.00,83.00,486.00,167.00,1,2,-1,-1
209,24,394.00,64.00,30.00,37.00,1,6,-1,-1
209,6,116.00,87.00,487.00,163.00,1,2,-1,-1
210,24,397.00,64.00,31.00,36.00,1,6,-1,-1
210,6,120.00,87.00,482.00,163.00,1,2,-1,-1
211,24,403.00,63.00,29.00,37.00,1,6,-1,-1
211,6,122.00,85.00,490.00,164.00,1,2,-1,-1
212,24,404.00,63.00,30.00,37.00,1,6,-1,-1
212,6,126.00,84.00,484.00,164.00,1,2,-1,-1
213,24,403.00,63.00,30.00,36.00,1,6,-1,-1
213,6,127.00,86.00,483.00,162.00,1,2,-1,-1
214,24,404.00,64.00,29.00,36.00,1,6,-1,-1
214,6,128.00,87.00,481.00,161.00,1,2,-1,-1
215,24,405.00,68.00,31.00,33.00,1,6,-1,-1
215,6,128.00,88.00,485.00,162.00,1,2,-1,-1
216,24,404.00,64.00,29.00,36.00,1,6,-1,-1
216,6,127.00,85.00,491.00,163.00,1,2,-1,-1
217,24,403.00,64.00,27.00,36.00,1,6,-1,-1
217,6,124.00,76.00,496.00,174.00,1,2,-1,-1
218,24,402.00,64.00,26.00,33.00,1,6,-1,-1
218,6,118.00,75.00,497.00,173.00,1,2,-1,-1
219,24,398.00,63.00,27.00,34.00,1,6,-1,-1
219,6,121.00,78.00,490.00,170.00,1,2,-1,-1
220,24,396.00,59.00,30.00,34.00,1,6,-1,-1
220,6,118.00,79.00,497.00,165.00,1,2,-1,-1
221,24,395.00,57.00,32.00,35.00,1,6,-1,-1
221,6,121.00,75.00,490.00,167.00,1,2,-1,-1
222,24,397.00,54.00,29.00,34.00,1,6,-1,-1
222,6,119.00,73.00,487.00,163.00,1,2,-1,-1
223,24,400.00,52.00,29.00,33.00,1,6,-1,-1
223,6,124.00,72.00,480.00,162.00,1,2,-1,-1
224,24,402.00,50.00,30.00,34.00,1,6,-1,-1
224,6,126.00,72.00,480.00,161.00,1,2,-1,-1
225,24,408.00,48.00,29.00,35.00,1,6,-1,-1
225,6,134.00,69.00,478.00,163.00,1,2,-1,-1
226,24,415.00,49.00,27.00,34.00,1,6,-1,-1
226,6,142.00,69.00,480.00,163.00,1,2,-1,-1
227,24,424.00,50.00,28.00,34.00,1,6,-1,-1
227,6,150.00,71.00,474.00,159.00,1,2,-1,-1
228,24,429.00,53.00,28.00,35.00,1,6,-1,-1
228,6,155.00,74.00,474.00,159.00,1,2,-1,-1
229,6,161.00,76.00,475.00,161.00,1,2,-1,-1
230,28,436.00,64.00,30.00,36.00,1,6,-1,-1
230,6,166.00,88.00,470.00,155.00,1,2,-1,-1
231,28,438.00,68.00,36.00,39.00,1,6,-1,-1
231,6,167.00,90.00,471.00,160.00,1,2,-1,-1
232,6,165.00,92.00,475.00,162.00,1,2,-1,-1
233,6,168.00,96.00,472.00,160.00,1,2,-1,-1
234,6,167.00,99.00,473.00,159.00,1,2,-1,-1
235,6,169.00,102.00,469.00,158.00,1,2,-1,-1
236,6,166.00,104.00,468.00,158.00,1,2,-1,-1
237,6,160.00,105.00,474.00,156.00,1,2,-1,-1
238,6,161.00,106.00,467.00,157.00,1,2,-1,-1
239,6,156.00,106.00,468.00,158.00,1,2,-1,-1
240,6,154.00,105.00,464.00,160.00,1,2,-1,-1
241,6,155.00,106.00,461.00,157.00,1,2,-1,-1
242,6,149.00,105.00,461.00,156.00,1,2,-1,-1
243,29,409.00,79.00,31.00,38.00,1,6,-1,-1
243,6,145.00,102.00,461.00,158.00,1,2,-1,-1
244,6,138.00,99.00,466.00,159.00,1,2,-1,-1
245,6,133.00,96.00,472.00,156.00,1,2,-1,-1
246,6,130.00,92.00,468.00,157.00,1,2,-1,-1
247,6,130.00,88.00,478.00,158.00,1,2,-1,-1
248,30,392.00,60.00,32.00,40.00,1,6,-1,-1
248,6,114.00,84.00,490.00,160.00,1,2,-1,-1
249,6,121.00,82.00,466.00,159.00,1,2,-1,-1
250,6,120.00,81.00,464.00,159.00,1,2,-1,-1
251,6,116.00,80.00,465.00,158.00,1,2,-1,-1
252,6,118.00,76.00,460.00,159.00,1,2,-1,-1
253,6,119.00,77.00,461.00,157.00,1,2,-1,-1
254,6,120.00,76.00,462.00,157.00,1,2,-1,-1
255,6,114.00,77.00,470.00,157.00,1,2,-1,-1
256,6,104.00,76.00,478.00,158.00,1,2,-1,-1
257,6,101.00,78.00,481.00,156.00,1,2,-1,-1
258,6,108.00,75.00,452.00,159.00,1,2,-1,-1
259,6,109.00,71.00,461.00,164.00,1,2,-1,-1
260,31,363.00,52.00,29.00,40.00,1,6,-1,-1
260,6,98.00,75.00,473.00,160.00,1,2,-1,-1
261,31,360.00,55.00,28.00,37.00,1,6,-1,-1
261,6,96.00,76.00,472.00,160.00,1,2,-1,-1
262,6,90.00,79.00,474.00,159.00,1,2,-1,-1
263,32,356.00,58.00,30.00,37.00,1,6,-1,-1
263,6,89.00,80.00,475.00,162.00,1,2,-1,-1
264,32,355.00,61.00,26.00,38.00,1,6,-1,-1
264,6,87.00,82.00,473.00,161.00,1,2,-1,-1
265,32,353.00,64.00,26.00,36.00,1,6,-1,-1
265,6,87.00,87.00,470.00,159.00,1,2,-1,-1
266,32,350.00,68.00,27.00,35.00,1,6,-1,-1
266,6,92.00,89.00,462.00,160.00,1,2,-1,-1
267,6,86.00,96.00,460.00,158.00,1,2,-1,-1
268,33,346.00,82.00,33.00,40.00,1,6,-1,-1
268,6,78.00,108.00,467.00,156.00,1,2,-1,-1
269,33,345.00,91.00,33.00,39.00,1,6,-1,-1
269,6,88.00,114.00,449.00,158.00,1,2,-1,-1
270,6,88.00,123.00,457.00,156.00,1,2,-1,-1
271,6,84.00,129.00,450.00,156.00,1,2,-1,-1
272,6,90.00,138.00,446.00,153.00,1,2,-1,-1
273,6,89.00,143.00,445.00,155.00,1,2,-1,-1
274,6,87.00,146.00,449.00,158.00,1,2,-1,-1
275,6,77.00,149.00,454.00,159.00,1,2,-1,-1
276,6,78.00,153.00,445.00,158.00,1,2,-1,-1
277,6,68.00,155.00,446.00,159.00,1,2,-1,-1
278,6,56.00,156.00,456.00,158.00,1,2,-1,-1
279,34,310.00,130.00,30.00,38.00,1,6,-1,-1
279,6,54.00,153.00,454.00,161.00,1,2,-1,-1
280,6,49.00,154.00,454.00,158.00,1,2,-1,-1
281,35,305.00,126.00,30.00,38.00,1,6,-1,-1
281,6,43.00,151.00,461.00,159.00,1,2,-1,-1
282,35,301.00,125.00,29.00,39.00,1,6,-1,-1
282,6,43.00,146.00,460.00,161.00,1,2,-1,-1
283,35,299.00,126.00,31.00,38.00,1,6,-1,-1
283,6,48.00,149.00,458.00,159.00,1,2,-1,-1
284,35,299.00,129.00,32.00,39.00,1,6,-1,-1
284,6,42.00,154.00,462.00,155.00,1,2,-1,-1
285,35,300.00,134.00,30.00,38.00,1,6,-1,-1
285,6,41.00,158.00,463.00,155.00,1,2,-1,-1
286,35,302.00,137.00,29.00,37.00,1,6,-1,-1
286,6,42.00,162.00,466.00,153.00,1,2,-1,-1
287,35,302.00,139.00,30.00,37.00,1,6,-1,-1
287,6,48.00,163.00,462.00,155.00,1,2,-1,-1
288,35,306.00,142.00,30.00,38.00,1,6,-1,-1
288,6,52.00,166.00,459.00,155.00,1,2,-1,-1
289,35,308.00,146.00,32.00,38.00,1,6,-1,-1
289,6,50.00,171.00,468.00,156.00,1,2,-1,-1
290,35,315.00,151.00,29.00,37.00,1,6,-1,-1
290,6,56.00,175.00,472.00,156.00,1,2,-1,-1
291,35,316.00,155.00,30.00,36.00,1,6,-1,-1
291,6,59.00,175.00,471.00,159.00,1,2,-1,-1
292,6,65.00,161.00,467.00,177.00,1,2,-1,-1
293,36,320.00,159.00,28.00,34.00,1,6,-1,-1
293,6,65.00,169.00,472.00,170.00,1,2,-1,-1
294,36,320.00,158.00,34.00,36.00,1,6,-1,-1
294,6,67.00,177.00,475.00,163.00,1,2,-1,-1
295,36,322.00,159.00,33.00,36.00,1,6,-1,-1
295,6,63.00,175.00,483.00,166.00,1,2,-1,-1
296,36,318.00,160.00,30.00,33.00,1,6,-1,-1
296,6,65.00,168.00,476.00,172.00,1,2,-1,-1
297,6,58.00,171.00,482.00,167.00,1,2,-1,-1
298,37,306.00,157.00,37.00,35.00,1,6,-1,-1
298,6,55.00,176.00,481.00,162.00,1,2,-1,-1
299,6,53.00,174.00,484.00,162.00,1,2,-1,-1
300,38,306.00,155.00,32.00,35.00,1,6,-1,-1
300,6,59.00,178.00,481.00,157.00,1,2,-1,-1
301,6,56.00,178.00,492.00,155.00,1,2,-1,-1
302,6,60.00,176.00,490.00,155.00,1,2,-1,-1
303,6,81.00,176.00,477.00,154.00,1,2,-1,-1
304,6,95.00,174.00,479.00,155.00,1,2,-1,-1
305,6,111.00,172.00,481.00,155.00,1,2,-1,-1
306,6,128.00,169.00,485.00,157.00,1,2,-1,-1
307,6,140.00,168.00,488.00,155.00,1,2,-1,-1
308,6,156.00,167.00,484.00,154.00,1,2,-1,-1
309,6,171.00,165.00,469.00,156.00,1,2,-1,-1
310,6,186.00,164.00,453.00,155.00,1,2,-1,-1
311,6,204.00,162.00,436.00,158.00,1,2,-1,-1
312,6,215.00,159.00,425.00,161.00,1,2,-1,-1
313,6,226.00,162.00,414.00,155.00,1,2,-1,-1
314,6,234.00,161.00,406.00,154.00,1,2,-1,-1
315,6,245.00,160.00,395.00,154.00,1,2,-1,-1
316,6,249.00,161.00,391.00,149.00,1,2,-1,-1
317,6,253.00,159.00,387.00,151.00,1,2,-1,-1
318,6,252.00,156.00,388.00,152.00,1,2,-1,-1
319,6,246.00,150.00,394.00,158.00,1,2,-1,-1
320,6,248.00,152.00,392.00,154.00,1,2,-1,-1
321,39,497.00,125.00,31.00,37.00,1,6,-1,-1
321,40,618.00,148.00,22.00,22.00,1,6,-1,-1
321,6,247.00,147.00,393.00,156.00,1,2,-1,-1
322,40,617.00,144.00,22.00,24.00,1,6,-1,-1
322,39,492.00,122.00,30.00,35.00,1,6,-1,-1
322,6,246.00,147.00,394.00,154.00,1,2,-1,-1
323,40,614.00,141.00,24.00,23.00,1,6,-1,-1
323,39,489.00,118.00,29.00,37.00,1,6,-1,-1
323,6,243.00,143.00,397.00,155.00,1,2,-1,-1
324,6,242.00,139.00,398.00,155.00,1,2,-1,-1
325,41,478.00,113.00,29.00,36.00,1,6,-1,-1
325,42,608.00,134.00,24.00,24.00,1,6,-1,-1
325,6,236.00,134.00,404.00,157.00,1,2,-1,-1
326,42,599.00,129.00,25.00,26.00,1,6,-1,-1
326,6,224.00,131.00,416.00,156.00,1,2,-1,-1
327,42,597.00,125.00,22.00,24.00,1,6,-1,-1
327,6,217.00,130.00,423.00,153.00,1,2,-1,-1
328,6,216.00,124.00,424.00,154.00,1,2,-1,-1
329,43,446.00,97.00,27.00,35.00,1,6,-1,-1
329,44,586.00,118.00,22.00,23.00,1,6,-1,-1
329,6,208.00,122.00,432.00,154.00,1,2,-1,-1
330,6,192.00,120.00,448.00,152.00,1,2,-1,-1
331,6,186.00,116.00,452.00,153.00,1,2,-1,-1
332,45,504.00,121.00,136.00,122.00,1,2,-1,-1
332,6,174.00,114.00,464.00,153.00,1,2,-1,-1
333,46,416.00,91.00,30.00,35.00,1,6,-1,-1
333,45,501.00,112.00,139.00,130.00,1,2,-1,-1
333,6,173.00,114.00,463.00,152.00,1,2,-1,-1
334,6,172.00,113.00,467.00,153.00,1,2,-1,-1
335,47,412.00,88.00,28.00,37.00,1,6,-1,-1
335,48,486.00,114.00,154.00,118.00,1,2,-1,-1
335,6,169.00,114.00,445.00,151.00,1,2,-1,-1
336,48,494.00,112.00,146.00,120.00,1,2,-1,-1
336,6,168.00,114.00,430.00,150.00,1,2,-1,-1
337,48,495.00,111.00,145.00,125.00,1,2,-1,-1
337,6,172.00,113.00,432.00,148.00,1,2,-1,-1
338,49,404.00,88.00,28.00,35.00,1,6,-1,-1
338,48,492.00,111.00,148.00,124.00,1,2,-1,-1
338,6,167.00,112.00,462.00,148.00,1,2,-1,-1
339,48,488.00,113.00,152.00,124.00,1,2,-1,-1
339,6,166.00,112.00,471.00,150.00,1,2,-1,-1
340,6,165.00,113.00,474.00,149.00,1,2,-1,-1
341,50,488.00,113.00,152.00,132.00,1,2,-1,-1
341,51,400.00,93.00,27.00,32.00,1,6,-1,-1
341,6,161.00,113.00,476.00,152.00,1,2,-1,-1
342,51,397.00,94.00,28.00,34.00,1,6,-1,-1
342,52,560.00,112.00,24.00,26.00,1,6,-1,-1
342,50,487.00,119.00,153.00,128.00,1,2,-1,-1
342,6,157.00,115.00,475.00,151.00,1,2,-1,-1
343,51,395.00,96.00,29.00,36.00,1,6,-1,-1
343,6,152.00,118.00,484.00,153.00,1,2,-1,-1
344,51,396.00,101.00,27.00,35.00,1,6,-1,-1
344,53,485.00,123.00,155.00,130.00,1,2,-1,-1
344,6,157.00,123.00,477.00,152.00,1,2,-1,-1
345,53,480.00,129.00,160.00,131.00,1,2,-1,-1
345,6,153.00,130.00,482.00,150.00,1,2,-1,-1
346,54,396.00,112.00,25.00,34.00,1,6,-1,-1
346,53,482.00,134.00,158.00,127.00,1,2,-1,-1
346,6,149.00,136.00,459.00,149.00,1,2,-1,-1
347,53,481.00,143.00,159.00,122.00,1,2,-1,-1
347,6,141.00,141.00,473.00,149.00,1,2,-1,-1
348,55,388.00,116.00,29.00,35.00,1,6,-1,-1
348,53,480.00,143.00,160.00,124.00,1,2,-1,-1
348,6,148.00,139.00,461.00,155.00,1,2,-1,-1
349,55,386.00,119.00,30.00,35.00,1,6,-1,-1
349,53,476.00,144.00,164.00,125.00,1,2,-1,-1
349,6,149.00,142.00,454.00,152.00,1,2,-1,-1
350,55,386.00,119.00,30.00,35.00,1,6,-1,-1
350,53,478.00,149.00,162.00,120.00,1,2,-1,-1
350,6,149.00,140.00,454.00,155.00,1,2,-1,-1
351,53,482.00,148.00,158.00,122.00,1,2,-1,-1
351,55,384.00,119.00,32.00,36.00,1,6,-1,-1
351,6,146.00,142.00,470.00,152.00,1,2,-1,-1
352,53,476.00,148.00,164.00,125.00,1,2,-1,-1
352,55,383.00,120.00,27.00,34.00,1,6,-1,-1
352,6,144.00,138.00,478.00,157.00,1,2,-1,-1
353,53,474.00,150.00,166.00,122.00,1,2,-1,-1
353,55,380.00,119.00,29.00,35.00,1,6,-1,-1
353,6,144.00,138.00,469.00,157.00,1,2,-1,-1
354,55,380.00,118.00,28.00,35.00,1,6,-1,-1
354,53,474.00,149.00,166.00,121.00,1,2,-1,-1
354,6,144.00,136.00,465.00,157.00,1,2,-1,-1
355,55,378.00,118.00,26.00,34.00,1,6,-1,-1
355,53,471.00,145.00,169.00,125.00,1,2,-1,-1
355,6,143.00,138.00,437.00,154.00,1,2,-1,-1
356,55,378.00,117.00,27.00,36.00,1,6,-1,-1
356,53,471.00,145.00,169.00,125.00,1,2,-1,-1
356,6,141.00,138.00,436.00,154.00,1,2,-1,-1
357,55,375.00,116.00,27.00,33.00,1,6,-1,-1
357,53,470.00,142.00,170.00,126.00,1,2,-1,-1
357,6,136.00,138.00,436.00,152.00,1,2,-1,-1
358,55,373.00,115.00,28.00,35.00,1,6,-1,-1
358,53,466.00,138.00,174.00,130.00,1,2,-1,-1
358,6,136.00,138.00,445.00,152.00,1,2,-1,-1
359,55,371.00,114.00,30.00,36.00,1,6,-1,-1
359,53,464.00,142.00,176.00,122.00,1,2,-1,-1
359,6,138.00,136.00,434.00,153.00,1,2,-1,-1
360,55,370.00,112.00,29.00,36.00,1,6,-1,-1
360,53,464.00,140.00,176.00,120.00,1,2,-1,-1
360,6,138.00,139.00,431.00,149.00,1,2,-1,-1
361,55,370.00,112.00,29.00,35.00,1,6,-1,-1
361,53,467.00,134.00,173.00,126.00,1,2,-1,-1
361,6,133.00,133.00,431.00,153.00,1,2,-1,-1
362,55,370.00,110.00,28.00,36.00,1,6,-1,-1
362,53,459.00,137.00,181.00,118.00,1,2,-1,-1
362,6,140.00,134.00,414.00,150.00,1,2,-1,-1
363,55,368.00,110.00,28.00,34.00,1,6,-1,-1
363,53,458.00,133.00,182.00,121.00,1,2,-1,-1
363,6,133.00,128.00,429.00,155.00,1,2,-1,-1
364,55,365.00,108.00,30.00,36.00,1,6,-1,-1
364,53,454.00,130.00,186.00,122.00,1,2,-1,-1
364,6,132.00,129.00,426.00,154.00,1,2,-1,-1
365,55,363.00,107.00,31.00,36.00,1,6,-1,-1
365,53,456.00,128.00,184.00,122.00,1,2,-1,-1
365,6,132.00,125.00,426.00,157.00,1,2,-1,-1
366,55,363.00,107.00,29.00,35.00,1,6,-1,-1
366,53,454.00,128.00,186.00,122.00,1,2,-1,-1
366,6,131.00,126.00,421.00,157.00,1,2,-1,-1
367,55,362.00,107.00,28.00,34.00,1,6,-1,-1
367,53,453.00,128.00,187.00,122.00,1,2,-1,-1
367,6,129.00,125.00,425.00,157.00,1,2,-1,-1
368,55,360.00,107.00,29.00,34.00,1,6,-1,-1
368,53,452.00,128.00,188.00,122.00,1,2,-1,-1
368,6,130.00,131.00,425.00,150.00,1,2,-1,-1
369,55,359.00,104.00,29.00,36.00,1,6,-1,-1
369,53,466.00,126.00,174.00,124.00,1,2,-1,-1
369,6,124.00,125.00,424.00,154.00,1,2,-1,-1
370,55,356.00,105.00,32.00,35.00,1,6,-1,-1
370,53,471.00,126.00,169.00,124.00,1,2,-1,-1
370,6,123.00,125.00,417.00,155.00,1,2,-1,-1
371,55,355.00,105.00,30.00,35.00,1,6,-1,-1
371,53,475.00,127.00,165.00,123.00,1,2,-1,-1
371,6,122.00,128.00,418.00,152.00,1,2,-1,-1
372,55,355.00,105.00,30.00,35.00,1,6,-1,-1
372,53,476.00,125.00,164.00,125.00,1,2,-1,-1
372,6,123.00,129.00,426.00,150.00,1,2,-1,-1
373,55,354.00,105.00,30.00,34.00,1,6,-1,-1
373,53,476.00,123.00,164.00,126.00,1,2,-1,-1
373,6,121.00,125.00,424.00,154.00,1,2,-1,-1
374,55,351.00,104.00,31.00,36.00,1,6,-1,-1
374,53,478.00,124.00,162.00,122.00,1,2,-1,-1
374,6,120.00,127.00,420.00,152.00,1,2,-1,-1
375,55,348.00,104.00,33.00,35.00,1,6,-1,-1
375,53,479.00,124.00,161.00,124.00,1,2,-1,-1
375,6,119.00,124.00,422.00,154.00,1,2,-1,-1
376,55,348.00,103.00,31.00,35.00,1,6,-1,-1
376,53,478.00,123.00,162.00,124.00,1,2,-1,-1
376,6,119.00,124.00,417.00,153.00,1,2,-1,-1
377,55,348.00,102.00,31.00,35.00,1,6,-1,-1
377,53,481.00,122.00,159.00,126.00,1,2,-1,-1
377,6,120.00,120.00,421.00,156.00,1,2,-1,-1
378,55,350.00,103.00,28.00,35.00,1,6,-1,-1
378,53,484.00,125.00,156.00,122.00,1,2,-1,-1
378,6,119.00,125.00,415.00,151.00,1,2,-1,-1
379,55,349.00,103.00,29.00,34.00,1,6,-1,-1
379,53,482.00,122.00,158.00,126.00,1,2,-1,-1
379,6,120.00,126.00,417.00,151.00,1,2,-1,-1
380,55,349.00,103.00,29.00,33.00,1,6,-1,-1
380,53,486.00,123.00,154.00,125.00,1,2,-1,-1
380,6,120.00,124.00,420.00,153.00,1,2,-1,-1
381,53,494.00,121.00,146.00,125.00,1,2,-1,-1
381,55,350.00,102.00,29.00,34.00,1,6,-1,-1
381,6,119.00,123.00,424.00,153.00,1,2,-1,-1
382,55,350.00,102.00,30.00,33.00,1,6,-1,-1
382,53,496.00,120.00,144.00,126.00,1,2,-1,-1
382,6,122.00,122.00,423.00,152.00,1,2,-1,-1
383,55,355.00,100.00,27.00,34.00,1,6,-1,-1
383,53,497.00,120.00,143.00,123.00,1,2,-1,-1
383,6,128.00,118.00,422.00,156.00,1,2,-1,-1
384,55,358.00,100.00,26.00,34.00,1,6,-1,-1
384,53,504.00,119.00,136.00,125.00,1,2,-1,-1
384,6,125.00,122.00,423.00,152.00,1,2,-1,-1
385,55,360.00,100.00,26.00,34.00,1,6,-1,-1
385,53,509.00,118.00,131.00,125.00,1,2,-1,-1
385,6,130.00,120.00,422.00,153.00,1,2,-1,-1
386,55,362.00,98.00,30.00,34.00,1,6,-1,-1
386,53,514.00,115.00,126.00,128.00,1,2,-1,-1
386,6,136.00,120.00,416.00,152.00,1,2,-1,-1
387,55,366.00,97.00,25.00,35.00,1,6,-1,-1
387,53,520.00,115.00,120.00,129.00,1,2,-1,-1
387,6,140.00,105.00,412.00,165.00,1,2,-1,-1
388,55,368.00,95.00,25.00,35.00,1,6,-1,-1
388,53,523.00,112.00,117.00,129.00,1,2,-1,-1
388,6,139.00,108.00,415.00,160.00,1,2,-1,-1
389,55,371.00,96.00,25.00,34.00,1,6,-1,-1
389,53,525.00,110.00,115.00,131.00,1,2,-1,-1
389,6,143.00,107.00,418.00,163.00,1,2,-1,-1
390,53,532.00,110.00,108.00,129.00,1,2,-1,-1
390,6,148.00,100.00,413.00,168.00,1,2,-1,-1
391,53,534.00,112.00,106.00,126.00,1,2,-1,-1
391,6,149.00,104.00,416.00,163.00,1,2,-1,-1
392,53,540.00,100.00,100.00,139.00,1,2,-1,-1
392,6,151.00,99.00,414.00,167.00,1,2,-1,-1
393,56,376.00,92.00,32.00,35.00,1,6,-1,-1
393,53,539.00,95.00,101.00,145.00,1,2,-1,-1
393,6,154.00,110.00,413.00,155.00,1,2,-1,-1
394,56,378.00,91.00,28.00,34.00,1,6,-1,-1
394,53,546.00,96.00,94.00,144.00,1,2,-1,-1
394,6,154.00,107.00,414.00,156.00,1,2,-1,-1
395,53,549.00,93.00,91.00,143.00,1,2,-1,-1
395,6,152.00,110.00,412.00,153.00,1,2,-1,-1
396,57,379.00,89.00,28.00,35.00,1,6,-1,-1
396,53,551.00,91.00,89.00,146.00,1,2,-1,-1
396,6,154.00,111.00,413.00,151.00,1,2,-1,-1
397,57,378.00,88.00,28.00,36.00,1,6,-1,-1
397,53,550.00,88.00,90.00,149.00,1,2,-1,-1
397,6,152.00,114.00,412.00,148.00,1,2,-1,-1
398,57,373.00,88.00,32.00,35.00,1,6,-1,-1
398,53,548.00,85.00,92.00,150.00,1,2,-1,-1
398,6,150.00,111.00,410.00,149.00,1,2,-1,-1
399,53,548.00,89.00,92.00,145.00,1,2,-1,-1
399,6,146.00,113.00,411.00,146.00,1,2,-1,-1
400,53,546.00,96.00,94.00,136.00,1,2,-1,-1
400,6,142.00,110.00,414.00,148.00,1,2,-1,-1
401,53,539.00,91.00,101.00,139.00,1,2,-1,-1
401,6,137.00,109.00,415.00,148.00,1,2,-1,-1
402,53,536.00,93.00,104.00,138.00,1,2,-1,-1
402,6,133.00,107.00,417.00,150.00,1,2,-1,-1
403,53,532.00,92.00,108.00,138.00,1,2,-1,-1
403,6,130.00,105.00,412.00,152.00,1,2,-1,-1
404,53,530.00,94.00,110.00,135.00,1,2,-1,-1
404,6,128.00,104.00,412.00,152.00,1,2,-1,-1
405,58,348.00,84.00,30.00,32.00,1,6,-1,-1
405,53,526.00,98.00,114.00,129.00,1,2,-1,-1
405,6,126.00,102.00,409.00,153.00,1,2,-1,-1
406,58,345.00,82.00,30.00,35.00,1,6,-1,-1
406,53,520.00,98.00,120.00,129.00,1,2,-1,-1
406,6,125.00,102.00,413.00,152.00,1,2,-1,-1
407,58,346.00,80.00,30.00,36.00,1,6,-1,-1
407,53,524.00,93.00,116.00,134.00,1,2,-1,-1
407,6,122.00,102.00,418.00,151.00,1,2,-1,-1
408,53,522.00,96.00,118.00,132.00,1,2,-1,-1
408,6,122.00,102.00,422.00,151.00,1,2,-1,-1
409,53,521.00,97.00,119.00,131.00,1,2,-1,-1
409,6,121.00,102.00,421.00,152.00,1,2,-1,-1
410,53,467.00,101.00,172.00,128.00,1,2,-1,-1
410,6,120.00,104.00,425.00,151.00,1,2,-1,-1
411,53,459.00,102.00,180.00,127.00,1,2,-1,-1
411,6,122.00,106.00,421.00,149.00,1,2,-1,-1
412,53,440.00,102.00,200.00,131.00,1,2,-1,-1
412,6,126.00,109.00,416.00,147.00,1,2,-1,-1
413,53,442.00,107.00,198.00,127.00,1,2,-1,-1
413,6,122.00,111.00,418.00,147.00,1,2,-1,-1
414,53,451.00,105.00,189.00,132.00,1,2,-1,-1
414,6,128.00,112.00,414.00,147.00,1,2,-1,-1
415,53,455.00,108.00,185.00,130.00,1,2,-1,-1
415,6,133.00,113.00,406.00,147.00,1,2,-1,-1
416,53,457.00,120.00,183.00,117.00,1,2,-1,-1
416,6,132.00,110.00,409.00,152.00,1,2,-1,-1
417,53,456.00,120.00,184.00,118.00,1,2,-1,-1
417,6,131.00,112.00,413.00,152.00,1,2,-1,-1
418,53,462.00,120.00,178.00,119.00,1,2,-1,-1
418,6,134.00,112.00,408.00,153.00,1,2,-1,-1
419,53,464.00,118.00,176.00,123.00,1,2,-1,-1
419,6,134.00,114.00,397.00,152.00,1,2,-1,-1
420,53,473.00,120.00,167.00,120.00,1,2,-1,-1
420,6,135.00,112.00,409.00,152.00,1,2,-1,-1
421,53,465.00,124.00,175.00,113.00,1,2,-1,-1
421,6,132.00,116.00,411.00,149.00,1,2,-1,-1
422,53,466.00,125.00,174.00,111.00,1,2,-1,-1
422,6,132.00,115.00,410.00,149.00,1,2,-1,-1
423,59,354.00,93.00,28.00,33.00,1,6,-1,-1
423,53,467.00,123.00,173.00,113.00,1,2,-1,-1
423,6,132.00,115.00,410.00,149.00,1,2,-1,-1
424,59,352.00,95.00,28.00,33.00,1,6,-1,-1
424,53,472.00,124.00,168.00,112.00,1,2,-1,-1
424,6,131.00,114.00,407.00,150.00,1,2,-1,-1
425,59,348.00,95.00,32.00,32.00,1,6,-1,-1
425,53,472.00,125.00,168.00,109.00,1,2,-1,-1
425,6,130.00,114.00,402.00,149.00,1,2,-1,-1
426,53,474.00,127.00,166.00,107.00,1,2,-1,-1
426,6,127.00,116.00,408.00,148.00,1,2,-1,-1
427,60,345.00,92.00,31.00,35.00,1,6,-1,-1
427,53,475.00,126.00,165.00,108.00,1,2,-1,-1
427,6,129.00,116.00,407.00,148.00,1,2,-1,-1
428,53,479.00,127.00,161.00,106.00,1,2,-1,-1
428,6,127.00,115.00,407.00,149.00,1,2,-1,-1
429,61,342.00,94.00,30.00,32.00,1,6,-1,-1
429,53,480.00,126.00,160.00,106.00,1,2,-1,-1
429,6,125.00,115.00,405.00,149.00,1,2,-1,-1
430,53,481.00,125.00,159.00,105.00,1,2,-1,-1
430,6,124.00,117.00,402.00,145.00,1,2,-1,-1
431,53,480.00,122.00,160.00,109.00,1,2,-1,-1
431,6,122.00,113.00,393.00,149.00,1,2,-1,-1
432,62,334.00,90.00,30.00,33.00,1,6,-1,-1
432,53,484.00,124.00,156.00,108.00,1,2,-1,-1
432,6,121.00,111.00,396.00,149.00,1,2,-1,-1
433,62,332.00,86.00,34.00,36.00,1,6,-1,-1
433,53,485.00,123.00,155.00,107.00,1,2,-1,-1
433,6,121.00,112.00,395.00,147.00,1,2,-1,-1
434,53,483.00,122.00,157.00,108.00,1,2,-1,-1
434,6,115.00,112.00,403.00,144.00,1,2,-1,-1
435,63,330.00,83.00,30.00,35.00,1,6,-1,-1
435,6,116.00,104.00,405.00,150.00,1,2,-1,-1
435,53,487.00,119.00,153.00,110.00,1,2,-1,-1
436,63,327.00,82.00,31.00,35.00,1,6,-1,-1
436,6,115.00,108.00,405.00,146.00,1,2,-1,-1
436,53,486.00,119.00,154.00,109.00,1,2,-1,-1
437,53,488.00,120.00,152.00,107.00,1,2,-1,-1
437,6,113.00,106.00,403.00,146.00,1,2,-1,-1
438,64,326.00,80.00,32.00,35.00,1,6,-1,-1
438,53,490.00,119.00,150.00,107.00,1,2,-1,-1
438,6,113.00,105.00,402.00,147.00,1,2,-1,-1
439,64,324.00,80.00,32.00,35.00,1,6,-1,-1
439,53,492.00,113.00,148.00,112.00,1,2,-1,-1
439,6,112.00,104.00,403.00,147.00,1,2,-1,-1
440,64,324.00,79.00,31.00,34.00,1,6,-1,-1
440,53,493.00,110.00,147.00,116.00,1,2,-1,-1
440,6,112.00,103.00,403.00,147.00,1,2,-1,-1
441,53,491.00,110.00,149.00,118.00,1,2,-1,-1
441,6,106.00,95.00,404.00,157.00,1,2,-1,-1
442,53,505.00,110.00,135.00,110.00,1,2,-1,-1
442,6,117.00,105.00,401.00,145.00,1,2,-1,-1
443,53,507.00,107.00,133.00,112.00,1,2,-1,-1
443,6,119.00,103.00,402.00,146.00,1,2,-1,-1
444,53,513.00,106.00,127.00,115.00,1,2,-1,-1
444,6,120.00,101.00,402.00,147.00,1,2,-1,-1
445,65,332.00,72.00,32.00,36.00,1,6,-1,-1
445,53,515.00,105.00,125.00,113.00,1,2,-1,-1
445,6,122.00,98.00,400.00,148.00,1,2,-1,-1
446,53,521.00,107.00,119.00,106.00,1,2,-1,-1
446,6,120.00,89.00,404.00,153.00,1,2,-1,-1
447,66,336.00,66.00,34.00,36.00,1,6,-1,-1
447,53,525.00,103.00,115.00,106.00,1,2,-1,-1
447,6,124.00,91.00,402.00,148.00,1,2,-1,-1
448,66,338.00,64.00,30.00,33.00,1,6,-1,-1
448,53,526.00,97.00,114.00,106.00,1,2,-1,-1
448,6,125.00,88.00,400.00,148.00,1,2,-1,-1
449,66,340.00,61.00,29.00,32.00,1,6,-1,-1
449,53,527.00,90.00,113.00,112.00,1,2,-1,-1
449,6,128.00,84.00,398.00,150.00,1,2,-1,-1
450,53,532.00,87.00,108.00,113.00,1,2,-1,-1
450,6,128.00,83.00,398.00,147.00,1,2,-1,-1
451,67,342.00,49.00,28.00,33.00,1,6,-1,-1
451,53,532.00,83.00,108.00,111.00,1,2,-1,-1
451,6,129.00,75.00,400.00,147.00,1,2,-1,-1
452,67,341.00,45.00,27.00,32.00,1,6,-1,-1
452,53,540.00,74.00,100.00,114.00,1,2,-1,-1
452,6,130.00,67.00,396.00,150.00,1,2,-1,-1
453,67,336.00,41.00,32.00,33.00,1,6,-1,-1
453,53,536.00,72.00,104.00,110.00,1,2,-1,-1
453,6,127.00,64.00,397.00,150.00,1,2,-1,-1
454,67,337.00,38.00,28.00,35.00,1,6,-1,-1
454,53,537.00,66.00,103.00,113.00,1,2,-1,-1
454,6,125.00,62.00,399.00,148.00,1,2,-1,-1
455,67,336.00,36.00,27.00,33.00,1,6,-1,-1
455,53,540.00,67.00,100.00,111.00,1,2,-1,-1
455,6,124.00,59.00,399.00,150.00,1,2,-1,-1
456,67,332.00,34.00,28.00,34.00,1,6,-1,-1
456,53,538.00,69.00,102.00,106.00,1,2,-1,-1
456,6,119.00,59.00,401.00,147.00,1,2,-1,-1
457,67,329.00,32.00,28.00,34.00,1,6,-1,-1
457,53,535.00,69.00,105.00,104.00,1,2,-1,-1
457,6,118.00,51.00,398.00,153.00,1,2,-1,-1
458,67,323.00,32.00,29.00,35.00,1,6,-1,-1
458,53,532.00,65.00,108.00,107.00,1,2,-1,-1
458,6,112.00,57.00,398.00,147.00,1,2,-1,-1
459,67,321.00,31.00,25.00,35.00,1,6,-1,-1
459,53,532.00,62.00,108.00,111.00,1,2,-1,-1
459,6,104.00,55.00,402.00,147.00,1,2,-1,-1
460,67,315.00,32.00,30.00,35.00,1,6,-1,-1
460,53,531.00,61.00,109.00,111.00,1,2,-1,-1
460,6,103.00,54.00,401.00,148.00,1,2,-1,-1
461,67,314.00,32.00,30.00,35.00,1,6,-1,-1
461,53,532.00,60.00,108.00,113.00,1,2,-1,-1
461,6,101.00,56.00,399.00,146.00,1,2,-1,-1
462,67,314.00,31.00,27.00,35.00,1,6,-1,-1
462,53,534.00,60.00,106.00,114.00,1,2,-1,-1
462,6,100.00,51.00,398.00,151.00,1,2,-1,-1
463,67,311.00,31.00,28.00,35.00,1,6,-1,-1
463,53,532.00,60.00,108.00,114.00,1,2,-1,-1
463,6,98.00,52.00,398.00,150.00,1,2,-1,-1
464,67,309.00,31.00,30.00,34.00,1,6,-1,-1
464,53,534.00,60.00,106.00,113.00,1,2,-1,-1
464,6,98.00,52.00,398.00,149.00,1,2,-1,-1
465,53,536.00,60.00,104.00,114.00,1,2,-1,-1
465,6,96.00,53.00,398.00,148.00,1,2,-1,-1
466,68,306.00,32.00,32.00,34.00,1,6,-1,-1
466,53,539.00,59.00,101.00,114.00,1,2,-1,-1
466,6,97.00,53.00,397.00,148.00,1,2,-1,-1
467,53,541.00,59.00,99.00,113.00,1,2,-1,-1
467,6,97.00,53.00,397.00,149.00,1,2,-1,-1
468,53,544.00,63.00,96.00,111.00,1,2,-1,-1
468,6,98.00,50.00,398.00,153.00,1,2,-1,-1
469,69,310.00,34.00,32.00,34.00,1,6,-1,-1
469,53,547.00,62.00,93.00,111.00,1,2,-1,-1
469,6,101.00,55.00,397.00,148.00,1,2,-1,-1
470,69,317.00,34.00,27.00,34.00,1,6,-1,-1
470,53,553.00,63.00,87.00,109.00,1,2,-1,-1
470,6,104.00,57.00,395.00,147.00,1,2,-1,-1
471,69,319.00,35.00,27.00,34.00,1,6,-1,-1
471,53,558.00,64.00,82.00,118.00,1,2,-1,-1
471,6,108.00,56.00,395.00,148.00,1,2,-1,-1
472,69,320.00,35.00,29.00,36.00,1,6,-1,-1
472,53,563.00,64.00,77.00,125.00,1,2,-1,-1
472,6,110.00,58.00,396.00,147.00,1,2,-1,-1
473,69,322.00,37.00,29.00,35.00,1,6,-1,-1
473,53,569.00,70.00,71.00,112.00,1,2,-1,-1
473,6,110.00,60.00,398.00,146.00,1,2,-1,-1
474,53,572.00,69.00,68.00,117.00,1,2,-1,-1
474,6,110.00,55.00,402.00,153.00,1,2,-1,-1
475,53,576.00,74.00,64.00,102.00,1,2,-1,-1
475,6,117.00,61.00,394.00,147.00,1,2,-1,-1
476,53,580.00,74.00,60.00,104.00,1,2,-1,-1
476,6,118.00,58.00,396.00,152.00,1,2,-1,-1
477,70,332.00,42.00,28.00,34.00,1,6,-1,-1
477,53,586.00,69.00,54.00,116.00,1,2,-1,-1
477,6,121.00,59.00,395.00,152.00,1,2,-1,-1
478,70,332.00,44.00,29.00,34.00,1,6,-1,-1
478,53,588.00,68.00,52.00,129.00,1,2,-1,-1
478,6,119.00,62.00,397.00,150.00,1,2,-1,-1
479,53,591.00,68.00,49.00,132.00,1,2,-1,-1
479,6,119.00,58.00,397.00,155.00,1,2,-1,-1
480,53,590.00,64.00,50.00,143.00,1,2,-1,-1
480,6,119.00,59.00,396.00,155.00,1,2,-1,-1
481,53,591.00,71.00,49.00,131.00,1,2,-1,-1
481,71,331.00,47.00,30.00,34.00,1,6,-1,-1
481,6,119.00,64.00,394.00,152.00,1,2,-1,-1
482,53,591.00,71.00,49.00,132.00,1,2,-1,-1
482,71,330.00,47.00,30.00,35.00,1,6,-1,-1
482,6,118.00,68.00,393.00,148.00,1,2,-1,-1
483,53,589.00,77.00,51.00,119.00,1,2,-1,-1
483,71,324.00,48.00,30.00,36.00,1,6,-1,-1
483,6,115.00,68.00,393.00,149.00,1,2,-1,-1
484,71,322.00,50.00,31.00,35.00,1,6,-1,-1
484,53,589.00,84.00,51.00,114.00,1,2,-1,-1
484,6,111.00,71.00,393.00,148.00,1,2,-1,-1
485,71,316.00,52.00,34.00,36.00,1,6,-1,-1
485,53,588.00,85.00,52.00,117.00,1,2,-1,-1
485,6,107.00,75.00,393.00,146.00,1,2,-1,-1
486,71,316.00,54.00,30.00,34.00,1,6,-1,-1
486,53,587.00,88.00,53.00,108.00,1,2,-1,-1
486,6,106.00,76.00,390.00,147.00,1,2,-1,-1
487,71,312.00,56.00,30.00,34.00,1,6,-1,-1
487,53,586.00,89.00,54.00,108.00,1,2,-1,-1
487,6,103.00,77.00,391.00,147.00,1,2,-1,-1
488,71,309.00,57.00,29.00,35.00,1,6,-1,-1
488,53,586.00,87.00,54.00,114.00,1,2,-1,-1
488,6,102.00,77.00,389.00,149.00,1,2,-1,-1
489,71,308.00,60.00,30.00,34.00,1,6,-1,-1
489,53,586.00,90.00,54.00,116.00,1,2,-1,-1
489,6,100.00,84.00,389.00,144.00,1,2,-1,-1
490,71,306.00,63.00,30.00,34.00,1,6,-1,-1
490,53,588.00,90.00,52.00,127.00,1,2,-1,-1
490,6,98.00,82.00,391.00,148.00,1,2,-1,-1
491,53,589.00,94.00,51.00,122.00,1,2,-1,-1
491,71,306.00,64.00,31.00,35.00,1,6,-1,-1
491,6,94.00,82.00,394.00,150.00,1,2,-1,-1
492,53,593.00,94.00,47.00,124.00,1,2,-1,-1
492,71,306.00,65.00,31.00,36.00,1,6,-1,-1
492,6,93.00,84.00,395.00,149.00,1,2,-1,-1
493,53,596.00,110.00,44.00,100.00,1,2,-1,-1
493,71,306.00,65.00,31.00,35.00,1,6,-1,-1
493,6,95.00,85.00,395.00,148.00,1,2,-1,-1
494,71,308.00,66.00,30.00,34.00,1,6,-1,-1
494,6,94.00,87.00,398.00,146.00,1,2,-1,-1
495,71,309.00,69.00,33.00,34.00,1,6,-1,-1
495,6,98.00,89.00,398.00,146.00,1,2,-1,-1
496,71,315.00,72.00,30.00,34.00,1,6,-1,-1
496,6,95.00,92.00,401.00,147.00,1,2,-1,-1
497,71,316.00,72.00,30.00,35.00,1,6,-1,-1
497,6,89.00,92.00,411.00,148.00,1,2,-1,-1
498,71,320.00,72.00,28.00,34.00,1,6,-1,-1
498,6,100.00,90.00,404.00,150.00,1,2,-1,-1
499,71,322.00,71.00,30.00,34.00,1,6,-1,-1
499,6,99.00,91.00,407.00,148.00,1,2,-1,-1
500,71,322.00,70.00,32.00,34.00,1,6,-1,-1
500,6,96.00,89.00,410.00,148.00,1,2,-1,-1
501,71,322.00,69.00,28.00,35.00,1,6,-1,-1
501,6,98.00,91.00,410.00,145.00,1,2,-1,-1
502,71,320.00,71.00,28.00,35.00,1,6,-1,-1
502,6,97.00,91.00,410.00,146.00,1,2,-1,-1
503,71,316.00,75.00,28.00,33.00,1,6,-1,-1
503,6,91.00,96.00,412.00,145.00,1,2,-1,-1
504,71,308.00,82.00,28.00,34.00,1,6,-1,-1
504,6,82.00,102.00,410.00,146.00,1,2,-1,-1
505,71,304.00,87.00,26.00,34.00,1,6,-1,-1
505,6,75.00,107.00,415.00,145.00,1,2,-1,-1
506,71,300.00,88.00,28.00,36.00,1,6,-1,-1
506,6,71.00,110.00,415.00,146.00,1,2,-1,-1
507,71,294.00,90.00,29.00,34.00,1,6,-1,-1
507,6,66.00,112.00,415.00,146.00,1,2,-1,-1
508,71,287.00,92.00,29.00,36.00,1,6,-1,-1
508,6,59.00,114.00,415.00,145.00,1,2,-1,-1
509,72,614.00,134.00,26.00,71.00,1,2,-1,-1
509,71,277.00,98.00,30.00,35.00,1,6,-1,-1
509,6,45.00,118.00,419.00,145.00,1,2,-1,-1
510,72,612.00,138.00,28.00,71.00,1,2,-1,-1
510,71,271.00,104.00,31.00,36.00,1,6,-1,-1
510,6,43.00,125.00,415.00,145.00,1,2,-1,-1
511,72,613.00,148.00,27.00,66.00,1,2,-1,-1
511,71,269.00,107.00,30.00,37.00,1,6,-1,-1
511,6,40.00,131.00,416.00,143.00,1,2,-1,-1
512,72,616.00,147.00,24.00,69.00,1,2,-1,-1
512,71,269.00,110.00,30.00,35.00,1,6,-1,-1
512,6,37.00,132.00,418.00,144.00,1,2,-1,-1
513,72,618.00,150.00,22.00,66.00,1,2,-1,-1
513,71,268.00,112.00,30.00,36.00,1,6,-1,-1
513,6,38.00,134.00,417.00,144.00,1,2,-1,-1
514,71,266.00,117.00,30.00,35.00,1,6,-1,-1
514,6,36.00,138.00,416.00,144.00,1,2,-1,-1
515,71,267.00,119.00,28.00,35.00,1,6,-1,-1
515,6,24.00,141.00,428.00,144.00,1,2,-1,-1
516,71,269.00,119.00,29.00,36.00,1,6,-1,-1
516,6,35.00,142.00,421.00,143.00,1,2,-1,-1
517,71,276.00,119.00,26.00,36.00,1,6,-1,-1
517,6,39.00,143.00,421.00,142.00,1,2,-1,-1
518,6,41.00,142.00,421.00,142.00,1,2,-1,-1
519,73,282.00,115.00,26.00,35.00,1,6,-1,-1
519,6,50.00,138.00,418.00,144.00,1,2,-1,-1
520,6,45.00,128.00,425.00,153.00,1,2,-1,-1
521,6,47.00,131.00,425.00,147.00,1,2,-1,-1
522,6,48.00,128.00,424.00,146.00,1,2,-1,-1
523,6,49.00,127.00,424.00,145.00,1,2,-1,-1
524,6,51.00,125.00,425.00,144.00,1,2,-1,-1
525,6,52.00,122.00,424.00,146.00,1,2,-1,-1
526,6,50.00,103.00,422.00,161.00,1,2,-1,-1
527,6,47.00,117.00,421.00,145.00,1,2,-1,-1
528,6,49.00,116.00,416.00,140.00,1,2,-1,-1
529,6,47.00,114.00,415.00,138.00,1,2,-1,-1
530,6,30.00,109.00,424.00,141.00,1,2,-1,-1
531,6,27.00,109.00,421.00,140.00,1,2,-1,-1
532,6,29.00,103.00,415.00,145.00,1,2,-1,-1
533,6,28.00,101.00,416.00,142.00,1,2,-1,-1
534,74,256.00,72.00,30.00,35.00,1,6,-1,-1
534,6,29.00,92.00,411.00,146.00,1,2,-1,-1
535,6,25.00,90.00,414.00,146.00,1,2,-1,-1
536,6,15.00,92.00,421.00,143.00,1,2,-1,-1
537,75,248.00,69.00,32.00,34.00,1,6,-1,-1
537,6,24.00,93.00,411.00,141.00,1,2,-1,-1
538,75,248.00,68.00,32.00,34.00,1,6,-1,-1
538,6,16.00,92.00,418.00,140.00,1,2,-1,-1
539,75,253.00,63.00,33.00,33.00,1,6,-1,-1
539,6,21.00,85.00,415.00,143.00,1,2,-1,-1
540,75,254.00,62.00,32.00,33.00,1,6,-1,-1
540,6,23.00,84.00,417.00,142.00,1,2,-1,-1
541,75,254.00,64.00,33.00,34.00,1,6,-1,-1
541,6,25.00,87.00,415.00,141.00,1,2,-1,-1
542,6,28.00,94.00,413.00,140.00,1,2,-1,-1
543,6,34.00,100.00,408.00,137.00,1,2,-1,-1
544,6,41.00,100.00,403.00,139.00,1,2,-1,-1
545,76,271.00,80.00,26.00,32.00,1,6,-1,-1
545,6,44.00,102.00,404.00,136.00,1,2,-1,-1
546,6,53.00,106.00,399.00,134.00,1,2,-1,-1
547,6,59.00,111.00,393.00,130.00,1,2,-1,-1
548,6,64.00,114.00,388.00,130.00,1,2,-1,-1
549,6,64.00,116.00,386.00,132.00,1,2,-1,-1
550,6,68.00,124.00,384.00,129.00,1,2,-1,-1
551,77,278.00,108.00,30.00,30.00,1,6,-1,-1
551,6,69.00,131.00,377.00,126.00,1,2,-1,-1
552,77,278.00,113.00,29.00,30.00,1,6,-1,-1
552,6,72.00,136.00,372.00,123.00,1,2,-1,-1
553,6,71.00,135.00,369.00,125.00,1,2,-1,-1
554,78,276.00,116.00,25.00,28.00,1,6,-1,-1
554,6,72.00,136.00,366.00,124.00,1,2,-1,-1
555,6,71.00,140.00,362.00,120.00,1,2,-1,-1
556,6,67.00,135.00,359.00,129.00,1,2,-1,-1
557,79,262.00,124.00,25.00,29.00,1,6,-1,-1
557,6,66.00,138.00,354.00,126.00,1,2,-1,-1
558,6,67.00,144.00,349.00,117.00,1,2,-1,-1
559,6,66.00,144.00,348.00,115.00,1,2,-1,-1
560,6,68.00,140.00,344.00,113.00,1,2,-1,-1
561,6,72.00,134.00,338.00,113.00,1,2,-1,-1
562,6,74.00,133.00,334.00,111.00,1,2,-1,-1
563,80,253.00,111.00,30.00,29.00,1,6,-1,-1
563,6,78.00,132.00,329.00,110.00,1,2,-1,-1
564,6,82.00,135.00,323.00,106.00,1,2,-1,-1
565,6,90.00,133.00,318.00,107.00,1,2,-1,-1
566,6,92.00,134.00,316.00,106.00,1,2,-1,-1
567,6,97.00,135.00,309.00,106.00,1,2,-1,-1
568,6,98.00,139.00,307.00,104.00,1,2,-1,-1
569,6,101.00,142.00,301.00,102.00,1,2,-1,-1
570,6,101.00,147.00,299.00,99.00,1,2,-1,-1
571,6,102.00,146.00,294.00,102.00,1,2,-1,-1
572,6,101.00,146.00,292.00,105.00,1,2,-1,-1
573,6,104.00,150.00,282.00,102.00,1,2,-1,-1
574,6,102.00,158.00,282.00,95.00,1,2,-1,-1
575,6,102.00,160.00,278.00,92.00,1,2,-1,-1
576,81,610.00,162.00,30.00,86.00,1,2,-1,-1
576,6,101.00,163.00,275.00,90.00,1,2,-1,-1
577,81,605.00,162.00,35.00,74.00,1,2,-1,-1
577,6,102.00,165.00,268.00,89.00,1,2,-1,-1
578,81,602.00,160.00,38.00,71.00,1,2,-1,-1
578,6,100.00,165.00,268.00,88.00,1,2,-1,-1
579,81,597.00,163.00,43.00,65.00,1,2,-1,-1
579,6,106.00,164.00,260.00,87.00,1,2,-1,-1
580,81,592.00,161.00,48.00,69.00,1,2,-1,-1
580,6,106.00,164.00,256.00,84.00,1,2,-1,-1
581,81,588.00,158.00,52.00,67.00,1,2,-1,-1
581,6,107.00,162.00,254.00,84.00,1,2,-1,-1
582,81,585.00,163.00,55.00,61.00,1,2,-1,-1
582,6,112.00,164.00,250.00,82.00,1,2,-1,-1
583,81,581.00,163.00,59.00,60.00,1,2,-1,-1
583,6,113.00,167.00,245.00,79.00,1,2,-1,-1
584,81,580.00,163.00,60.00,60.00,1,2,-1,-1
584,6,119.00,166.00,239.00,79.00,1,2,-1,-1
585,81,577.00,163.00,63.00,62.00,1,2,-1,-1
585,6,122.00,166.00,236.00,77.00,1,2,-1,-1
586,81,574.00,164.00,66.00,60.00,1,2,-1,-1
586,6,127.00,168.00,230.00,75.00,1,2,-1,-1
587,81,571.00,169.00,69.00,57.00,1,2,-1,-1
587,6,128.00,170.00,227.00,74.00,1,2,-1,-1
588,81,569.00,174.00,71.00,52.00,1,2,-1,-1
588,6,134.00,172.00,221.00,74.00,1,2,-1,-1
589,81,569.00,176.00,71.00,53.00,1,2,-1,-1
589,6,138.00,178.00,219.00,69.00,1,2,-1,-1
590,81,567.00,184.00,73.00,47.00,1,2,-1,-1
590,6,142.00,182.00,214.00,70.00,1,2,-1,-1
591,81,562.00,185.00,78.00,51.00,1,2,-1,-1
591,6,145.00,185.00,209.00,71.00,1,2,-1,-1
592,81,563.00,189.00,77.00,50.00,1,2,-1,-1
592,6,143.00,188.00,211.00,68.00,1,2,-1,-1
593,81,559.00,189.00,81.00,50.00,1,2,-1,-1
593,6,148.00,190.00,205.00,66.00,1,2,-1,-1
594,81,560.00,188.00,80.00,50.00,1,2,-1,-1
594,6,150.00,188.00,204.00,68.00,1,2,-1,-1
595,81,561.00,186.00,79.00,49.00,1,2,-1,-1
595,6,149.00,185.00,204.00,68.00,1,2,-1,-1
596,81,563.00,181.00,77.00,50.00,1,2,-1,-1
596,6,151.00,184.00,204.00,66.00,1,2,-1,-1
597,81,565.00,178.00,75.00,50.00,1,2,-1,-1
597,6,150.00,180.00,203.00,66.00,1,2,-1,-1
598,81,565.00,172.00,75.00,52.00,1,2,-1,-1
598,6,150.00,177.00,203.00,65.00,1,2,-1,-1
599,81,562.00,171.00,78.00,47.00,1,2,-1,-1
599,6,148.00,170.00,204.00,67.00,1,2,-1,-1
600,81,564.00,164.00,76.00,50.00,1,2,-1,-1
600,6,147.00,166.00,202.00,65.00,1,2,-1,-1
601,81,559.00,157.00,81.00,50.00,1,2,-1,-1
601,6,145.00,160.00,200.00,66.00,1,2,-1,-1
602,81,556.00,154.00,84.00,48.00,1,2,-1,-1
602,6,142.00,154.00,198.00,67.00,1,2,-1,-1
603,81,555.00,149.00,85.00,50.00,1,2,-1,-1
603,6,139.00,150.00,200.00,66.00,1,2,-1,-1
604,81,557.00,145.00,83.00,51.00,1,2,-1,-1
604,6,137.00,147.00,199.00,65.00,1,2,-1,-1
605,81,552.00,140.00,88.00,55.00,1,2,-1,-1
605,6,134.00,145.00,198.00,65.00,1,2,-1,-1
606,81,552.00,137.00,88.00,57.00,1,2,-1,-1
606,6,132.00,143.00,196.00,66.00,1,2,-1,-1
607,81,552.00,137.00,88.00,55.00,1,2,-1,-1
607,6,132.00,143.00,195.00,64.00,1,2,-1,-1
608,81,551.00,134.00,89.00,58.00,1,2,-1,-1
608,6,131.00,142.00,195.00,64.00,1,2,-1,-1
609,81,551.00,133.00,89.00,59.00,1,2,-1,-1
609,6,131.00,142.00,195.00,64.00,1,2,-1,-1
610,81,549.00,136.00,91.00,58.00,1,2,-1,-1
610,6,129.00,142.00,195.00,66.00,1,2,-1,-1
611,6,128.00,146.00,195.00,66.00,1,2,-1,-1
611,81,548.00,145.00,92.00,51.00,1,2,-1,-1
612,81,551.00,144.00,89.00,55.00,1,2,-1,-1
612,6,124.00,151.00,198.00,66.00,1,2,-1,-1
613,81,550.00,146.00,90.00,54.00,1,2,-1,-1
613,6,128.00,149.00,192.00,70.00,1,2,-1,-1
614,81,550.00,145.00,90.00,57.00,1,2,-1,-1
614,6,126.00,152.00,194.00,67.00,1,2,-1,-1
615,81,549.00,144.00,91.00,58.00,1,2,-1,-1
615,6,126.00,153.00,194.00,67.00,1,2,-1,-1
616,81,549.00,142.00,91.00,60.00,1,2,-1,-1
616,6,126.00,154.00,192.00,65.00,1,2,-1,-1
617,81,550.00,144.00,90.00,56.00,1,2,-1,-1
617,6,124.00,153.00,194.00,65.00,1,2,-1,-1
618,81,552.00,141.00,88.00,57.00,1,2,-1,-1
618,6,126.00,151.00,192.00,67.00,1,2,-1,-1
619,81,551.00,144.00,89.00,53.00,1,2,-1,-1
619,6,126.00,148.00,191.00,69.00,1,2,-1,-1
620,81,549.00,142.00,91.00,55.00,1,2,-1,-1
620,6,126.00,148.00,188.00,66.00,1,2,-1,-1
621,81,547.00,145.00,93.00,51.00,1,2,-1,-1
621,6,121.00,150.00,191.00,62.00,1,2,-1,-1
622,81,546.00,138.00,94.00,57.00,1,2,-1,-1
622,6,121.00,147.00,190.00,63.00,1,2,-1,-1
623,81,546.00,135.00,94.00,57.00,1,2,-1,-1
623,6,119.00,146.00,189.00,62.00,1,2,-1,-1
624,81,543.00,133.00,97.00,59.00,1,2,-1,-1
624,6,116.00,144.00,188.00,62.00,1,2,-1,-1
625,81,539.00,140.00,101.00,50.00,1,2,-1,-1
625,6,111.00,144.00,191.00,61.00,1,2,-1,-1
626,81,537.00,134.00,103.00,56.00,1,2,-1,-1
626,6,109.00,143.00,189.00,61.00,1,2,-1,-1
627,81,535.00,139.00,105.00,51.00,1,2,-1,-1
627,6,108.00,144.00,187.00,60.00,1,2,-1,-1
628,81,532.00,139.00,108.00,50.00,1,2,-1,-1
628,6,106.00,144.00,186.00,60.00,1,2,-1,-1
629,81,528.00,137.00,112.00,52.00,1,2,-1,-1
629,6,102.00,143.00,185.00,60.00,1,2,-1,-1
630,81,525.00,137.00,115.00,51.00,1,2,-1,-1
630,6,99.00,143.00,186.00,60.00,1,2,-1,-1
631,81,521.00,138.00,119.00,51.00,1,2,-1,-1
631,6,97.00,143.00,184.00,61.00,1,2,-1,-1
632,81,519.00,139.00,121.00,51.00,1,2,-1,-1
632,6,92.00,143.00,185.00,61.00,1,2,-1,-1
633,81,516.00,141.00,124.00,49.00,1,2,-1,-1
633,6,91.00,143.00,184.00,61.00,1,2,-1,-1
634,81,514.00,142.00,126.00,49.00,1,2,-1,-1
634,6,88.00,144.00,186.00,61.00,1,2,-1,-1
635,81,513.00,143.00,127.00,48.00,1,2,-1,-1
635,6,88.00,144.00,184.00,60.00,1,2,-1,-1
636,81,512.00,142.00,128.00,49.00,1,2,-1,-1
636,6,85.00,144.00,187.00,60.00,1,2,-1,-1
637,81,510.00,143.00,130.00,48.00,1,2,-1,-1
637,6,85.00,144.00,185.00,60.00,1,2,-1,-1
638,81,510.00,144.00,130.00,47.00,1,2,-1,-1
638,6,84.00,144.00,184.00,60.00,1,2,-1,-1
639,81,510.00,144.00,130.00,46.00,1,2,-1,-1
639,6,85.00,143.00,184.00,61.00,1,2,-1,-1
640,81,509.00,142.00,131.00,48.00,1,2,-1,-1
640,6,85.00,143.00,183.00,61.00,1,2,-1,-1
641,81,504.00,142.00,136.00,51.00,1,2,-1,-1
641,6,83.00,144.00,181.00,60.00,1,2,-1,-1
642,81,503.00,143.00,137.00,51.00,1,2,-1,-1
642,6,83.00,144.00,180.00,60.00,1,2,-1,-1
643,81,503.00,142.00,137.00,51.00,1,2,-1,-1
643,6,83.00,144.00,180.00,60.00,1,2,-1,-1
644,81,502.00,141.00,138.00,51.00,1,2,-1,-1
644,6,83.00,143.00,179.00,61.00,1,2,-1,-1
645,81,499.00,141.00,141.00,52.00,1,2,-1,-1
645,6,81.00,143.00,180.00,60.00,1,2,-1,-1
646,81,497.00,143.00,143.00,51.00,1,2,-1,-1
646,6,80.00,144.00,177.00,60.00,1,2,-1,-1
647,81,493.00,146.00,147.00,50.00,1,2,-1,-1
647,6,77.00,146.00,179.00,60.00,1,2,-1,-1
648,81,491.00,148.00,148.00,49.00,1,2,-1,-1
648,6,75.00,148.00,179.00,60.00,1,2,-1,-1
649,82,624.00,152.00,16.00,81.00,1,2,-1,-1
649,81,489.00,147.00,150.00,50.00,1,2,-1,-1
649,6,74.00,148.00,179.00,59.00,1,2,-1,-1
650,82,620.00,151.00,20.00,85.00,1,2,-1,-1
650,81,488.00,146.00,152.00,51.00,1,2,-1,-1
650,6,73.00,148.00,178.00,60.00,1,2,-1,-1
651,82,613.00,144.00,27.00,95.00,1,2,-1,-1
651,81,484.00,150.00,154.00,50.00,1,2,-1,-1
651,6,69.00,150.00,177.00,58.00,1,2,-1,-1
652,82,610.00,140.00,30.00,103.00,1,2,-1,-1
652,81,481.00,152.00,157.00,50.00,1,2,-1,-1
652,6,67.00,152.00,177.00,59.00,1,2,-1,-1
653,82,605.00,142.00,35.00,102.00,1,2,-1,-1
653,81,478.00,154.00,161.00,53.00,1,2,-1,-1
653,6,67.00,154.00,175.00,60.00,1,2,-1,-1
654,82,599.00,152.00,41.00,98.00,1,2,-1,-1
654,81,476.00,158.00,164.00,52.00,1,2,-1,-1
654,6,64.00,158.00,176.00,60.00,1,2,-1,-1
655,82,593.00,155.00,47.00,97.00,1,2,-1,-1
655,81,473.00,161.00,166.00,51.00,1,2,-1,-1
655,6,63.00,161.00,176.00,58.00,1,2,-1,-1
656,82,590.00,159.00,50.00,92.00,1,2,-1,-1
656,81,472.00,163.00,166.00,50.00,1,2,-1,-1
656,6,63.00,162.00,176.00,58.00,1,2,-1,-1
657,82,588.00,162.00,52.00,93.00,1,2,-1,-1
657,81,473.00,164.00,165.00,51.00,1,2,-1,-1
657,6,65.00,165.00,175.00,57.00,1,2,-1,-1
658,82,586.00,168.00,54.00,87.00,1,2,-1,-1
658,81,473.00,166.00,165.00,51.00,1,2,-1,-1
658,6,65.00,167.00,175.00,58.00,1,2,-1,-1
659,82,582.00,178.00,58.00,78.00,1,2,-1,-1
659,81,472.00,167.00,166.00,52.00,1,2,-1,-1
659,6,64.00,168.00,174.00,58.00,1,2,-1,-1
660,82,580.00,177.00,60.00,80.00,1,2,-1,-1
660,81,472.00,169.00,166.00,51.00,1,2,-1,-1
660,6,65.00,168.00,174.00,58.00,1,2,-1,-1
661,82,578.00,178.00,62.00,79.00,1,2,-1,-1
661,81,474.00,170.00,164.00,51.00,1,2,-1,-1
661,6,67.00,168.00,174.00,58.00,1,2,-1,-1
662,82,573.00,174.00,67.00,83.00,1,2,-1,-1
662,81,473.00,169.00,164.00,51.00,1,2,-1,-1
662,6,68.00,167.00,173.00,59.00,1,2,-1,-1
663,82,570.00,173.00,70.00,83.00,1,2,-1,-1
663,81,473.00,170.00,161.00,50.00,1,2,-1,-1
663,6,67.00,167.00,174.00,59.00,1,2,-1,-1
664,81,474.00,166.00,166.00,88.00,1,2,-1,-1
664,6,69.00,169.00,173.00,57.00,1,2,-1,-1
665,81,567.00,172.00,73.00,82.00,1,2,-1,-1
665,81,474.00,168.00,160.00,50.00,1,2,-1,-1
665,6,70.00,168.00,172.00,58.00,1,2,-1,-1
666,83,563.00,174.00,77.00,80.00,1,2,-1,-1
666,81,474.00,169.00,160.00,49.00,1,2,-1,-1
666,6,69.00,168.00,172.00,57.00,1,2,-1,-1
667,81,474.00,169.00,156.00,49.00,1,2,-1,-1
667,83,559.00,170.00,81.00,87.00,1,2,-1,-1
667,6,68.00,167.00,172.00,58.00,1,2,-1,-1
668,83,558.00,169.00,82.00,87.00,1,2,-1,-1
668,81,473.00,168.00,148.00,50.00,1,2,-1,-1
668,6,68.00,166.00,172.00,58.00,1,2,-1,-1
669,83,554.00,169.00,86.00,86.00,1,2,-1,-1
669,81,472.00,168.00,144.00,48.00,1,2,-1,-1
669,6,67.00,166.00,172.00,58.00,1,2,-1,-1
670,83,548.00,166.00,92.00,86.00,1,2,-1,-1
670,81,470.00,167.00,152.00,49.00,1,2,-1,-1
670,6,66.00,164.00,172.00,58.00,1,2,-1,-1
671,83,544.00,167.00,96.00,85.00,1,2,-1,-1
671,81,464.00,167.00,144.00,48.00,1,2,-1,-1
671,6,63.00,161.00,172.00,60.00,1,2,-1,-1
672,83,538.00,170.00,102.00,81.00,1,2,-1,-1
672,81,464.00,166.00,165.00,48.00,1,2,-1,-1
672,6,60.00,162.00,172.00,59.00,1,2,-1,-1
673,83,534.00,165.00,106.00,85.00,1,2,-1,-1
673,81,460.00,166.00,150.00,48.00,1,2,-1,-1
673,6,56.00,162.00,172.00,59.00,1,2,-1,-1
674,83,529.00,168.00,111.00,84.00,1,2,-1,-1
674,81,454.00,166.00,152.00,48.00,1,2,-1,-1
674,6,52.00,162.00,173.00,58.00,1,2,-1,-1
675,83,454.00,162.00,186.00,86.00,1,2,-1,-1
675,84,454.00,150.00,186.00,101.00,1,8,-1,-1
675,6,49.00,162.00,173.00,58.00,1,2,-1,-1
676,83,448.00,166.00,136.00,46.00,1,2,-1,-1
676,83,514.00,153.00,126.00,97.00,1,2,-1,-1
676,6,45.00,162.00,171.00,58.00,1,2,-1,-1
677,85,440.00,166.00,128.00,46.00,1,2,-1,-1
677,83,491.00,151.00,149.00,101.00,1,2,-1,-1
677,6,40.00,161.00,174.00,60.00,1,2,-1,-1
678,83,439.00,158.00,201.00,94.00,1,2,-1,-1
678,6,37.00,162.00,173.00,59.00,1,2,-1,-1
679,83,433.00,146.00,206.00,108.00,1,2,-1,-1
679,6,35.00,164.00,173.00,57.00,1,2,-1,-1
680,83,431.00,137.00,208.00,118.00,1,2,-1,-1
680,6,33.00,165.00,173.00,57.00,1,2,-1,-1
681,83,426.00,134.00,214.00,124.00,1,2,-1,-1
681,6,30.00,167.00,173.00,56.00,1,2,-1,-1
682,83,427.00,123.00,213.00,135.00,1,2,-1,-1
682,6,28.00,169.00,174.00,56.00,1,2,-1,-1
683,83,414.00,167.00,226.00,91.00,1,2,-1,-1
683,6,27.00,169.00,173.00,58.00,1,2,-1,-1
684,83,414.00,164.00,226.00,96.00,1,2,-1,-1
684,6,24.00,170.00,173.00,58.00,1,2,-1,-1
685,83,412.00,165.00,228.00,97.00,1,2,-1,-1
685,6,23.00,172.00,173.00,57.00,1,2,-1,-1
686,83,405.00,164.00,235.00,99.00,1,2,-1,-1
686,6,22.00,174.00,173.00,57.00,1,2,-1,-1
687,83,401.00,165.00,239.00,99.00,1,2,-1,-1
687,6,21.00,174.00,173.00,58.00,1,2,-1,-1
688,83,402.00,166.00,238.00,99.00,1,2,-1,-1
688,6,19.00,175.00,174.00,57.00,1,2,-1,-1
689,83,400.00,168.00,238.00,96.00,1,2,-1,-1
689,6,19.00,176.00,173.00,57.00,1,2,-1,-1
690,86,584.00,160.00,28.00,23.00,1,6,-1,-1
690,6,19.00,176.00,173.00,58.00,1,2,-1,-1
690,83,392.00,173.00,248.00,92.00,1,2,-1,-1
691,83,393.00,168.00,246.00,96.00,1,2,-1,-1
691,6,17.00,176.00,173.00,58.00,1,2,-1,-1
692,83,390.00,165.00,250.00,101.00,1,2,-1,-1
692,6,16.00,176.00,174.00,58.00,1,2,-1,-1
693,87,575.00,160.00,25.00,23.00,1,6,-1,-1
693,83,388.00,165.00,252.00,101.00,1,2,-1,-1
693,6,15.00,176.00,173.00,58.00,1,2,-1,-1
694,83,380.00,166.00,260.00,100.00,1,2,-1,-1
694,6,13.00,176.00,173.00,58.00,1,2,-1,-1
695,6,10.00,176.00,174.00,58.00,1,2,-1,-1
695,83,377.00,169.00,263.00,97.00,1,2,-1,-1
696,6,7.00,176.00,176.00,58.00,1,2,-1,-1
696,83,374.00,172.00,266.00,94.00,1,2,-1,-1
697,6,6.00,176.00,175.00,58.00,1,2,-1,-1
697,83,370.00,168.00,270.00,98.00,1,2,-1,-1
698,6,2.00,176.00,176.00,57.00,1,2,-1,-1
698,83,370.00,169.00,270.00,97.00,1,2,-1,-1
699,6,1.00,174.00,175.00,58.00,1,2,-1,-1
699,83,365.00,173.00,275.00,92.00,1,2,-1,-1
700,88,544.00,160.00,22.00,21.00,1,6,-1,-1
700,83,358.00,173.00,282.00,92.00,1,2,-1,-1
700,6,0.00,174.00,173.00,57.00,1,2,-1,-1
701,83,357.00,173.00,283.00,91.00,1,2,-1,-1
701,6,0.00,173.00,168.00,57.00,1,2,-1,-1
702,83,346.00,174.00,294.00,90.00,1,2,-1,-1
702,6,0.00,172.00,164.00,58.00,1,2,-1,-1
703,89,337.00,165.00,303.00,99.00,1,8,-1,-1
703,83,338.00,166.00,302.00,98.00,1,2,-1,-1
703,6,0.00,173.00,159.00,58.00,1,2,-1,-1
704,83,337.00,170.00,303.00,94.00,1,2,-1,-1
704,6,0.00,173.00,155.00,58.00,1,2,-1,-1
705,90,328.00,171.00,312.00,94.00,1,8,-1,-1
705,83,330.00,172.00,309.00,92.00,1,2,-1,-1
705,6,0.00,173.00,152.00,59.00,1,2,-1,-1
706,83,322.00,173.00,318.00,91.00,1,2,-1,-1
706,6,0.00,173.00,150.00,59.00,1,2,-1,-1
707,91,318.00,171.00,322.00,93.00,1,8,-1,-1
707,83,318.00,172.00,320.00,92.00,1,2,-1,-1
707,6,0.00,173.00,145.00,58.00,1,2,-1,-1
708,83,314.00,173.00,324.00,91.00,1,2,-1,-1
708,6,0.00,173.00,141.00,59.00,1,2,-1,-1
709,83,312.00,174.00,324.00,90.00,1,2,-1,-1
709,6,0.00,173.00,140.00,58.00,1,2,-1,-1
710,83,307.00,175.00,322.00,89.00,1,2,-1,-1
710,6,0.00,174.00,136.00,58.00,1,2,-1,-1
711,92,296.00,175.00,332.00,89.00,1,8,-1,-1
711,83,297.00,176.00,329.00,88.00,1,2,-1,-1
711,6,0.00,174.00,134.00,58.00,1,2,-1,-1
712,83,288.00,176.00,336.00,89.00,1,2,-1,-1
712,6,0.00,174.00,133.00,58.00,1,2,-1,-1
713,83,284.00,174.00,336.00,92.00,1,2,-1,-1
713,6,0.00,176.00,133.00,57.00,1,2,-1,-1
714,93,285.00,175.00,333.00,93.00,1,8,-1,-1
714,83,284.00,175.00,332.00,92.00,1,2,-1,-1
714,6,0.00,177.00,131.00,58.00,1,2,-1,-1
715,83,284.00,174.00,329.00,94.00,1,2,-1,-1
715,6,0.00,178.00,131.00,57.00,1,2,-1,-1
716,94,286.00,177.00,328.00,92.00,1,8,-1,-1
716,83,285.00,177.00,326.00,91.00,1,2,-1,-1
716,6,0.00,178.00,131.00,58.00,1,2,-1,-1
717,6,0.00,180.00,130.00,58.00,1,2,-1,-1
717,83,278.00,180.00,329.00,90.00,1,2,-1,-1
718,6,0.00,184.00,127.00,56.00,1,2,-1,-1
718,83,274.00,182.00,329.00,91.00,1,2,-1,-1
719,6,0.00,185.00,128.00,58.00,1,2,-1,-1
719,83,268.00,185.00,334.00,91.00,1,2,-1,-1
720,6,0.00,186.00,129.00,58.00,1,2,-1,-1
720,83,266.00,184.00,334.00,93.00,1,2,-1,-1
721,6,0.00,186.00,129.00,58.00,1,2,-1,-1
721,83,268.00,186.00,329.00,91.00,1,2,-1,-1
722,6,0.00,185.00,127.00,58.00,1,2,-1,-1
722,83,265.00,186.00,330.00,91.00,1,2,-1,-1
723,6,0.00,184.00,126.00,59.00,1,2,-1,-1
723,83,263.00,185.00,329.00,91.00,1,2,-1,-1
724,6,0.00,184.00,126.00,58.00,1,2,-1,-1
724,83,262.00,184.00,327.00,90.00,1,2,-1,-1
725,6,0.00,183.00,124.00,57.00,1,2,-1,-1
725,83,257.00,182.00,327.00,91.00,1,2,-1,-1
726,6,0.00,183.00,120.00,56.00,1,2,-1,-1
726,83,250.00,177.00,328.00,95.00,1,2,-1,-1
727,6,0.00,182.00,120.00,56.00,1,2,-1,-1
727,83,249.00,177.00,326.00,94.00,1,2,-1,-1
728,6,0.00,178.00,120.00,58.00,1,2,-1,-1
728,83,248.00,176.00,324.00,92.00,1,2,-1,-1
729,95,421.00,160.00,26.00,24.00,1,6,-1,-1
729,6,0.00,176.00,116.00,57.00,1,2,-1,-1
729,83,235.00,175.00,332.00,91.00,1,2,-1,-1
730,95,416.00,156.00,24.00,25.00,1,6,-1,-1
730,6,0.00,173.00,113.00,58.00,1,2,-1,-1
730,83,237.00,174.00,326.00,89.00,1,2,-1,-1
731,95,415.00,154.00,24.00,25.00,1,6,-1,-1
731,6,0.00,169.00,113.00,60.00,1,2,-1,-1
731,83,234.00,170.00,327.00,90.00,1,2,-1,-1
732,6,0.00,169.00,113.00,58.00,1,2,-1,-1
732,83,233.00,169.00,326.00,90.00,1,2,-1,-1
733,6,0.00,168.00,113.00,58.00,1,2,-1,-1
733,83,230.00,162.00,325.00,96.00,1,2,-1,-1
734,6,0.00,168.00,111.00,57.00,1,2,-1,-1
734,83,226.00,161.00,324.00,96.00,1,2,-1,-1
735,96,400.00,150.00,22.00,24.00,1,6,-1,-1
735,6,0.00,168.00,109.00,57.00,1,2,-1,-1
735,83,226.00,161.00,320.00,97.00,1,2,-1,-1
736,6,0.00,168.00,109.00,56.00,1,2,-1,-1
736,83,226.00,156.00,318.00,101.00,1,2,-1,-1
737,6,0.00,167.00,110.00,56.00,1,2,-1,-1
737,83,224.00,159.00,319.00,97.00,1,2,-1,-1
738,6,0.00,166.00,111.00,56.00,1,2,-1,-1
738,83,219.00,156.00,321.00,97.00,1,2,-1,-1
739,6,0.00,165.00,113.00,56.00,1,2,-1,-1
739,83,220.00,154.00,320.00,98.00,1,2,-1,-1
740,6,0.00,165.00,114.00,56.00,1,2,-1,-1
740,83,220.00,157.00,318.00,95.00,1,2,-1,-1
741,6,0.00,165.00,113.00,57.00,1,2,-1,-1
741,83,220.00,158.00,315.00,94.00,1,2,-1,-1
742,6,0.00,165.00,113.00,56.00,1,2,-1,-1
742,83,220.00,155.00,312.00,96.00,1,2,-1,-1
743,97,388.00,143.00,20.00,25.00,1,6,-1,-1
743,6,0.00,161.00,114.00,58.00,1,2,-1,-1
743,83,221.00,156.00,311.00,93.00,1,2,-1,-1
744,97,386.00,143.00,22.00,23.00,1,6,-1,-1
744,6,0.00,161.00,115.00,57.00,1,2,-1,-1
744,83,220.00,156.00,310.00,92.00,1,2,-1,-1
745,97,384.00,143.00,22.00,23.00,1,6,-1,-1
745,6,0.00,161.00,114.00,57.00,1,2,-1,-1
745,83,214.00,154.00,315.00,94.00,1,2,-1,-1
746,97,383.00,143.00,23.00,24.00,1,6,-1,-1
746,6,0.00,160.00,115.00,58.00,1,2,-1,-1
746,83,219.00,153.00,308.00,95.00,1,2,-1,-1
747,6,0.00,160.00,117.00,57.00,1,2,-1,-1
747,83,208.00,154.00,318.00,94.00,1,2,-1,-1
748,6,0.00,159.00,118.00,57.00,1,2,-1,-1
748,83,209.00,155.00,316.00,92.00,1,2,-1,-1
749,6,0.00,158.00,118.00,58.00,1,2,-1,-1
749,83,207.00,152.00,317.00,94.00,1,2,-1,-1
750,98,378.00,142.00,20.00,24.00,1,6,-1,-1
750,6,0.00,160.00,118.00,57.00,1,2,-1,-1
750,83,207.00,154.00,315.00,93.00,1,2,-1,-1
751,98,379.00,144.00,17.00,23.00,1,6,-1,-1
751,6,0.00,162.00,119.00,56.00,1,2,-1,-1
751,83,207.00,154.00,314.00,94.00,1,2,-1,-1
752,6,0.00,162.00,120.00,57.00,1,2,-1,-1
752,83,200.00,152.00,320.00,98.00,1,2,-1,-1
753,6,0.00,162.00,122.00,56.00,1,2,-1,-1
753,83,202.00,151.00,316.00,97.00,1,2,-1,-1
754,6,0.00,160.00,125.00,58.00,1,2,-1,-1
754,83,205.00,150.00,312.00,98.00,1,2,-1,-1
755,6,0.00,159.00,126.00,58.00,1,2,-1,-1
755,83,208.00,145.00,308.00,101.00,1,2,-1,-1
756,6,0.00,158.00,128.00,57.00,1,2,-1,-1
756,83,201.00,143.00,315.00,101.00,1,2,-1,-1
757,6,0.00,157.00,130.00,57.00,1,2,-1,-1
757,83,203.00,144.00,313.00,100.00,1,2,-1,-1
758,6,0.00,157.00,132.00,57.00,1,2,-1,-1
758,83,204.00,144.00,313.00,99.00,1,2,-1,-1
759,6,0.00,156.00,134.00,57.00,1,2,-1,-1
759,83,205.00,145.00,313.00,96.00,1,2,-1,-1
760,6,0.00,156.00,135.00,55.00,1,2,-1,-1
760,83,202.00,141.00,314.00,99.00,1,2,-1,-1
761,6,0.00,154.00,136.00,56.00,1,2,-1,-1
761,83,200.00,142.00,315.00,98.00,1,2,-1,-1
762,6,0.00,154.00,137.00,56.00,1,2,-1,-1
762,83,200.00,143.00,316.00,96.00,1,2,-1,-1
763,6,0.00,154.00,138.00,56.00,1,2,-1,-1
763,83,201.00,141.00,317.00,98.00,1,2,-1,-1
764,6,0.00,152.00,139.00,57.00,1,2,-1,-1
764,83,201.00,138.00,317.00,100.00,1,2,-1,-1
765,6,0.00,154.00,141.00,56.00,1,2,-1,-1
765,83,197.00,138.00,322.00,100.00,1,2,-1,-1
766,6,0.00,154.00,145.00,55.00,1,2,-1,-1
766,83,198.00,138.00,319.00,99.00,1,2,-1,-1
767,6,0.00,154.00,151.00,56.00,1,2,-1,-1
767,83,199.00,142.00,317.00,95.00,1,2,-1,-1
768,6,0.00,155.00,157.00,54.00,1,2,-1,-1
768,83,200.00,146.00,318.00,90.00,1,2,-1,-1
769,6,0.00,156.00,162.00,52.00,1,2,-1,-1
769,83,204.00,150.00,291.00,86.00,1,2,-1,-1
770,83,208.00,146.00,286.00,89.00,1,2,-1,-1
770,6,11.00,156.00,157.00,53.00,1,2,-1,-1
771,6,18.00,156.00,155.00,52.00,1,2,-1,-1
771,83,210.00,142.00,278.00,92.00,1,2,-1,-1
772,6,26.00,156.00,152.00,52.00,1,2,-1,-1
772,83,216.00,143.00,268.00,89.00,1,2,-1,-1
773,83,221.00,143.00,265.00,89.00,1,2,-1,-1
773,6,32.00,156.00,150.00,51.00,1,2,-1,-1
774,6,40.00,158.00,146.00,49.00,1,2,-1,-1
774,83,225.00,144.00,256.00,87.00,1,2,-1,-1
775,99,432.00,157.00,86.00,42.00,1,2,-1,-1
775,6,46.00,157.00,145.00,49.00,1,2,-1,-1
775,83,225.00,145.00,253.00,85.00,1,2,-1,-1
776,99,434.00,159.00,83.00,39.00,1,2,-1,-1
776,6,52.00,156.00,144.00,49.00,1,2,-1,-1
776,83,219.00,146.00,259.00,82.00,1,2,-1,-1
777,99,430.00,156.00,86.00,42.00,1,2,-1,-1
777,6,59.00,156.00,140.00,47.00,1,2,-1,-1
777,83,224.00,146.00,246.00,81.00,1,2,-1,-1
778,99,429.00,155.00,85.00,41.00,1,2,-1,-1
778,6,63.00,154.00,138.00,47.00,1,2,-1,-1
778,83,225.00,148.00,243.00,77.00,1,2,-1,-1
779,99,430.00,154.00,82.00,42.00,1,2,-1,-1
779,6,66.00,153.00,138.00,47.00,1,2,-1,-1
779,83,227.00,148.00,236.00,75.00,1,2,-1,-1
780,99,427.00,154.00,83.00,39.00,1,2,-1,-1
780,6,71.00,152.00,135.00,47.00,1,2,-1,-1
780,83,229.00,144.00,231.00,77.00,1,2,-1,-1
781,99,424.00,154.00,84.00,39.00,1,2,-1,-1
781,6,75.00,151.00,133.00,47.00,1,2,-1,-1
781,83,229.00,142.00,228.00,78.00,1,2,-1,-1
782,99,424.00,154.00,81.00,39.00,1,2,-1,-1
782,6,78.00,153.00,131.00,45.00,1,2,-1,-1
782,83,230.00,144.00,224.00,76.00,1,2,-1,-1
783,99,424.00,155.00,80.00,37.00,1,2,-1,-1
783,83,226.00,148.00,223.00,72.00,1,2,-1,-1
783,6,78.00,154.00,132.00,44.00,1,2,-1,-1
784,99,422.00,156.00,80.00,37.00,1,2,-1,-1
784,83,230.00,146.00,216.00,73.00,1,2,-1,-1
784,6,78.00,153.00,131.00,44.00,1,2,-1,-1
785,99,422.00,154.00,80.00,38.00,1,2,-1,-1
785,83,218.00,144.00,228.00,75.00,1,2,-1,-1
785,6,79.00,153.00,131.00,44.00,1,2,-1,-1
786,99,423.00,155.00,81.00,37.00,1,2,-1,-1
786,83,216.00,146.00,230.00,73.00,1,2,-1,-1
786,6,81.00,153.00,131.00,44.00,1,2,-1,-1
787,99,424.00,156.00,82.00,37.00,1,2,-1,-1
787,83,216.00,146.00,232.00,74.00,1,2,-1,-1
787,6,82.00,153.00,131.00,45.00,1,2,-1,-1
788,99,424.00,156.00,83.00,38.00,1,2,-1,-1
788,6,84.00,155.00,130.00,44.00,1,2,-1,-1
788,83,215.00,145.00,229.00,75.00,1,2,-1,-1
789,99,426.00,157.00,81.00,38.00,1,2,-1,-1
789,83,214.00,147.00,232.00,74.00,1,2,-1,-1
789,6,86.00,154.00,129.00,46.00,1,2,-1,-1
790,99,427.00,157.00,81.00,39.00,1,2,-1,-1
790,83,214.00,151.00,232.00,71.00,1,2,-1,-1
790,6,86.00,155.00,132.00,45.00,1,2,-1,-1
791,99,428.00,160.00,83.00,38.00,1,2,-1,-1
791,83,216.00,151.00,227.00,72.00,1,2,-1,-1
791,6,90.00,157.00,130.00,44.00,1,2,-1,-1
792,99,429.00,163.00,83.00,36.00,1,2,-1,-1
792,83,217.00,152.00,227.00,72.00,1,2,-1,-1
792,6,92.00,158.00,128.00,44.00,1,2,-1,-1
793,99,428.00,163.00,85.00,37.00,1,2,-1,-1
793,6,94.00,159.00,130.00,43.00,1,2,-1,-1
793,83,216.00,150.00,226.00,74.00,1,2,-1,-1
794,99,433.00,163.00,83.00,38.00,1,2,-1,-1
794,6,98.00,162.00,129.00,42.00,1,2,-1,-1
794,83,219.00,154.00,225.00,72.00,1,2,-1,-1
795,99,435.00,169.00,83.00,36.00,1,2,-1,-1
795,6,99.00,165.00,130.00,43.00,1,2,-1,-1
795,83,222.00,157.00,221.00,73.00,1,2,-1,-1
796,99,434.00,173.00,86.00,37.00,1,2,-1,-1
796,6,101.00,170.00,131.00,44.00,1,2,-1,-1
796,83,210.00,162.00,231.00,74.00,1,2,-1,-1
797,83,214.00,168.00,229.00,72.00,1,2,-1,-1
797,6,104.00,175.00,129.00,43.00,1,2,-1,-1
798,6,106.00,180.00,146.00,42.00,1,2,-1,-1
798,83,217.00,170.00,227.00,74.00,1,2,-1,-1
799,100,439.00,184.00,85.00,36.00,1,2,-1,-1
799,6,108.00,182.00,136.00,43.00,1,2,-1,-1
799,83,216.00,172.00,230.00,74.00,1,2,-1,-1
800,100,437.00,185.00,87.00,37.00,1,2,-1,-1
800,6,109.00,184.00,134.00,43.00,1,2,-1,-1
800,83,218.00,174.00,226.00,74.00,1,2,-1,-1
801,100,432.00,187.00,92.00,37.00,1,2,-1,-1
801,6,110.00,186.00,136.00,44.00,1,2,-1,-1
801,83,217.00,178.00,224.00,73.00,1,2,-1,-1
802,100,411.00,188.00,113.00,38.00,1,2,-1,-1
802,6,111.00,188.00,137.00,44.00,1,2,-1,-1
802,83,219.00,179.00,221.00,74.00,1,2,-1,-1
803,100,418.00,189.00,106.00,38.00,1,2,-1,-1
803,6,113.00,190.00,132.00,42.00,1,2,-1,-1
803,83,217.00,181.00,223.00,73.00,1,2,-1,-1
804,100,412.00,190.00,112.00,38.00,1,2,-1,-1
804,6,115.00,191.00,129.00,42.00,1,2,-1,-1
804,83,218.00,181.00,221.00,73.00,1,2,-1,-1
805,100,415.00,189.00,111.00,38.00,1,2,-1,-1
805,6,117.00,192.00,126.00,41.00,1,2,-1,-1
805,83,222.00,181.00,214.00,73.00,1,2,-1,-1
806,100,416.00,188.00,112.00,38.00,1,2,-1,-1
806,6,118.00,190.00,127.00,42.00,1,2,-1,-1
806,83,222.00,182.00,214.00,71.00,1,2,-1,-1
807,100,418.00,186.00,112.00,39.00,1,2,-1,-1
807,6,122.00,188.00,134.00,43.00,1,2,-1,-1
807,83,222.00,178.00,216.00,74.00,1,2,-1,-1
808,6,125.00,187.00,128.00,41.00,1,2,-1,-1
808,100,418.00,186.00,114.00,37.00,1,2,-1,-1
808,83,220.00,176.00,218.00,74.00,1,2,-1,-1
809,6,127.00,185.00,136.00,43.00,1,2,-1,-1
809,100,420.00,184.00,114.00,38.00,1,2,-1,-1
809,83,219.00,174.00,218.00,74.00,1,2,-1,-1
810,6,128.00,185.00,132.00,42.00,1,2,-1,-1
810,100,423.00,184.00,113.00,38.00,1,2,-1,-1
810,83,220.00,174.00,217.00,74.00,1,2,-1,-1
811,6,130.00,185.00,134.00,42.00,1,2,-1,-1
811,100,424.00,185.00,112.00,36.00,1,2,-1,-1
811,83,222.00,173.00,215.00,75.00,1,2,-1,-1
812,6,134.00,185.00,128.00,41.00,1,2,-1,-1
812,100,425.00,184.00,114.00,37.00,1,2,-1,-1
812,83,220.00,173.00,218.00,75.00,1,2,-1,-1
813,6,136.00,183.00,123.00,43.00,1,2,-1,-1
813,100,428.00,183.00,114.00,39.00,1,2,-1,-1
813,83,221.00,173.00,217.00,74.00,1,2,-1,-1
814,6,140.00,183.00,126.00,42.00,1,2,-1,-1
814,100,432.00,182.00,113.00,39.00,1,2,-1,-1
814,83,222.00,172.00,217.00,75.00,1,2,-1,-1
815,6,144.00,184.00,113.00,41.00,1,2,-1,-1
815,100,436.00,182.00,112.00,39.00,1,2,-1,-1
815,83,228.00,173.00,212.00,73.00,1,2,-1,-1
816,6,146.00,184.00,106.00,41.00,1,2,-1,-1
816,100,438.00,183.00,114.00,37.00,1,2,-1,-1
816,83,229.00,174.00,212.00,72.00,1,2,-1,-1
817,6,148.00,183.00,127.00,41.00,1,2,-1,-1
817,100,440.00,181.00,115.00,39.00,1,2,-1,-1
817,83,231.00,172.00,211.00,74.00,1,2,-1,-1
818,6,150.00,183.00,128.00,41.00,1,2,-1,-1
818,100,442.00,182.00,114.00,38.00,1,2,-1,-1
818,83,236.00,171.00,206.00,74.00,1,2,-1,-1
819,6,152.00,183.00,119.00,41.00,1,2,-1,-1
819,100,444.00,183.00,113.00,37.00,1,2,-1,-1
819,83,247.00,172.00,195.00,74.00,1,2,-1,-1
820,6,154.00,183.00,120.00,41.00,1,2,-1,-1
820,100,447.00,183.00,113.00,37.00,1,2,-1,-1
820,83,240.00,174.00,202.00,72.00,1,2,-1,-1
821,6,155.00,184.00,137.00,41.00,1,2,-1,-1
821,83,254.00,174.00,187.00,72.00,1,2,-1,-1
821,100,448.00,183.00,114.00,37.00,1,2,-1,-1
822,6,156.00,184.00,133.00,40.00,1,2,-1,-1
822,83,252.00,177.00,189.00,69.00,1,2,-1,-1
822,100,449.00,182.00,114.00,38.00,1,2,-1,-1
823,6,158.00,184.00,116.00,40.00,1,2,-1,-1
823,83,248.00,176.00,194.00,70.00,1,2,-1,-1
823,100,452.00,182.00,112.00,38.00,1,2,-1,-1
824,6,159.00,183.00,103.00,40.00,1,2,-1,-1
824,83,240.00,175.00,201.00,70.00,1,2,-1,-1
824,100,452.00,184.00,114.00,36.00,1,2,-1,-1
825,6,159.00,183.00,131.00,39.00,1,2,-1,-1
825,83,256.00,173.00,184.00,72.00,1,2,-1,-1
825,100,454.00,182.00,114.00,38.00,1,2,-1,-1
826,6,161.00,182.00,134.00,40.00,1,2,-1,-1
826,100,455.00,182.00,114.00,37.00,1,2,-1,-1
826,83,259.00,172.00,182.00,72.00,1,2,-1,-1
827,6,163.00,182.00,128.00,40.00,1,2,-1,-1
827,100,456.00,180.00,116.00,38.00,1,2,-1,-1
827,83,258.00,172.00,183.00,72.00,1,2,-1,-1
828,6,164.00,182.00,121.00,40.00,1,2,-1,-1
828,100,457.00,180.00,115.00,38.00,1,2,-1,-1
828,83,258.00,172.00,182.00,72.00,1,2,-1,-1
829,6,165.00,182.00,121.00,40.00,1,2,-1,-1
829,100,460.00,180.00,112.00,39.00,1,2,-1,-1
829,83,258.00,173.00,182.00,71.00,1,2,-1,-1
830,6,166.00,181.00,112.00,40.00,1,2,-1,-1
830,100,460.00,180.00,114.00,40.00,1,2,-1,-1
830,83,255.00,173.00,185.00,71.00,1,2,-1,-1
831,6,169.00,182.00,122.00,40.00,1,2,-1,-1
831,100,462.00,181.00,114.00,39.00,1,2,-1,-1
831,83,256.00,173.00,183.00,71.00,1,2,-1,-1
832,6,168.00,182.00,124.00,42.00,1,2,-1,-1
832,100,462.00,183.00,114.00,38.00,1,2,-1,-1
832,83,255.00,174.00,183.00,72.00,1,2,-1,-1
833,6,168.00,186.00,124.00,40.00,1,2,-1,-1
833,100,461.00,185.00,114.00,38.00,1,2,-1,-1
833,83,254.00,175.00,180.00,72.00,1,2,-1,-1
834,6,168.00,186.00,125.00,41.00,1,2,-1,-1
834,100,461.00,186.00,113.00,38.00,1,2,-1,-1
834,83,250.00,178.00,182.00,70.00,1,2,-1,-1
835,6,166.00,188.00,116.00,41.00,1,2,-1,-1
835,100,459.00,190.00,114.00,36.00,1,2,-1,-1
835,83,248.00,179.00,181.00,71.00,1,2,-1,-1
836,6,165.00,190.00,117.00,40.00,1,2,-1,-1
836,100,458.00,190.00,114.00,37.00,1,2,-1,-1
836,83,245.00,182.00,181.00,69.00,1,2,-1,-1
837,6,164.00,190.00,118.00,41.00,1,2,-1,-1
837,100,456.00,190.00,116.00,38.00,1,2,-1,-1
837,83,242.00,183.00,182.00,69.00,1,2,-1,-1
838,6,164.00,191.00,116.00,40.00,1,2,-1,-1
838,100,456.00,191.00,116.00,37.00,1,2,-1,-1
838,83,241.00,184.00,181.00,68.00,1,2,-1,-1
839,6,164.00,191.00,114.00,41.00,1,2,-1,-1
839,100,456.00,191.00,114.00,38.00,1,2,-1,-1
839,83,240.00,185.00,181.00,68.00,1,2,-1,-1
840,100,456.00,191.00,114.00,39.00,1,2,-1,-1
840,6,163.00,192.00,116.00,41.00,1,2,-1,-1
840,83,237.00,182.00,181.00,72.00,1,2,-1,-1
841,100,455.00,192.00,115.00,39.00,1,2,-1,-1
841,6,163.00,193.00,113.00,40.00,1,2,-1,-1
841,83,236.00,182.00,180.00,73.00,1,2,-1,-1
842,100,456.00,193.00,114.00,39.00,1,2,-1,-1
842,6,162.00,194.00,112.00,39.00,1,2,-1,-1
842,83,233.00,185.00,182.00,71.00,1,2,-1,-1
843,100,456.00,195.00,113.00,37.00,1,2,-1,-1
843,6,162.00,195.00,110.00,38.00,1,2,-1,-1
843,83,232.00,186.00,181.00,70.00,1,2,-1,-1
844,100,456.00,195.00,113.00,37.00,1,2,-1,-1
844,6,162.00,195.00,107.00,38.00,1,2,-1,-1
844,83,231.00,188.00,181.00,68.00,1,2,-1,-1
845,100,456.00,196.00,113.00,36.00,1,2,-1,-1
845,6,162.00,195.00,104.00,38.00,1,2,-1,-1
845,83,230.00,190.00,180.00,67.00,1,2,-1,-1
846,100,456.00,196.00,114.00,37.00,1,2,-1,-1
846,6,163.00,195.00,103.00,39.00,1,2,-1,-1
846,83,229.00,191.00,180.00,66.00,1,2,-1,-1
847,100,457.00,197.00,113.00,37.00,1,2,-1,-1
847,6,162.00,195.00,102.00,39.00,1,2,-1,-1
847,83,228.00,189.00,180.00,69.00,1,2,-1,-1
848,100,456.00,197.00,114.00,36.00,1,2,-1,-1
848,6,162.00,195.00,102.00,39.00,1,2,-1,-1
848,83,226.00,189.00,180.00,68.00,1,2,-1,-1
849,100,456.00,197.00,114.00,37.00,1,2,-1,-1
849,6,163.00,195.00,100.00,39.00,1,2,-1,-1
849,83,224.00,189.00,180.00,68.00,1,2,-1,-1
850,100,457.00,197.00,114.00,37.00,1,2,-1,-1
850,6,163.00,195.00,99.00,39.00,1,2,-1,-1
850,83,224.00,188.00,178.00,69.00,1,2,-1,-1
851,100,458.00,196.00,114.00,38.00,1,2,-1,-1
851,6,164.00,195.00,98.00,39.00,1,2,-1,-1
851,83,224.00,188.00,178.00,69.00,1,2,-1,-1
852,100,458.00,196.00,114.00,38.00,1,2,-1,-1
852,6,164.00,195.00,97.00,39.00,1,2,-1,-1
852,83,223.00,188.00,179.00,69.00,1,2,-1,-1
853,100,458.00,195.00,113.00,39.00,1,2,-1,-1
853,6,164.00,196.00,97.00,38.00,1,2,-1,-1
853,83,222.00,188.00,178.00,69.00,1,2,-1,-1
854,100,458.00,197.00,114.00,37.00,1,2,-1,-1
854,6,166.00,196.00,94.00,39.00,1,2,-1,-1
854,83,221.00,188.00,178.00,70.00,1,2,-1,-1
855,100,460.00,197.00,114.00,38.00,1,2,-1,-1
855,6,168.00,197.00,89.00,38.00,1,2,-1,-1
855,83,219.00,187.00,179.00,71.00,1,2,-1,-1
856,100,460.00,195.00,114.00,40.00,1,2,-1,-1
856,6,168.00,198.00,89.00,37.00,1,2,-1,-1
856,83,219.00,186.00,178.00,72.00,1,2,-1,-1
857,100,461.00,195.00,113.00,40.00,1,2,-1,-1
857,6,168.00,198.00,87.00,36.00,1,2,-1,-1
857,83,218.00,188.00,178.00,70.00,1,2,-1,-1
858,6,168.00,196.00,88.00,38.00,1,2,-1,-1
858,100,462.00,194.00,114.00,41.00,1,2,-1,-1
858,83,217.00,187.00,179.00,71.00,1,2,-1,-1
859,100,463.00,194.00,114.00,40.00,1,2,-1,-1
859,6,169.00,196.00,89.00,38.00,1,2,-1,-1
859,83,216.00,188.00,178.00,69.00,1,2,-1,-1
860,6,171.00,196.00,86.00,38.00,1,2,-1,-1
860,100,464.00,193.00,114.00,41.00,1,2,-1,-1
860,83,217.00,190.00,177.00,67.00,1,2,-1,-1
861,6,172.00,195.00,87.00,39.00,1,2,-1,-1
861,100,464.00,193.00,115.00,41.00,1,2,-1,-1
861,83,216.00,192.00,177.00,64.00,1,2,-1,-1
862,100,464.00,193.00,116.00,40.00,1,2,-1,-1
862,6,172.00,195.00,89.00,38.00,1,2,-1,-1
862,83,214.00,189.00,178.00,67.00,1,2,-1,-1
863,6,173.00,195.00,88.00,37.00,1,2,-1,-1
863,100,467.00,194.00,114.00,38.00,1,2,-1,-1
863,83,214.00,188.00,178.00,67.00,1,2,-1,-1
864,6,174.00,195.00,78.00,37.00,1,2,-1,-1
864,100,468.00,192.00,114.00,39.00,1,2,-1,-1
864,83,212.00,183.00,178.00,72.00,1,2,-1,-1
865,6,175.00,194.00,76.00,38.00,1,2,-1,-1
865,100,468.00,192.00,114.00,38.00,1,2,-1,-1
865,83,211.00,181.00,178.00,73.00,1,2,-1,-1
866,6,174.00,193.00,77.00,38.00,1,2,-1,-1
866,100,467.00,191.00,114.00,39.00,1,2,-1,-1
866,83,209.00,181.00,178.00,73.00,1,2,-1,-1
867,6,174.00,193.00,75.00,38.00,1,2,-1,-1
867,83,200.00,184.00,185.00,68.00,1,2,-1,-1
867,100,467.00,191.00,114.00,39.00,1,2,-1,-1
868,100,467.00,190.00,115.00,39.00,1,2,-1,-1
868,83,175.00,186.00,209.00,66.00,1,2,-1,-1
869,100,466.00,190.00,116.00,39.00,1,2,-1,-1
869,83,175.00,185.00,208.00,65.00,1,2,-1,-1
870,100,466.00,189.00,115.00,40.00,1,2,-1,-1
870,83,172.00,181.00,208.00,69.00,1,2,-1,-1
871,100,466.00,189.00,115.00,39.00,1,2,-1,-1
871,83,171.00,180.00,207.00,70.00,1,2,-1,-1
872,100,465.00,188.00,115.00,39.00,1,2,-1,-1
872,83,170.00,178.00,208.00,70.00,1,2,-1,-1
873,100,466.00,187.00,114.00,38.00,1,2,-1,-1
873,83,169.00,178.00,208.00,70.00,1,2,-1,-1
874,100,466.00,186.00,114.00,38.00,1,2,-1,-1
874,83,168.00,174.00,207.00,72.00,1,2,-1,-1
875,100,466.00,185.00,114.00,37.00,1,2,-1,-1
875,83,166.00,174.00,206.00,70.00,1,2,-1,-1
876,100,464.00,181.00,116.00,39.00,1,2,-1,-1
876,83,164.00,175.00,206.00,67.00,1,2,-1,-1
877,100,465.00,178.00,116.00,40.00,1,2,-1,-1
877,83,164.00,175.00,206.00,65.00,1,2,-1,-1
878,100,466.00,176.00,115.00,41.00,1,2,-1,-1
878,83,162.00,169.00,207.00,70.00,1,2,-1,-1
879,100,466.00,176.00,114.00,40.00,1,2,-1,-1
879,83,160.00,168.00,208.00,70.00,1,2,-1,-1
880,100,466.00,176.00,114.00,40.00,1,2,-1,-1
880,83,159.00,169.00,207.00,68.00,1,2,-1,-1
881,100,466.00,176.00,115.00,40.00,1,2,-1,-1
881,83,158.00,166.00,206.00,70.00,1,2,-1,-1
882,100,467.00,176.00,114.00,40.00,1,2,-1,-1
882,83,156.00,169.00,207.00,68.00,1,2,-1,-1
883,100,467.00,176.00,114.00,40.00,1,2,-1,-1
883,83,154.00,166.00,207.00,70.00,1,2,-1,-1
884,100,467.00,176.00,114.00,40.00,1,2,-1,-1
884,83,153.00,167.00,207.00,70.00,1,2,-1,-1
885,100,468.00,176.00,114.00,40.00,1,2,-1,-1
885,83,153.00,166.00,206.00,70.00,1,2,-1,-1
886,100,467.00,176.00,115.00,40.00,1,2,-1,-1
886,83,152.00,166.00,205.00,70.00,1,2,-1,-1
887,100,468.00,176.00,114.00,40.00,1,2,-1,-1
887,83,150.00,167.00,206.00,69.00,1,2,-1,-1
888,100,468.00,176.00,114.00,40.00,1,2,-1,-1
888,83,148.00,166.00,206.00,70.00,1,2,-1,-1
889,100,468.00,176.00,114.00,40.00,1,2,-1,-1
889,83,148.00,166.00,206.00,71.00,1,2,-1,-1
890,100,467.00,176.00,114.00,41.00,1,2,-1,-1
890,83,144.00,167.00,209.00,71.00,1,2,-1,-1
891,100,468.00,179.00,114.00,39.00,1,2,-1,-1
891,83,143.00,168.00,209.00,70.00,1,2,-1,-1
892,100,467.00,179.00,115.00,39.00,1,2,-1,-1
892,83,144.00,170.00,208.00,69.00,1,2,-1,-1
893,100,467.00,179.00,116.00,40.00,1,2,-1,-1
893,83,143.00,169.00,207.00,71.00,1,2,-1,-1
894,100,468.00,180.00,115.00,39.00,1,2,-1,-1
894,83,142.00,170.00,206.00,70.00,1,2,-1,-1
895,100,470.00,179.00,114.00,40.00,1,2,-1,-1
895,83,142.00,171.00,206.00,69.00,1,2,-1,-1
896,100,471.00,180.00,114.00,39.00,1,2,-1,-1
896,83,142.00,172.00,206.00,68.00,1,2,-1,-1
897,100,473.00,180.00,115.00,39.00,1,2,-1,-1
897,83,144.00,173.00,204.00,66.00,1,2,-1,-1
898,100,474.00,180.00,114.00,39.00,1,2,-1,-1
898,83,143.00,175.00,205.00,65.00,1,2,-1,-1
899,100,476.00,180.00,113.00,40.00,1,2,-1,-1
899,83,142.00,174.00,206.00,66.00,1,2,-1,-1
900,100,479.00,180.00,113.00,40.00,1,2,-1,-1
900,83,143.00,176.00,205.00,64.00,1,2,-1,-1
901,100,480.00,181.00,114.00,39.00,1,2,-1,-1
901,83,144.00,174.00,206.00,66.00,1,2,-1,-1
902,100,483.00,180.00,114.00,40.00,1,2,-1,-1
902,83,145.00,175.00,207.00,65.00,1,2,-1,-1
903,100,484.00,180.00,116.00,40.00,1,2,-1,-1
903,83,145.00,175.00,207.00,66.00,1,2,-1,-1
904,100,486.00,180.00,114.00,40.00,1,2,-1,-1
904,83,145.00,175.00,206.00,66.00,1,2,-1,-1
905,100,486.00,181.00,115.00,40.00,1,2,-1,-1
905,83,143.00,177.00,207.00,65.00,1,2,-1,-1
906,100,488.00,181.00,112.00,40.00,1,2,-1,-1
906,83,143.00,176.00,205.00,67.00,1,2,-1,-1
907,100,488.00,181.00,112.00,41.00,1,2,-1,-1
907,83,143.00,176.00,204.00,68.00,1,2,-1,-1
908,100,488.00,183.00,114.00,39.00,1,2,-1,-1
908,83,143.00,178.00,203.00,66.00,1,2,-1,-1
909,100,488.00,184.00,115.00,40.00,1,2,-1,-1
909,83,142.00,178.00,202.00,68.00,1,2,-1,-1
910,100,488.00,185.00,115.00,40.00,1,2,-1,-1
910,83,140.00,180.00,202.00,66.00,1,2,-1,-1
911,100,488.00,186.00,115.00,40.00,1,2,-1,-1
911,83,138.00,182.00,202.00,65.00,1,2,-1,-1
912,100,487.00,187.00,115.00,40.00,1,2,-1,-1
912,83,137.00,183.00,201.00,65.00,1,2,-1,-1
913,100,488.00,187.00,114.00,41.00,1,2,-1,-1
913,83,136.00,182.00,201.00,66.00,1,2,-1,-1
914,100,488.00,188.00,115.00,40.00,1,2,-1,-1
914,83,134.00,184.00,200.00,64.00,1,2,-1,-1
915,100,488.00,188.00,115.00,40.00,1,2,-1,-1
915,83,134.00,185.00,200.00,63.00,1,2,-1,-1
916,100,487.00,189.00,115.00,39.00,1,2,-1,-1
916,83,133.00,184.00,199.00,64.00,1,2,-1,-1
917,100,486.00,188.00,116.00,40.00,1,2,-1,-1
917,83,129.00,182.00,199.00,67.00,1,2,-1,-1
918,100,485.00,188.00,115.00,42.00,1,2,-1,-1
918,83,129.00,184.00,197.00,66.00,1,2,-1,-1
919,100,486.00,188.00,114.00,42.00,1,2,-1,-1
919,83,126.00,183.00,198.00,67.00,1,2,-1,-1
920,100,486.00,188.00,114.00,42.00,1,2,-1,-1
920,83,124.00,183.00,198.00,67.00,1,2,-1,-1
921,100,486.00,190.00,114.00,41.00,1,2,-1,-1
921,83,123.00,184.00,197.00,66.00,1,2,-1,-1
922,100,486.00,191.00,114.00,41.00,1,2,-1,-1
922,83,122.00,186.00,196.00,65.00,1,2,-1,-1
923,100,486.00,191.00,114.00,41.00,1,2,-1,-1
923,83,121.00,186.00,196.00,66.00,1,2,-1,-1
924,100,486.00,191.00,114.00,41.00,1,2,-1,-1
924,83,119.00,187.00,197.00,65.00,1,2,-1,-1
925,100,486.00,192.00,114.00,40.00,1,2,-1,-1
925,83,115.00,186.00,202.00,66.00,1,2,-1,-1
926,100,486.00,193.00,115.00,39.00,1,2,-1,-1
926,83,114.00,186.00,202.00,66.00,1,2,-1,-1
927,100,486.00,192.00,116.00,41.00,1,2,-1,-1
927,83,115.00,187.00,202.00,65.00,1,2,-1,-1
928,100,488.00,193.00,114.00,41.00,1,2,-1,-1
928,83,114.00,187.00,203.00,67.00,1,2,-1,-1
929,100,488.00,196.00,114.00,39.00,1,2,-1,-1
929,83,113.00,189.00,205.00,65.00,1,2,-1,-1
930,100,488.00,196.00,114.00,40.00,1,2,-1,-1
930,83,112.00,186.00,206.00,69.00,1,2,-1,-1
931,100,488.00,197.00,116.00,39.00,1,2,-1,-1
931,83,111.00,188.00,207.00,67.00,1,2,-1,-1
932,100,488.00,197.00,116.00,39.00,1,2,-1,-1
932,83,110.00,190.00,210.00,66.00,1,2,-1,-1
933,100,488.00,197.00,115.00,41.00,1,2,-1,-1
933,83,109.00,192.00,210.00,64.00,1,2,-1,-1
934,100,488.00,199.00,114.00,39.00,1,2,-1,-1
934,83,108.00,191.00,212.00,66.00,1,2,-1,-1
935,100,488.00,199.00,115.00,40.00,1,2,-1,-1
935,83,106.00,191.00,212.00,67.00,1,2,-1,-1
936,100,488.00,200.00,114.00,39.00,1,2,-1,-1
936,83,105.00,191.00,213.00,67.00,1,2,-1,-1
937,100,488.00,201.00,114.00,39.00,1,2,-1,-1
937,83,104.00,191.00,214.00,68.00,1,2,-1,-1
938,100,488.00,201.00,114.00,39.00,1,2,-1,-1
938,83,103.00,191.00,214.00,69.00,1,2,-1,-1
939,100,488.00,201.00,115.00,39.00,1,2,-1,-1
939,83,102.00,192.00,215.00,68.00,1,2,-1,-1
940,100,488.00,200.00,116.00,40.00,1,2,-1,-1
940,83,100.00,192.00,218.00,68.00,1,2,-1,-1
941,100,488.00,200.00,116.00,40.00,1,2,-1,-1
941,83,99.00,193.00,218.00,67.00,1,2,-1,-1
942,100,489.00,200.00,116.00,40.00,1,2,-1,-1
942,83,98.00,193.00,220.00,67.00,1,2,-1,-1
943,100,490.00,200.00,114.00,40.00,1,2,-1,-1
943,83,98.00,192.00,221.00,68.00,1,2,-1,-1
944,100,492.00,200.00,114.00,41.00,1,2,-1,-1
944,83,98.00,193.00,221.00,68.00,1,2,-1,-1
945,100,494.00,200.00,114.00,42.00,1,2,-1,-1
945,83,98.00,194.00,224.00,68.00,1,2,-1,-1
946,100,494.00,200.00,116.00,41.00,1,2,-1,-1
946,83,98.00,194.00,226.00,68.00,1,2,-1,-1
947,100,495.00,200.00,115.00,41.00,1,2,-1,-1
947,83,98.00,194.00,211.00,68.00,1,2,-1,-1
948,100,497.00,200.00,115.00,42.00,1,2,-1,-1
948,83,98.00,195.00,206.00,67.00,1,2,-1,-1
949,101,260.00,199.00,70.00,45.00,1,2,-1,-1
949,100,500.00,199.00,115.00,42.00,1,2,-1,-1
949,83,101.00,194.00,194.00,68.00,1,2,-1,-1
950,101,269.00,200.00,63.00,44.00,1,2,-1,-1
950,100,503.00,199.00,113.00,43.00,1,2,-1,-1
950,83,102.00,194.00,195.00,67.00,1,2,-1,-1
951,100,503.00,200.00,115.00,41.00,1,2,-1,-1
951,83,101.00,194.00,203.00,67.00,1,2,-1,-1
952,100,505.00,200.00,115.00,41.00,1,2,-1,-1
952,83,102.00,194.00,200.00,67.00,1,2,-1,-1
953,102,272.00,198.00,66.00,46.00,1,2,-1,-1
953,100,508.00,201.00,114.00,40.00,1,2,-1,-1
953,83,103.00,194.00,193.00,67.00,1,2,-1,-1
954,102,270.00,197.00,70.00,46.00,1,2,-1,-1
954,100,509.00,199.00,113.00,41.00,1,2,-1,-1
954,83,103.00,194.00,193.00,66.00,1,2,-1,-1
955,100,509.00,198.00,114.00,42.00,1,2,-1,-1
955,83,102.00,193.00,209.00,67.00,1,2,-1,-1
956,100,508.00,198.00,114.00,42.00,1,2,-1,-1
956,83,99.00,192.00,207.00,68.00,1,2,-1,-1
957,100,508.00,195.00,115.00,44.00,1,2,-1,-1
957,83,100.00,192.00,196.00,68.00,1,2,-1,-1
958,100,508.00,194.00,114.00,45.00,1,2,-1,-1
958,83,98.00,192.00,203.00,67.00,1,2,-1,-1
959,103,254.00,196.00,84.00,44.00,1,2,-1,-1
959,100,508.00,196.00,114.00,42.00,1,2,-1,-1
959,83,97.00,190.00,197.00,68.00,1,2,-1,-1
960,103,252.00,196.00,85.00,43.00,1,2,-1,-1
960,100,508.00,195.00,114.00,43.00,1,2,-1,-1
960,83,95.00,189.00,214.00,68.00,1,2,-1,-1
961,100,507.00,198.00,115.00,39.00,1,2,-1,-1
961,103,250.00,194.00,88.00,44.00,1,2,-1,-1
961,83,94.00,188.00,189.00,69.00,1,2,-1,-1
962,100,506.00,197.00,116.00,39.00,1,2,-1,-1
962,103,249.00,194.00,89.00,44.00,1,2,-1,-1
962,83,93.00,187.00,187.00,69.00,1,2,-1,-1
963,100,506.00,196.00,115.00,40.00,1,2,-1,-1
963,103,247.00,194.00,89.00,44.00,1,2,-1,-1
963,83,90.00,187.00,187.00,69.00,1,2,-1,-1
964,100,505.00,195.00,115.00,41.00,1,2,-1,-1
964,103,244.00,194.00,91.00,43.00,1,2,-1,-1
964,83,88.00,186.00,189.00,70.00,1,2,-1,-1
965,103,243.00,194.00,90.00,43.00,1,2,-1,-1
965,100,504.00,197.00,116.00,38.00,1,2,-1,-1
965,83,85.00,187.00,189.00,68.00,1,2,-1,-1
966,103,240.00,194.00,93.00,43.00,1,2,-1,-1
966,100,504.00,196.00,115.00,40.00,1,2,-1,-1
966,83,84.00,187.00,188.00,68.00,1,2,-1,-1
967,100,502.00,197.00,115.00,39.00,1,2,-1,-1
967,103,240.00,194.00,92.00,43.00,1,2,-1,-1
967,83,80.00,187.00,189.00,67.00,1,2,-1,-1
968,100,501.00,198.00,115.00,38.00,1,2,-1,-1
968,103,239.00,194.00,91.00,43.00,1,2,-1,-1
968,83,78.00,187.00,188.00,68.00,1,2,-1,-1
969,103,238.00,194.00,92.00,43.00,1,2,-1,-1
969,100,500.00,198.00,116.00,38.00,1,2,-1,-1
969,83,76.00,188.00,188.00,67.00,1,2,-1,-1
970,103,242.00,195.00,87.00,43.00,1,2,-1,-1
970,100,498.00,196.00,116.00,41.00,1,2,-1,-1
970,83,73.00,188.00,189.00,67.00,1,2,-1,-1
971,103,241.00,196.00,86.00,42.00,1,2,-1,-1
971,100,498.00,197.00,114.00,40.00,1,2,-1,-1
971,83,71.00,188.00,191.00,68.00,1,2,-1,-1
972,103,237.00,197.00,89.00,43.00,1,2,-1,-1
972,100,497.00,198.00,115.00,40.00,1,2,-1,-1
972,83,68.00,189.00,189.00,68.00,1,2,-1,-1
973,103,236.00,198.00,90.00,43.00,1,2,-1,-1
973,100,496.00,199.00,116.00,40.00,1,2,-1,-1
973,83,66.00,190.00,190.00,68.00,1,2,-1,-1
974,103,231.00,198.00,93.00,44.00,1,2,-1,-1
974,100,496.00,200.00,114.00,39.00,1,2,-1,-1
974,83,64.00,191.00,188.00,67.00,1,2,-1,-1
975,103,228.00,198.00,96.00,44.00,1,2,-1,-1
975,100,495.00,199.00,113.00,41.00,1,2,-1,-1
975,83,62.00,191.00,188.00,67.00,1,2,-1,-1
976,103,227.00,198.00,97.00,45.00,1,2,-1,-1
976,100,493.00,200.00,115.00,41.00,1,2,-1,-1
976,83,59.00,191.00,189.00,67.00,1,2,-1,-1
977,103,231.00,199.00,92.00,45.00,1,2,-1,-1
977,100,493.00,199.00,113.00,44.00,1,2,-1,-1
977,83,57.00,192.00,189.00,68.00,1,2,-1,-1
978,103,230.00,201.00,91.00,44.00,1,2,-1,-1
978,100,490.00,202.00,114.00,42.00,1,2,-1,-1
978,83,53.00,194.00,191.00,67.00,1,2,-1,-1
979,103,228.00,204.00,92.00,43.00,1,2,-1,-1
979,100,489.00,203.00,115.00,43.00,1,2,-1,-1
979,83,51.00,195.00,190.00,68.00,1,2,-1,-1
980,103,228.00,206.00,91.00,42.00,1,2,-1,-1
980,100,488.00,207.00,116.00,40.00,1,2,-1,-1
980,83,49.00,197.00,190.00,68.00,1,2,-1,-1
981,103,228.00,208.00,88.00,43.00,1,2,-1,-1
981,100,487.00,208.00,113.00,41.00,1,2,-1,-1
981,83,44.00,200.00,192.00,67.00,1,2,-1,-1
982,103,221.00,210.00,94.00,43.00,1,2,-1,-1
982,100,484.00,209.00,113.00,43.00,1,2,-1,-1
982,83,41.00,202.00,190.00,67.00,1,2,-1,-1
983,103,219.00,212.00,93.00,42.00,1,2,-1,-1
983,100,481.00,213.00,114.00,41.00,1,2,-1,-1
983,83,38.00,203.00,190.00,69.00,1,2,-1,-1
984,103,219.00,214.00,91.00,43.00,1,2,-1,-1
984,100,480.00,215.00,113.00,42.00,1,2,-1,-1
984,83,32.00,206.00,195.00,67.00,1,2,-1,-1
985,103,214.00,217.00,94.00,43.00,1,2,-1,-1
985,100,477.00,217.00,114.00,43.00,1,2,-1,-1
985,83,30.00,210.00,190.00,66.00,1,2,-1,-1
986,103,211.00,220.00,93.00,43.00,1,2,-1,-1
986,100,473.00,223.00,114.00,41.00,1,2,-1,-1
986,83,25.00,213.00,189.00,67.00,1,2,-1,-1
987,100,470.00,223.00,114.00,44.00,1,2,-1,-1
987,103,206.00,224.00,95.00,42.00,1,2,-1,-1
987,83,20.00,215.00,193.00,67.00,1,2,-1,-1
988,100,465.00,226.00,115.00,43.00,1,2,-1,-1
988,103,201.00,226.00,96.00,43.00,1,2,-1,-1
988,83,16.00,218.00,192.00,67.00,1,2,-1,-1
989,103,179.00,228.00,112.00,43.00,1,2,-1,-1
989,100,461.00,231.00,114.00,40.00,1,2,-1,-1
989,83,8.00,221.00,194.00,67.00,1,2,-1,-1
990,103,182.00,230.00,105.00,44.00,1,2,-1,-1
990,100,457.00,234.00,113.00,40.00,1,2,-1,-1
990,83,2.00,223.00,197.00,67.00,1,2,-1,-1
991,104,454.00,230.00,112.00,44.00,1,8,-1,-1
991,103,179.00,232.00,105.00,43.00,1,2,-1,-1
991,100,454.00,231.00,113.00,44.00,1,2,-1,-1
991,83,0.00,225.00,195.00,66.00,1,2,-1,-1
992,100,449.00,232.00,115.00,44.00,1,2,-1,-1
992,103,179.00,233.00,103.00,42.00,1,2,-1,-1
992,83,1.00,225.00,191.00,67.00,1,2,-1,-1
993,103,175.00,233.00,105.00,44.00,1,2,-1,-1
993,100,448.00,236.00,114.00,40.00,1,2,-1,-1
993,83,0.00,225.00,188.00,67.00,1,2,-1,-1
994,103,156.00,233.00,123.00,44.00,1,2,-1,-1
994,100,448.00,236.00,114.00,41.00,1,2,-1,-1
994,83,0.00,225.00,183.00,68.00,1,2,-1,-1
995,103,163.00,234.00,116.00,44.00,1,2,-1,-1
995,100,447.00,238.00,114.00,40.00,1,2,-1,-1
995,83,0.00,226.00,184.00,68.00,1,2,-1,-1
996,100,446.00,239.00,115.00,41.00,1,2,-1,-1
996,103,156.00,236.00,123.00,43.00,1,2,-1,-1
996,83,1.00,227.00,179.00,69.00,1,2,-1,-1
997,103,156.00,237.00,123.00,43.00,1,2,-1,-1
997,100,448.00,239.00,112.00,41.00,1,2,-1,-1
997,83,1.00,228.00,177.00,69.00,1,2,-1,-1
998,100,447.00,239.00,113.00,41.00,1,2,-1,-1
998,103,154.00,237.00,123.00,43.00,1,2,-1,-1
998,83,1.00,228.00,174.00,69.00,1,2,-1,-1
999,103,154.00,238.00,124.00,42.00,1,2,-1,-1
999,100,448.00,239.00,112.00,42.00,1,2,-1,-1
999,83,0.00,229.00,173.00,69.00,1,2,-1,-1
1000,100,448.00,239.00,113.00,42.00,1,2,-1,-1
1000,103,155.00,238.00,125.00,42.00,1,2,-1,-1
1000,83,0.00,229.00,170.00,70.00,1,2,-1,-1
1001,100,449.00,240.00,113.00,43.00,1,2,-1,-1
1001,103,155.00,239.00,125.00,43.00,1,2,-1,-1
1001,83,0.00,230.00,170.00,70.00,1,2,-1,-1
1002,105,614.00,239.00,26.00,48.00,1,2,-1,-1
1002,100,448.00,244.00,113.00,40.00,1,2,-1,-1
1002,103,156.00,240.00,124.00,44.00,1,2,-1,-1
1002,83,0.00,232.00,168.00,70.00,1,2,-1,-1
1003,105,613.00,237.00,27.00,55.00,1,2,-1,-1
1003,100,448.00,247.00,114.00,40.00,1,2,-1,-1
1003,103,155.00,242.00,125.00,44.00,1,2,-1,-1
1003,83,0.00,234.00,166.00,69.00,1,2,-1,-1
1004,106,449.00,248.00,113.00,40.00,1,8,-1,-1
1004,100,450.00,248.00,112.00,40.00,1,2,-1,-1
1004,103,157.00,244.00,124.00,44.00,1,2,-1,-1
1004,83,0.00,235.00,166.00,69.00,1,2,-1,-1
1005,106,450.00,252.00,114.00,38.00,1,8,-1,-1
1005,100,450.00,252.00,114.00,38.00,1,2,-1,-1
1005,103,156.00,246.00,126.00,44.00,1,2,-1,-1
1005,83,0.00,237.00,165.00,69.00,1,2,-1,-1
1006,106,451.00,253.00,113.00,38.00,1,8,-1,-1
1006,100,451.00,254.00,112.00,38.00,1,2,-1,-1
1006,103,156.00,247.00,126.00,44.00,1,2,-1,-1
1006,83,0.00,240.00,166.00,68.00,1,2,-1,-1
1007,107,602.00,246.00,38.00,98.00,1,2,-1,-1
1007,100,450.00,254.00,114.00,40.00,1,2,-1,-1
1007,83,0.00,241.00,176.00,67.00,1,2,-1,-1
1007,103,157.00,248.00,124.00,44.00,1,2,-1,-1
1008,100,450.00,257.00,113.00,39.00,1,2,-1,-1
1008,107,600.00,248.00,40.00,104.00,1,2,-1,-1
1008,108,450.00,256.00,114.00,40.00,1,8,-1,-1
1008,83,0.00,243.00,161.00,68.00,1,2,-1,-1
1008,103,156.00,250.00,126.00,45.00,1,2,-1,-1
1009,107,598.00,249.00,42.00,99.00,1,2,-1,-1
1009,108,448.00,256.00,114.00,40.00,1,8,-1,-1
1009,100,450.00,256.00,112.00,40.00,1,2,-1,-1
1009,83,0.00,244.00,160.00,68.00,1,2,-1,-1
1009,103,155.00,252.00,125.00,44.00,1,2,-1,-1
1010,108,447.00,254.00,112.00,42.00,1,8,-1,-1
1010,107,592.00,252.00,48.00,100.00,1,2,-1,-1
1010,100,448.00,256.00,111.00,40.00,1,2,-1,-1
1010,83,0.00,244.00,154.00,68.00,1,2,-1,-1
1010,103,153.00,250.00,125.00,46.00,1,2,-1,-1
1011,107,580.00,251.00,60.00,102.00,1,2,-1,-1
1011,100,446.00,255.00,112.00,42.00,1,2,-1,-1
1011,103,152.00,252.00,124.00,44.00,1,2,-1,-1
1011,83,0.00,244.00,153.00,68.00,1,2,-1,-1
1012,107,578.00,248.00,62.00,106.00,1,2,-1,-1
1012,100,445.00,256.00,113.00,40.00,1,2,-1,-1
1012,103,151.00,252.00,125.00,44.00,1,2,-1,-1
1012,83,0.00,244.00,151.00,68.00,1,2,-1,-1
1013,107,570.00,251.00,70.00,105.00,1,2,-1,-1
1013,109,444.00,255.00,112.00,40.00,1,8,-1,-1
1013,100,444.00,255.00,112.00,40.00,1,2,-1,-1
1013,103,150.00,250.00,124.00,46.00,1,2,-1,-1
1013,83,0.00,244.00,148.00,67.00,1,2,-1,-1
1014,107,567.00,249.00,73.00,103.00,1,2,-1,-1
1014,100,441.00,255.00,113.00,40.00,1,2,-1,-1
1014,103,146.00,250.00,127.00,45.00,1,2,-1,-1
1014,83,0.00,244.00,145.00,67.00,1,2,-1,-1
1015,107,562.00,252.00,78.00,98.00,1,2,-1,-1
1015,100,440.00,254.00,112.00,40.00,1,2,-1,-1
1015,103,145.00,250.00,125.00,44.00,1,2,-1,-1
1015,83,0.00,244.00,143.00,66.00,1,2,-1,-1
1016,110,438.00,253.00,113.00,41.00,1,8,-1,-1
1016,107,555.00,251.00,85.00,99.00,1,2,-1,-1
1016,100,438.00,253.00,114.00,41.00,1,2,-1,-1
1016,83,0.00,244.00,140.00,66.00,1,2,-1,-1
1016,103,144.00,250.00,124.00,44.00,1,2,-1,-1
1017,107,554.00,252.00,86.00,98.00,1,2,-1,-1
1017,100,438.00,252.00,112.00,41.00,1,2,-1,-1
1017,83,0.00,243.00,136.00,67.00,1,2,-1,-1
1017,103,143.00,250.00,125.00,43.00,1,2,-1,-1
1018,107,550.00,250.00,90.00,94.00,1,2,-1,-1
1018,100,437.00,253.00,113.00,39.00,1,2,-1,-1
1018,83,0.00,242.00,134.00,67.00,1,2,-1,-1
1018,103,144.00,250.00,124.00,42.00,1,2,-1,-1
1019,107,546.00,248.00,94.00,95.00,1,2,-1,-1
1019,100,437.00,252.00,113.00,40.00,1,2,-1,-1
1019,83,0.00,242.00,133.00,66.00,1,2,-1,-1
1019,103,144.00,250.00,124.00,42.00,1,2,-1,-1
1020,107,544.00,248.00,96.00,92.00,1,2,-1,-1
1020,100,440.00,251.00,110.00,40.00,1,2,-1,-1
1020,83,0.00,241.00,133.00,67.00,1,2,-1,-1
1020,103,144.00,248.00,126.00,43.00,1,2,-1,-1
1021,107,541.00,243.00,99.00,95.00,1,2,-1,-1
1021,100,440.00,248.00,112.00,42.00,1,2,-1,-1
1021,103,145.00,246.00,125.00,44.00,1,2,-1,-1
1021,83,0.00,241.00,134.00,66.00,1,2,-1,-1
1022,107,542.00,241.00,98.00,95.00,1,2,-1,-1
1022,100,440.00,245.00,113.00,44.00,1,2,-1,-1
1022,103,147.00,247.00,125.00,43.00,1,2,-1,-1
1022,83,0.00,240.00,134.00,67.00,1,2,-1,-1
1023,100,443.00,246.00,113.00,42.00,1,2,-1,-1
1023,107,546.00,238.00,94.00,96.00,1,2,-1,-1
1023,103,149.00,246.00,126.00,43.00,1,2,-1,-1
1023,83,0.00,239.00,134.00,67.00,1,2,-1,-1
1024,100,445.00,246.00,113.00,42.00,1,2,-1,-1
1024,107,546.00,240.00,94.00,100.00,1,2,-1,-1
1024,103,151.00,246.00,125.00,42.00,1,2,-1,-1
1024,83,0.00,237.00,135.00,69.00,1,2,-1,-1
1025,100,450.00,246.00,114.00,40.00,1,2,-1,-1
1025,107,542.00,240.00,98.00,96.00,1,2,-1,-1
1025,103,155.00,245.00,125.00,43.00,1,2,-1,-1
1025,83,0.00,239.00,136.00,66.00,1,2,-1,-1
1026,100,452.00,247.00,114.00,39.00,1,2,-1,-1
1026,107,547.00,241.00,93.00,101.00,1,2,-1,-1
1026,103,158.00,244.00,125.00,43.00,1,2,-1,-1
1026,83,0.00,236.00,137.00,68.00,1,2,-1,-1
1027,100,455.00,246.00,112.00,39.00,1,2,-1,-1
1027,107,548.00,241.00,92.00,100.00,1,2,-1,-1
1027,103,160.00,243.00,125.00,43.00,1,2,-1,-1
1027,83,0.00,235.00,139.00,68.00,1,2,-1,-1
1028,100,456.00,244.00,114.00,40.00,1,2,-1,-1
1028,107,546.00,240.00,94.00,98.00,1,2,-1,-1
1028,103,162.00,242.00,125.00,43.00,1,2,-1,-1
1028,83,0.00,234.00,140.00,69.00,1,2,-1,-1
1029,107,542.00,243.00,98.00,95.00,1,2,-1,-1
1029,100,458.00,244.00,112.00,40.00,1,2,-1,-1
1029,103,164.00,242.00,126.00,42.00,1,2,-1,-1
1029,83,0.00,233.00,141.00,69.00,1,2,-1,-1
1030,100,460.00,242.00,112.00,40.00,1,2,-1,-1
1030,107,540.00,238.00,100.00,102.00,1,2,-1,-1
1030,83,0.00,233.00,142.00,67.00,1,2,-1,-1
1030,103,166.00,241.00,126.00,42.00,1,2,-1,-1
1031,100,462.00,243.00,120.00,38.00,1,2,-1,-1
1031,107,540.00,236.00,100.00,99.00,1,2,-1,-1
1031,83,0.00,232.00,142.00,68.00,1,2,-1,-1
1031,103,168.00,241.00,124.00,41.00,1,2,-1,-1
1032,100,463.00,241.00,115.00,39.00,1,2,-1,-1
1032,107,544.00,232.00,96.00,104.00,1,2,-1,-1
1032,83,0.00,231.00,142.00,68.00,1,2,-1,-1
1032,103,168.00,239.00,126.00,43.00,1,2,-1,-1
1033,107,545.00,229.00,95.00,109.00,1,2,-1,-1
1033,100,464.00,240.00,120.00,39.00,1,2,-1,-1
1033,83,0.00,230.00,142.00,67.00,1,2,-1,-1
1033,103,170.00,238.00,125.00,42.00,1,2,-1,-1
1034,100,465.00,240.00,111.00,38.00,1,2,-1,-1
1034,107,538.00,225.00,102.00,111.00,1,2,-1,-1
1034,83,0.00,229.00,143.00,67.00,1,2,-1,-1
1034,103,171.00,237.00,125.00,42.00,1,2,-1,-1
1035,107,468.00,227.00,172.00,105.00,1,2,-1,-1
1035,83,0.00,228.00,143.00,68.00,1,2,-1,-1
1035,103,173.00,236.00,125.00,42.00,1,2,-1,-1
1036,111,467.00,239.00,111.00,37.00,1,2,-1,-1
1036,107,479.00,230.00,160.00,103.00,1,2,-1,-1
1036,83,0.00,228.00,142.00,68.00,1,2,-1,-1
1036,103,173.00,235.00,125.00,43.00,1,2,-1,-1
1037,107,482.00,227.00,158.00,107.00,1,2,-1,-1
1037,103,175.00,234.00,125.00,44.00,1,2,-1,-1
1037,83,0.00,227.00,142.00,68.00,1,2,-1,-1
1038,107,473.00,226.00,167.00,107.00,1,2,-1,-1
1038,103,176.00,234.00,125.00,42.00,1,2,-1,-1
1038,83,0.00,226.00,142.00,68.00,1,2,-1,-1
1039,107,482.00,222.00,157.00,110.00,1,2,-1,-1
1039,103,178.00,234.00,124.00,42.00,1,2,-1,-1
1039,83,0.00,225.00,142.00,68.00,1,2,-1,-1
1040,107,474.00,219.00,166.00,116.00,1,2,-1,-1
1040,103,180.00,232.00,124.00,43.00,1,2,-1,-1
1040,83,0.00,225.00,142.00,67.00,1,2,-1,-1
1041,107,475.00,221.00,165.00,111.00,1,2,-1,-1
1041,103,180.00,232.00,124.00,42.00,1,2,-1,-1
1041,83,0.00,224.00,142.00,67.00,1,2,-1,-1
1042,107,476.00,222.00,164.00,107.00,1,2,-1,-1
1042,103,181.00,232.00,124.00,41.00,1,2,-1,-1
1042,83,0.00,224.00,141.00,67.00,1,2,-1,-1
1043,107,476.00,221.00,164.00,104.00,1,2,-1,-1
1043,103,182.00,231.00,124.00,42.00,1,2,-1,-1
1043,83,0.00,224.00,142.00,67.00,1,2,-1,-1
1044,107,477.00,224.00,163.00,98.00,1,2,-1,-1
1044,103,184.00,230.00,124.00,42.00,1,2,-1,-1
1044,83,0.00,223.00,140.00,67.00,1,2,-1,-1
1045,107,479.00,224.00,161.00,98.00,1,2,-1,-1
1045,103,185.00,230.00,124.00,42.00,1,2,-1,-1
1045,83,0.00,223.00,140.00,66.00,1,2,-1,-1
1046,107,480.00,224.00,160.00,94.00,1,2,-1,-1
1046,103,186.00,229.00,124.00,42.00,1,2,-1,-1
1046,83,0.00,223.00,139.00,65.00,1,2,-1,-1
1047,107,481.00,222.00,159.00,95.00,1,2,-1,-1
1047,103,186.00,228.00,125.00,42.00,1,2,-1,-1
1047,83,0.00,221.00,138.00,67.00,1,2,-1,-1
1048,107,482.00,225.00,158.00,89.00,1,2,-1,-1
1048,103,186.00,226.00,125.00,44.00,1,2,-1,-1
1048,83,0.00,220.00,138.00,67.00,1,2,-1,-1
1049,107,483.00,226.00,157.00,87.00,1,2,-1,-1
1049,103,188.00,226.00,124.00,43.00,1,2,-1,-1
1049,83,0.00,220.00,137.00,67.00,1,2,-1,-1
1050,107,484.00,221.00,156.00,91.00,1,2,-1,-1
1050,103,189.00,226.00,123.00,42.00,1,2,-1,-1
1050,83,0.00,220.00,136.00,66.00,1,2,-1,-1
1051,107,482.00,218.00,158.00,93.00,1,2,-1,-1
1051,103,189.00,226.00,124.00,42.00,1,2,-1,-1
1051,83,0.00,220.00,136.00,66.00,1,2,-1,-1
1052,107,482.00,215.00,158.00,95.00,1,2,-1,-1
1052,103,191.00,225.00,124.00,41.00,1,2,-1,-1
1052,83,0.00,218.00,136.00,66.00,1,2,-1,-1
1053,107,480.00,204.00,160.00,105.00,1,2,-1,-1
1053,103,192.00,225.00,123.00,41.00,1,2,-1,-1
1053,83,0.00,217.00,136.00,66.00,1,2,-1,-1
1054,107,475.00,201.00,165.00,107.00,1,2,-1,-1
1054,103,192.00,224.00,124.00,42.00,1,2,-1,-1
1054,83,0.00,217.00,134.00,65.00,1,2,-1,-1
1055,107,473.00,209.00,167.00,99.00,1,2,-1,-1
1055,103,192.00,224.00,124.00,41.00,1,2,-1,-1
1055,83,0.00,216.00,134.00,66.00,1,2,-1,-1
1056,107,470.00,215.00,170.00,95.00,1,2,-1,-1
1056,103,192.00,224.00,125.00,42.00,1,2,-1,-1
1056,83,0.00,217.00,132.00,65.00,1,2,-1,-1
1057,107,469.00,199.00,171.00,109.00,1,2,-1,-1
1057,103,193.00,224.00,124.00,41.00,1,2,-1,-1
1057,83,0.00,217.00,132.00,65.00,1,2,-1,-1
1058,103,195.00,224.00,123.00,41.00,1,2,-1,-1
1058,107,463.00,197.00,177.00,112.00,1,2,-1,-1
1058,83,0.00,216.00,131.00,66.00,1,2,-1,-1
1059,103,195.00,223.00,124.00,41.00,1,2,-1,-1
1059,107,462.00,204.00,178.00,105.00,1,2,-1,-1
1059,83,0.00,216.00,130.00,66.00,1,2,-1,-1
1060,103,196.00,222.00,123.00,42.00,1,2,-1,-1
1060,107,459.00,204.00,180.00,105.00,1,2,-1,-1
1060,83,0.00,216.00,130.00,66.00,1,2,-1,-1
1061,103,196.00,223.00,124.00,41.00,1,2,-1,-1
1061,107,458.00,192.00,181.00,116.00,1,2,-1,-1
1061,83,0.00,216.00,129.00,66.00,1,2,-1,-1
1062,107,456.00,202.00,184.00,106.00,1,2,-1,-1
1062,103,198.00,223.00,124.00,41.00,1,2,-1,-1
1062,83,0.00,216.00,128.00,66.00,1,2,-1,-1
1063,107,451.00,199.00,189.00,109.00,1,2,-1,-1
1063,103,199.00,224.00,124.00,42.00,1,2,-1,-1
1063,83,0.00,216.00,128.00,68.00,1,2,-1,-1
1064,107,446.00,202.00,194.00,107.00,1,2,-1,-1
1064,103,200.00,226.00,124.00,41.00,1,2,-1,-1
1064,83,0.00,218.00,128.00,67.00,1,2,-1,-1
1065,107,448.00,207.00,192.00,105.00,1,2,-1,-1
1065,103,201.00,226.00,124.00,43.00,1,2,-1,-1
1065,83,0.00,220.00,128.00,67.00,1,2,-1,-1
1066,107,448.00,212.00,192.00,102.00,1,2,-1,-1
1066,103,203.00,229.00,125.00,42.00,1,2,-1,-1
1066,83,0.00,222.00,128.00,68.00,1,2,-1,-1
1067,107,442.00,216.00,198.00,100.00,1,2,-1,-1
1067,103,206.00,232.00,124.00,41.00,1,2,-1,-1
1067,83,0.00,224.00,129.00,67.00,1,2,-1,-1
1068,107,444.00,220.00,196.00,97.00,1,2,-1,-1
1068,103,209.00,234.00,124.00,41.00,1,2,-1,-1
1068,83,0.00,225.00,132.00,67.00,1,2,-1,-1
1069,107,446.00,224.00,193.00,96.00,1,2,-1,-1
1069,103,212.00,236.00,124.00,42.00,1,2,-1,-1
1069,83,0.00,228.00,134.00,67.00,1,2,-1,-1
1070,107,446.00,227.00,193.00,96.00,1,2,-1,-1
1070,103,214.00,239.00,125.00,42.00,1,2,-1,-1
1070,83,0.00,232.00,135.00,66.00,1,2,-1,-1
1071,107,445.00,236.00,195.00,92.00,1,2,-1,-1
1071,103,216.00,244.00,124.00,42.00,1,2,-1,-1
1071,83,0.00,236.00,135.00,67.00,1,2,-1,-1
1072,107,437.00,241.00,203.00,94.00,1,2,-1,-1
1072,103,219.00,249.00,124.00,42.00,1,2,-1,-1
1072,83,0.00,242.00,136.00,66.00,1,2,-1,-1
1073,107,440.00,241.00,200.00,97.00,1,2,-1,-1
1073,103,222.00,250.00,124.00,43.00,1,2,-1,-1
1073,83,0.00,243.00,138.00,65.00,1,2,-1,-1
1074,107,440.00,236.00,200.00,100.00,1,2,-1,-1
1074,103,223.00,250.00,125.00,42.00,1,2,-1,-1
1074,83,0.00,243.00,138.00,65.00,1,2,-1,-1
1075,107,441.00,231.00,199.00,105.00,1,2,-1,-1
1075,103,225.00,250.00,124.00,42.00,1,2,-1,-1
1075,83,0.00,242.00,138.00,66.00,1,2,-1,-1
1076,107,438.00,232.00,202.00,102.00,1,2,-1,-1
1076,103,228.00,248.00,123.00,42.00,1,2,-1,-1
1076,83,0.00,240.00,139.00,66.00,1,2,-1,-1
1077,103,230.00,246.00,124.00,43.00,1,2,-1,-1
1077,107,434.00,231.00,206.00,101.00,1,2,-1,-1
1077,83,0.00,238.00,142.00,66.00,1,2,-1,-1
1078,107,434.00,231.00,206.00,99.00,1,2,-1,-1
1078,103,232.00,244.00,124.00,43.00,1,2,-1,-1
1078,83,0.00,236.00,142.00,67.00,1,2,-1,-1
1079,107,432.00,229.00,208.00,99.00,1,2,-1,-1
1079,103,230.00,243.00,125.00,43.00,1,2,-1,-1
1079,83,0.00,235.00,141.00,66.00,1,2,-1,-1
1080,107,423.00,229.00,217.00,97.00,1,2,-1,-1
1080,103,229.00,241.00,124.00,41.00,1,2,-1,-1
1080,83,0.00,232.00,138.00,66.00,1,2,-1,-1
1081,103,228.00,238.00,123.00,42.00,1,2,-1,-1
1081,107,421.00,219.00,219.00,104.00,1,2,-1,-1
1081,83,0.00,230.00,136.00,66.00,1,2,-1,-1
1082,107,417.00,212.00,223.00,108.00,1,2,-1,-1
1082,103,226.00,234.00,124.00,42.00,1,2,-1,-1
1082,83,0.00,226.00,134.00,66.00,1,2,-1,-1
1083,107,412.00,214.00,228.00,102.00,1,2,-1,-1
1083,103,224.00,230.00,124.00,44.00,1,2,-1,-1
1083,83,0.00,222.00,130.00,67.00,1,2,-1,-1
1084,83,0.00,221.00,125.00,65.00,1,2,-1,-1
1084,103,220.00,228.00,124.00,43.00,1,2,-1,-1
1084,107,406.00,218.00,234.00,94.00,1,2,-1,-1
1085,103,216.00,226.00,124.00,42.00,1,2,-1,-1
1085,83,0.00,218.00,120.00,66.00,1,2,-1,-1
1085,107,393.00,214.00,246.00,96.00,1,2,-1,-1
1086,112,589.00,199.00,22.00,22.00,1,6,-1,-1
1086,103,213.00,223.00,123.00,43.00,1,2,-1,-1
1086,83,0.00,215.00,114.00,67.00,1,2,-1,-1
1086,107,390.00,208.00,250.00,100.00,1,2,-1,-1
1087,103,209.00,221.00,123.00,43.00,1,2,-1,-1
1087,83,0.00,214.00,110.00,65.00,1,2,-1,-1
1087,107,384.00,206.00,256.00,100.00,1,2,-1,-1
1088,83,0.00,212.00,106.00,65.00,1,2,-1,-1
1088,103,205.00,219.00,125.00,44.00,1,2,-1,-1
1088,107,376.00,205.00,264.00,100.00,1,2,-1,-1
1089,107,370.00,206.00,270.00,98.00,1,2,-1,-1
1089,83,0.00,210.00,102.00,66.00,1,2,-1,-1
1089,103,202.00,218.00,124.00,43.00,1,2,-1,-1
1090,83,0.00,208.00,98.00,66.00,1,2,-1,-1
1090,103,200.00,217.00,124.00,43.00,1,2,-1,-1
1090,107,367.00,201.00,273.00,102.00,1,2,-1,-1
1091,83,0.00,208.00,95.00,66.00,1,2,-1,-1
1091,103,199.00,216.00,124.00,43.00,1,2,-1,-1
1091,107,364.00,204.00,276.00,100.00,1,2,-1,-1
1092,83,0.00,203.00,93.00,69.00,1,2,-1,-1
1092,103,197.00,214.00,124.00,43.00,1,2,-1,-1
1092,107,357.00,202.00,283.00,99.00,1,2,-1,-1
1093,107,356.00,200.00,284.00,100.00,1,2,-1,-1
1093,103,197.00,212.00,123.00,43.00,1,2,-1,-1
1093,83,0.00,202.00,91.00,68.00,1,2,-1,-1
1094,83,0.00,198.00,89.00,70.00,1,2,-1,-1
1094,103,196.00,210.00,123.00,43.00,1,2,-1,-1
1094,107,346.00,197.00,293.00,102.00,1,2,-1,-1
1095,103,196.00,210.00,123.00,42.00,1,2,-1,-1
1095,83,0.00,196.00,88.00,70.00,1,2,-1,-1
1095,107,344.00,195.00,295.00,102.00,1,2,-1,-1
1096,83,0.00,195.00,88.00,70.00,1,2,-1,-1
1096,107,346.00,192.00,293.00,104.00,1,2,-1,-1
1096,103,196.00,207.00,124.00,43.00,1,2,-1,-1
1097,83,0.00,192.00,88.00,71.00,1,2,-1,-1
1097,103,197.00,206.00,123.00,42.00,1,2,-1,-1
1097,107,339.00,188.00,300.00,106.00,1,2,-1,-1
1098,83,0.00,191.00,87.00,69.00,1,2,-1,-1
1098,103,199.00,202.00,123.00,44.00,1,2,-1,-1
1098,107,336.00,187.00,303.00,104.00,1,2,-1,-1
1099,103,200.00,199.00,124.00,44.00,1,2,-1,-1
1099,83,0.00,188.00,88.00,70.00,1,2,-1,-1
1099,107,334.00,179.00,306.00,109.00,1,2,-1,-1
1100,83,0.00,184.00,89.00,70.00,1,2,-1,-1
1100,103,203.00,196.00,123.00,43.00,1,2,-1,-1
1100,107,333.00,188.00,307.00,95.00,1,2,-1,-1
1101,83,0.00,179.00,89.00,72.00,1,2,-1,-1
1101,103,205.00,193.00,123.00,43.00,1,2,-1,-1
1101,107,330.00,183.00,309.00,95.00,1,2,-1,-1
1102,83,0.00,178.00,90.00,70.00,1,2,-1,-1
1102,103,206.00,190.00,124.00,43.00,1,2,-1,-1
1102,107,328.00,177.00,312.00,98.00,1,2,-1,-1
1103,83,0.00,176.00,90.00,70.00,1,2,-1,-1
1103,103,208.00,188.00,124.00,43.00,1,2,-1,-1
1103,107,329.00,176.00,311.00,97.00,1,2,-1,-1
1104,83,0.00,174.00,90.00,68.00,1,2,-1,-1
1104,103,209.00,186.00,123.00,42.00,1,2,-1,-1
1104,107,329.00,174.00,311.00,96.00,1,2,-1,-1
1105,83,0.00,171.00,92.00,69.00,1,2,-1,-1
1105,103,212.00,182.00,124.00,42.00,1,2,-1,-1
1105,107,326.00,174.00,314.00,93.00,1,2,-1,-1
1106,83,0.00,168.00,94.00,66.00,1,2,-1,-1
1106,107,326.00,166.00,314.00,97.00,1,2,-1,-1
1106,103,215.00,178.00,123.00,42.00,1,2,-1,-1
1107,107,324.00,162.00,316.00,97.00,1,2,-1,-1
1107,83,0.00,164.00,94.00,66.00,1,2,-1,-1
1107,103,215.00,174.00,124.00,43.00,1,2,-1,-1
1108,83,0.00,162.00,88.00,66.00,1,2,-1,-1
1108,103,210.00,171.00,124.00,43.00,1,2,-1,-1
1108,107,314.00,162.00,325.00,94.00,1,2,-1,-1
1109,83,0.00,156.00,77.00,70.00,1,2,-1,-1
1109,103,202.00,169.00,123.00,43.00,1,2,-1,-1
1109,107,302.00,158.00,336.00,96.00,1,2,-1,-1
1110,83,0.00,156.00,73.00,68.00,1,2,-1,-1
1110,103,198.00,167.00,124.00,43.00,1,2,-1,-1
1110,107,297.00,155.00,335.00,96.00,1,2,-1,-1
1111,83,0.00,154.00,71.00,68.00,1,2,-1,-1
1111,103,198.00,165.00,123.00,43.00,1,2,-1,-1
1111,107,294.00,154.00,334.00,96.00,1,2,-1,-1
1112,83,0.00,150.00,70.00,70.00,1,2,-1,-1
1112,103,198.00,164.00,126.00,42.00,1,2,-1,-1
1112,107,294.00,154.00,330.00,94.00,1,2,-1,-1
1113,83,0.00,139.00,68.00,78.00,1,2,-1,-1
1113,103,197.00,162.00,129.00,43.00,1,2,-1,-1
1113,107,292.00,151.00,328.00,95.00,1,2,-1,-1
1114,103,198.00,161.00,130.00,42.00,1,2,-1,-1
1114,83,0.00,145.00,67.00,71.00,1,2,-1,-1
1114,107,292.00,150.00,325.00,94.00,1,2,-1,-1
1115,103,199.00,160.00,131.00,43.00,1,2,-1,-1
1115,83,0.00,135.00,68.00,80.00,1,2,-1,-1
1115,107,294.00,147.00,320.00,96.00,1,2,-1,-1
1116,103,200.00,159.00,131.00,43.00,1,2,-1,-1
1116,83,0.00,137.00,68.00,77.00,1,2,-1,-1
1116,107,290.00,146.00,320.00,96.00,1,2,-1,-1
1117,103,199.00,158.00,131.00,44.00,1,2,-1,-1
1117,83,0.00,136.00,67.00,78.00,1,2,-1,-1
1117,107,288.00,146.00,320.00,96.00,1,2,-1,-1
1118,103,200.00,160.00,127.00,42.00,1,2,-1,-1
1118,83,0.00,132.00,65.00,83.00,1,2,-1,-1
1118,107,274.00,146.00,332.00,96.00,1,2,-1,-1
1119,103,200.00,159.00,126.00,44.00,1,2,-1,-1
1119,83,0.00,133.00,65.00,82.00,1,2,-1,-1
1119,107,278.00,146.00,329.00,97.00,1,2,-1,-1
1120,103,200.00,160.00,126.00,42.00,1,2,-1,-1
1120,83,0.00,134.00,64.00,81.00,1,2,-1,-1
1120,107,274.00,146.00,332.00,97.00,1,2,-1,-1
1121,113,446.00,134.00,22.00,24.00,1,6,-1,-1
1121,103,200.00,160.00,125.00,43.00,1,2,-1,-1
1121,83,0.00,151.00,63.00,64.00,1,2,-1,-1
1121,107,266.00,150.00,340.00,95.00,1,2,-1,-1
1122,113,446.00,134.00,23.00,26.00,1,6,-1,-1
1122,103,203.00,162.00,116.00,41.00,1,2,-1,-1
1122,83,0.00,136.00,65.00,81.00,1,2,-1,-1
1122,107,264.00,151.00,342.00,95.00,1,2,-1,-1
1123,103,205.00,164.00,97.00,38.00,1,2,-1,-1
1123,83,0.00,152.00,67.00,64.00,1,2,-1,-1
1123,107,209.00,150.00,399.00,96.00,1,2,-1,-1
1124,103,206.00,164.00,102.00,38.00,1,2,-1,-1
1124,114,443.00,134.00,21.00,25.00,1,6,-1,-1
1124,83,0.00,151.00,66.00,65.00,1,2,-1,-1
1124,107,211.00,149.00,378.00,96.00,1,2,-1,-1
1125,114,438.00,134.00,24.00,25.00,1,6,-1,-1
1125,103,207.00,164.00,89.00,39.00,1,2,-1,-1
1125,107,218.00,151.00,368.00,94.00,1,2,-1,-1
1125,83,0.00,152.00,67.00,65.00,1,2,-1,-1
1126,115,527.00,162.00,91.00,43.00,1,2,-1,-1
1126,114,438.00,134.00,22.00,25.00,1,6,-1,-1
1126,103,209.00,165.00,92.00,37.00,1,2,-1,-1
1126,107,213.00,150.00,371.00,96.00,1,2,-1,-1
1126,83,0.00,152.00,68.00,65.00,1,2,-1,-1
1127,103,210.00,166.00,84.00,36.00,1,2,-1,-1
1127,114,434.00,134.00,24.00,26.00,1,6,-1,-1
1127,115,530.00,162.00,88.00,43.00,1,2,-1,-1
1127,83,0.00,151.00,69.00,67.00,1,2,-1,-1
1127,107,216.00,150.00,364.00,96.00,1,2,-1,-1
1128,115,535.00,162.00,85.00,42.00,1,2,-1,-1
1128,83,0.00,152.00,69.00,66.00,1,2,-1,-1
1128,107,217.00,149.00,361.00,96.00,1,2,-1,-1
1129,116,213.00,165.00,89.00,38.00,1,2,-1,-1
1129,83,0.00,151.00,70.00,67.00,1,2,-1,-1
1129,107,218.00,149.00,360.00,96.00,1,2,-1,-1
1130,117,427.00,134.00,23.00,25.00,1,6,-1,-1
1130,118,542.00,163.00,80.00,42.00,1,2,-1,-1
1130,83,0.00,151.00,69.00,67.00,1,2,-1,-1
1130,107,217.00,150.00,359.00,94.00,1,2,-1,-1
1131,118,540.00,163.00,82.00,42.00,1,2,-1,-1
1131,83,0.00,154.00,68.00,64.00,1,2,-1,-1
1131,107,216.00,152.00,352.00,93.00,1,2,-1,-1
1132,118,538.00,164.00,83.00,41.00,1,2,-1,-1
1132,83,0.00,154.00,67.00,65.00,1,2,-1,-1
1132,107,216.00,153.00,348.00,93.00,1,2,-1,-1
1133,118,538.00,166.00,84.00,40.00,1,2,-1,-1
1133,83,0.00,155.00,68.00,65.00,1,2,-1,-1
1133,107,217.00,152.00,343.00,95.00,1,2,-1,-1
1134,118,540.00,169.00,84.00,38.00,1,2,-1,-1
1134,83,0.00,157.00,68.00,65.00,1,2,-1,-1
1134,107,218.00,156.00,341.00,92.00,1,2,-1,-1
1135,118,542.00,170.00,84.00,37.00,1,2,-1,-1
1135,83,0.00,152.00,70.00,71.00,1,2,-1,-1
1135,107,220.00,156.00,337.00,92.00,1,2,-1,-1
1136,119,412.00,140.00,22.00,23.00,1,6,-1,-1
1136,118,547.00,170.00,82.00,38.00,1,2,-1,-1
1136,83,0.00,155.00,73.00,69.00,1,2,-1,-1
1136,107,223.00,157.00,333.00,92.00,1,2,-1,-1
1137,118,547.00,170.00,85.00,39.00,1,2,-1,-1
1137,83,0.00,157.00,75.00,67.00,1,2,-1,-1
1137,107,226.00,158.00,330.00,92.00,1,2,-1,-1
1138,118,544.00,172.00,93.00,39.00,1,2,-1,-1
1138,83,0.00,161.00,78.00,65.00,1,2,-1,-1
1138,107,228.00,157.00,329.00,95.00,1,2,-1,-1
1139,118,548.00,173.00,91.00,40.00,1,2,-1,-1
1139,83,0.00,164.00,80.00,64.00,1,2,-1,-1
1139,107,229.00,156.00,329.00,97.00,1,2,-1,-1
1140,83,0.00,162.00,85.00,66.00,1,2,-1,-1
1140,107,229.00,158.00,331.00,97.00,1,2,-1,-1
1141,83,0.00,162.00,89.00,67.00,1,2,-1,-1
1141,107,230.00,159.00,330.00,96.00,1,2,-1,-1
1142,120,536.00,171.00,103.00,41.00,1,2,-1,-1
1142,107,230.00,159.00,330.00,95.00,1,2,-1,-1
1142,83,0.00,163.00,92.00,67.00,1,2,-1,-1
1143,120,542.00,172.00,97.00,40.00,1,2,-1,-1
1143,83,0.00,164.00,96.00,65.00,1,2,-1,-1
1143,107,231.00,156.00,328.00,98.00,1,2,-1,-1
1144,120,546.00,171.00,94.00,41.00,1,2,-1,-1
1144,83,0.00,165.00,101.00,64.00,1,2,-1,-1
1144,107,234.00,158.00,328.00,96.00,1,2,-1,-1
1145,120,551.00,172.00,89.00,39.00,1,2,-1,-1
1145,107,235.00,156.00,327.00,97.00,1,2,-1,-1
1145,83,0.00,165.00,106.00,65.00,1,2,-1,-1
1146,120,558.00,171.00,82.00,39.00,1,2,-1,-1
1146,107,240.00,154.00,326.00,98.00,1,2,-1,-1
1146,83,0.00,165.00,110.00,64.00,1,2,-1,-1
1147,120,563.00,170.00,77.00,42.00,1,2,-1,-1
1147,107,240.00,156.00,326.00,96.00,1,2,-1,-1
1147,83,0.00,164.00,115.00,64.00,1,2,-1,-1
1148,120,568.00,170.00,72.00,40.00,1,2,-1,-1
1148,107,242.00,157.00,326.00,94.00,1,2,-1,-1
1148,83,0.00,164.00,120.00,64.00,1,2,-1,-1
1149,120,574.00,170.00,66.00,41.00,1,2,-1,-1
1149,107,243.00,157.00,325.00,94.00,1,2,-1,-1
1149,83,0.00,164.00,124.00,64.00,1,2,-1,-1
1150,120,580.00,170.00,60.00,40.00,1,2,-1,-1
1150,107,246.00,156.00,326.00,95.00,1,2,-1,-1
1150,83,0.00,164.00,129.00,64.00,1,2,-1,-1
1151,120,585.00,171.00,55.00,38.00,1,2,-1,-1
1151,107,246.00,155.00,326.00,95.00,1,2,-1,-1
1151,83,0.00,164.00,133.00,64.00,1,2,-1,-1
1152,120,590.00,170.00,50.00,39.00,1,2,-1,-1
1152,107,247.00,153.00,326.00,97.00,1,2,-1,-1
1152,83,0.00,163.00,138.00,64.00,1,2,-1,-1
1153,120,594.00,169.00,46.00,37.00,1,2,-1,-1
1153,107,248.00,153.00,325.00,95.00,1,2,-1,-1
1153,83,0.00,163.00,140.00,63.00,1,2,-1,-1
1154,120,598.00,172.00,42.00,33.00,1,2,-1,-1
1154,107,248.00,153.00,325.00,95.00,1,2,-1,-1
1154,83,0.00,162.00,143.00,64.00,1,2,-1,-1
1155,120,602.00,170.00,38.00,35.00,1,2,-1,-1
1155,107,249.00,156.00,324.00,91.00,1,2,-1,-1
1155,83,0.00,162.00,146.00,63.00,1,2,-1,-1
1156,120,606.00,169.00,34.00,36.00,1,2,-1,-1
1156,107,248.00,156.00,324.00,90.00,1,2,-1,-1
1156,83,0.00,161.00,150.00,64.00,1,2,-1,-1
1157,120,609.00,170.00,31.00,33.00,1,2,-1,-1
1157,107,248.00,154.00,325.00,91.00,1,2,-1,-1
1157,83,0.00,160.00,152.00,64.00,1,2,-1,-1
1158,120,612.00,165.00,28.00,39.00,1,2,-1,-1
1158,107,248.00,154.00,324.00,90.00,1,2,-1,-1
1158,83,0.00,160.00,154.00,64.00,1,2,-1,-1
1159,120,616.00,165.00,24.00,38.00,1,2,-1,-1
1159,107,248.00,150.00,324.00,94.00,1,2,-1,-1
1159,83,0.00,159.00,156.00,63.00,1,2,-1,-1
1160,120,618.00,164.00,22.00,37.00,1,2,-1,-1
1160,107,246.00,148.00,325.00,96.00,1,2,-1,-1
1160,83,0.00,158.00,158.00,64.00,1,2,-1,-1
1161,120,620.00,162.00,20.00,39.00,1,2,-1,-1
1161,107,245.00,149.00,324.00,95.00,1,2,-1,-1
1161,83,0.00,157.00,160.00,65.00,1,2,-1,-1
1162,107,243.00,147.00,323.00,96.00,1,2,-1,-1
1162,83,0.00,157.00,160.00,65.00,1,2,-1,-1
1163,107,241.00,146.00,322.00,97.00,1,2,-1,-1
1163,83,0.00,157.00,161.00,65.00,1,2,-1,-1
1164,107,237.00,149.00,324.00,93.00,1,2,-1,-1
1164,83,0.00,156.00,162.00,65.00,1,2,-1,-1
1165,107,235.00,140.00,323.00,102.00,1,2,-1,-1
1165,83,0.00,156.00,161.00,64.00,1,2,-1,-1
1166,107,231.00,147.00,324.00,93.00,1,2,-1,-1
1166,83,0.00,155.00,161.00,64.00,1,2,-1,-1
1167,107,229.00,142.00,323.00,97.00,1,2,-1,-1
1167,83,0.00,154.00,161.00,63.00,1,2,-1,-1
1168,107,226.00,144.00,322.00,93.00,1,2,-1,-1
1168,83,0.00,152.00,161.00,63.00,1,2,-1,-1
1169,107,225.00,141.00,321.00,95.00,1,2,-1,-1
1169,83,0.00,150.00,162.00,63.00,1,2,-1,-1
1170,107,223.00,138.00,322.00,95.00,1,2,-1,-1
1170,83,0.00,148.00,163.00,63.00,1,2,-1,-1
1171,107,220.00,134.00,322.00,97.00,1,2,-1,-1
1171,83,0.00,147.00,164.00,62.00,1,2,-1,-1
1172,107,220.00,134.00,319.00,95.00,1,2,-1,-1
1172,83,0.00,144.00,165.00,63.00,1,2,-1,-1
1173,107,218.00,126.00,320.00,101.00,1,2,-1,-1
1173,83,0.00,141.00,166.00,64.00,1,2,-1,-1
1174,107,217.00,131.00,320.00,94.00,1,2,-1,-1
1174,83,0.00,140.00,168.00,63.00,1,2,-1,-1
1175,107,216.00,129.00,320.00,94.00,1,2,-1,-1
1175,83,0.00,138.00,168.00,63.00,1,2,-1,-1
1176,107,214.00,124.00,320.00,97.00,1,2,-1,-1
1176,83,0.00,136.00,171.00,63.00,1,2,-1,-1
1177,107,213.00,122.00,319.00,98.00,1,2,-1,-1
1177,83,2.00,136.00,170.00,62.00,1,2,-1,-1
1178,107,212.00,122.00,318.00,97.00,1,2,-1,-1
1178,83,5.00,135.00,169.00,62.00,1,2,-1,-1
1179,107,211.00,122.00,317.00,96.00,1,2,-1,-1
1179,83,6.00,134.00,169.00,62.00,1,2,-1,-1
1180,83,7.00,134.00,170.00,62.00,1,2,-1,-1
1180,107,209.00,122.00,318.00,96.00,1,2,-1,-1
1181,83,8.00,134.00,170.00,62.00,1,2,-1,-1
1181,107,207.00,123.00,318.00,94.00,1,2,-1,-1
1182,83,11.00,134.00,168.00,62.00,1,2,-1,-1
1182,107,204.00,121.00,318.00,96.00,1,2,-1,-1
1183,83,12.00,134.00,167.00,62.00,1,2,-1,-1
1183,107,202.00,122.00,317.00,95.00,1,2,-1,-1
1184,83,12.00,134.00,168.00,61.00,1,2,-1,-1
1184,107,199.00,122.00,317.00,95.00,1,2,-1,-1
1185,83,12.00,134.00,166.00,61.00,1,2,-1,-1
1185,107,196.00,120.00,316.00,97.00,1,2,-1,-1
1186,83,12.00,134.00,166.00,62.00,1,2,-1,-1
1186,107,192.00,121.00,316.00,96.00,1,2,-1,-1
1187,83,13.00,135.00,166.00,61.00,1,2,-1,-1
1187,107,189.00,120.00,317.00,98.00,1,2,-1,-1
1188,83,14.00,135.00,166.00,62.00,1,2,-1,-1
1188,107,189.00,120.00,315.00,98.00,1,2,-1,-1
1189,83,16.00,135.00,167.00,62.00,1,2,-1,-1
1189,107,187.00,122.00,316.00,95.00,1,2,-1,-1
1190,83,16.00,136.00,167.00,61.00,1,2,-1,-1
1190,107,185.00,122.00,315.00,96.00,1,2,-1,-1
1191,83,18.00,136.00,166.00,61.00,1,2,-1,-1
1191,107,184.00,121.00,315.00,97.00,1,2,-1,-1
1192,83,20.00,137.00,164.00,61.00,1,2,-1,-1
1192,107,182.00,119.00,315.00,99.00,1,2,-1,-1
1193,83,22.00,137.00,164.00,62.00,1,2,-1,-1
1193,107,182.00,120.00,316.00,98.00,1,2,-1,-1
1194,83,22.00,137.00,166.00,62.00,1,2,-1,-1
1194,107,181.00,121.00,319.00,98.00,1,2,-1,-1
1195,83,25.00,138.00,164.00,62.00,1,2,-1,-1
1195,107,179.00,120.00,322.00,99.00,1,2,-1,-1
1196,107,178.00,122.00,325.00,97.00,1,2,-1,-1
1196,83,28.00,137.00,163.00,63.00,1,2,-1,-1
1197,83,29.00,137.00,164.00,63.00,1,2,-1,-1
1197,107,178.00,121.00,326.00,98.00,1,2,-1,-1
1198,107,177.00,122.00,330.00,97.00,1,2,-1,-1
1198,83,32.00,138.00,162.00,62.00,1,2,-1,-1
1199,107,178.00,122.00,328.00,97.00,1,2,-1,-1
1199,83,34.00,137.00,162.00,63.00,1,2,-1,-1
1200,107,176.00,121.00,314.00,98.00,1,2,-1,-1
1200,83,35.00,138.00,163.00,62.00,1,2,-1,-1
1201,121,430.00,136.00,88.00,48.00,1,2,-1,-1
1201,107,175.00,122.00,312.00,97.00,1,2,-1,-1
1201,83,38.00,138.00,162.00,62.00,1,2,-1,-1
1202,121,428.00,136.00,92.00,47.00,1,2,-1,-1
1202,83,40.00,138.00,162.00,62.00,1,2,-1,-1
1202,107,178.00,122.00,304.00,97.00,1,2,-1,-1
1203,121,431.00,137.00,91.00,46.00,1,2,-1,-1
1203,83,41.00,138.00,179.00,62.00,1,2,-1,-1
1203,107,177.00,122.00,303.00,96.00,1,2,-1,-1
1204,83,46.00,138.00,189.00,62.00,1,2,-1,-1
1204,121,433.00,137.00,91.00,47.00,1,2,-1,-1
1204,107,173.00,124.00,307.00,95.00,1,2,-1,-1
1205,83,46.00,138.00,185.00,62.00,1,2,-1,-1
1205,121,436.00,138.00,90.00,46.00,1,2,-1,-1
1205,107,173.00,122.00,307.00,97.00,1,2,-1,-1
1206,83,49.00,138.00,186.00,62.00,1,2,-1,-1
1206,121,438.00,138.00,92.00,46.00,1,2,-1,-1
1206,107,173.00,123.00,306.00,96.00,1,2,-1,-1
1207,83,51.00,138.00,179.00,62.00,1,2,-1,-1
1207,121,440.00,138.00,93.00,46.00,1,2,-1,-1
1207,107,171.00,122.00,306.00,98.00,1,2,-1,-1
1208,107,173.00,121.00,304.00,99.00,1,2,-1,-1
1208,83,52.00,138.00,180.00,63.00,1,2,-1,-1
1208,121,441.00,138.00,94.00,46.00,1,2,-1,-1
1209,107,174.00,121.00,303.00,99.00,1,2,-1,-1
1209,83,55.00,138.00,175.00,63.00,1,2,-1,-1
1209,121,443.00,138.00,94.00,46.00,1,2,-1,-1
1210,83,57.00,138.00,187.00,62.00,1,2,-1,-1
1210,107,179.00,122.00,296.00,98.00,1,2,-1,-1
1210,121,449.00,138.00,91.00,46.00,1,2,-1,-1
1211,83,61.00,138.00,168.00,63.00,1,2,-1,-1
1211,121,450.00,138.00,94.00,46.00,1,2,-1,-1
1211,107,173.00,123.00,302.00,97.00,1,2,-1,-1
1212,83,64.00,138.00,180.00,63.00,1,2,-1,-1
1212,121,454.00,137.00,94.00,47.00,1,2,-1,-1
1212,107,180.00,122.00,295.00,97.00,1,2,-1,-1
1213,83,66.00,138.00,172.00,62.00,1,2,-1,-1
1213,107,180.00,123.00,294.00,96.00,1,2,-1,-1
1213,121,454.00,137.00,94.00,46.00,1,2,-1,-1
1214,83,68.00,139.00,192.00,62.00,1,2,-1,-1
1214,121,455.00,137.00,99.00,46.00,1,2,-1,-1
1214,107,183.00,123.00,291.00,96.00,1,2,-1,-1
1215,83,72.00,139.00,181.00,62.00,1,2,-1,-1
1215,107,188.00,125.00,288.00,94.00,1,2,-1,-1
1215,121,449.00,137.00,110.00,45.00,1,2,-1,-1
1216,83,75.00,140.00,171.00,62.00,1,2,-1,-1
1216,107,179.00,122.00,297.00,97.00,1,2,-1,-1
1216,121,437.00,137.00,126.00,46.00,1,2,-1,-1
1217,83,80.00,140.00,156.00,62.00,1,2,-1,-1
1217,107,181.00,123.00,296.00,96.00,1,2,-1,-1
1217,121,442.00,137.00,124.00,46.00,1,2,-1,-1
1218,83,84.00,140.00,155.00,62.00,1,2,-1,-1
1218,107,186.00,125.00,292.00,93.00,1,2,-1,-1
1218,121,446.00,137.00,125.00,45.00,1,2,-1,-1
1219,83,87.00,139.00,154.00,63.00,1,2,-1,-1
1219,107,189.00,124.00,288.00,94.00,1,2,-1,-1
1219,121,448.00,137.00,126.00,45.00,1,2,-1,-1
1220,83,90.00,139.00,150.00,63.00,1,2,-1,-1
1220,107,189.00,123.00,288.00,95.00,1,2,-1,-1
1220,121,452.00,136.00,126.00,46.00,1,2,-1,-1
1221,83,93.00,140.00,149.00,62.00,1,2,-1,-1
1221,107,191.00,123.00,285.00,95.00,1,2,-1,-1
1221,121,454.00,136.00,127.00,46.00,1,2,-1,-1
1222,83,95.00,140.00,149.00,61.00,1,2,-1,-1
1222,107,191.00,125.00,283.00,93.00,1,2,-1,-1
1222,121,456.00,136.00,128.00,46.00,1,2,-1,-1
1223,83,97.00,141.00,143.00,61.00,1,2,-1,-1
1223,107,195.00,127.00,277.00,92.00,1,2,-1,-1
1223,121,459.00,136.00,127.00,46.00,1,2,-1,-1
1224,83,99.00,142.00,136.00,61.00,1,2,-1,-1
1224,107,197.00,130.00,274.00,90.00,1,2,-1,-1
1224,121,460.00,137.00,128.00,46.00,1,2,-1,-1
1225,107,196.00,131.00,276.00,89.00,1,2,-1,-1
1225,83,102.00,142.00,140.00,62.00,1,2,-1,-1
1225,121,464.00,137.00,129.00,46.00,1,2,-1,-1
1226,83,103.00,143.00,135.00,61.00,1,2,-1,-1
1226,107,200.00,131.00,270.00,90.00,1,2,-1,-1
1226,121,467.00,137.00,129.00,47.00,1,2,-1,-1
1227,83,104.00,143.00,132.00,61.00,1,2,-1,-1
1227,107,196.00,129.00,272.00,93.00,1,2,-1,-1
1227,121,470.00,138.00,128.00,46.00,1,2,-1,-1
1228,107,201.00,131.00,267.00,92.00,1,2,-1,-1
1228,83,107.00,144.00,135.00,60.00,1,2,-1,-1
1228,121,471.00,139.00,129.00,46.00,1,2,-1,-1
1229,107,155.00,130.00,313.00,94.00,1,2,-1,-1
1229,83,109.00,145.00,136.00,61.00,1,2,-1,-1
1229,121,474.00,140.00,128.00,45.00,1,2,-1,-1
1230,107,206.00,132.00,260.00,92.00,1,2,-1,-1
1230,83,111.00,146.00,147.00,60.00,1,2,-1,-1
1230,121,475.00,141.00,129.00,44.00,1,2,-1,-1
1231,83,113.00,147.00,137.00,60.00,1,2,-1,-1
1231,107,208.00,130.00,256.00,94.00,1,2,-1,-1
1231,121,478.00,141.00,127.00,44.00,1,2,-1,-1
1232,83,114.00,146.00,139.00,58.00,1,2,-1,-1
1232,107,148.00,130.00,316.00,94.00,1,2,-1,-1
1232,121,481.00,141.00,127.00,44.00,1,2,-1,-1
1233,83,117.00,145.00,135.00,60.00,1,2,-1,-1
1233,107,140.00,130.00,322.00,94.00,1,2,-1,-1
1233,121,484.00,140.00,128.00,45.00,1,2,-1,-1
1234,83,117.00,146.00,131.00,60.00,1,2,-1,-1
1234,107,136.00,132.00,324.00,93.00,1,2,-1,-1
1234,121,484.00,141.00,129.00,44.00,1,2,-1,-1
1235,83,119.00,146.00,133.00,60.00,1,2,-1,-1
1235,107,127.00,130.00,331.00,94.00,1,2,-1,-1
1235,121,487.00,139.00,129.00,46.00,1,2,-1,-1
1236,83,122.00,145.00,144.00,60.00,1,2,-1,-1
1236,107,211.00,130.00,247.00,94.00,1,2,-1,-1
1236,121,490.00,139.00,128.00,45.00,1,2,-1,-1
1237,83,124.00,145.00,143.00,59.00,1,2,-1,-1
1237,107,210.00,132.00,246.00,92.00,1,2,-1,-1
1237,121,492.00,138.00,129.00,46.00,1,2,-1,-1
1238,83,126.00,145.00,138.00,59.00,1,2,-1,-1
1238,107,209.00,130.00,245.00,93.00,1,2,-1,-1
1238,121,495.00,138.00,128.00,46.00,1,2,-1,-1
1239,83,128.00,145.00,137.00,59.00,1,2,-1,-1
1239,107,208.00,128.00,245.00,96.00,1,2,-1,-1
1239,121,498.00,138.00,128.00,46.00,1,2,-1,-1
1240,83,130.00,145.00,135.00,59.00,1,2,-1,-1
1240,107,204.00,127.00,246.00,96.00,1,2,-1,-1
1240,121,500.00,137.00,128.00,47.00,1,2,-1,-1
1241,83,132.00,144.00,131.00,60.00,1,2,-1,-1
1241,107,198.00,129.00,252.00,94.00,1,2,-1,-1
1241,121,502.00,138.00,129.00,46.00,1,2,-1,-1
1242,83,134.00,144.00,128.00,63.00,1,2,-1,-1
1242,107,203.00,130.00,243.00,93.00,1,2,-1,-1
1242,121,504.00,138.00,128.00,46.00,1,2,-1,-1
1243,83,135.00,143.00,127.00,60.00,1,2,-1,-1
1243,107,193.00,131.00,254.00,91.00,1,2,-1,-1
1243,121,506.00,137.00,130.00,47.00,1,2,-1,-1
1244,83,138.00,141.00,123.00,63.00,1,2,-1,-1
1244,107,192.00,129.00,254.00,92.00,1,2,-1,-1
1244,121,508.00,136.00,130.00,47.00,1,2,-1,-1
1245,83,140.00,140.00,118.00,60.00,1,2,-1,-1
1245,107,171.00,124.00,276.00,95.00,1,2,-1,-1
1245,121,513.00,134.00,126.00,46.00,1,2,-1,-1
1246,107,148.00,122.00,297.00,95.00,1,2,-1,-1
1246,121,516.00,133.00,124.00,45.00,1,2,-1,-1
1247,121,519.00,131.00,121.00,45.00,1,2,-1,-1
1247,107,145.00,120.00,298.00,94.00,1,2,-1,-1
1248,121,520.00,127.00,120.00,46.00,1,2,-1,-1
1248,107,148.00,117.00,294.00,94.00,1,2,-1,-1
1249,122,148.00,127.00,116.00,59.00,1,2,-1,-1
1249,107,158.00,114.00,282.00,93.00,1,2,-1,-1
1249,121,524.00,122.00,116.00,47.00,1,2,-1,-1
1250,121,525.00,118.00,115.00,48.00,1,2,-1,-1
1250,107,147.00,109.00,292.00,94.00,1,2,-1,-1
1251,107,142.00,103.00,291.00,95.00,1,2,-1,-1
1251,121,524.00,115.00,116.00,45.00,1,2,-1,-1
1252,107,138.00,100.00,290.00,95.00,1,2,-1,-1
1252,121,522.00,110.00,118.00,46.00,1,2,-1,-1
1253,121,520.00,108.00,120.00,45.00,1,2,-1,-1
1253,107,131.00,98.00,291.00,95.00,1,2,-1,-1
1254,121,521.00,107.00,119.00,45.00,1,2,-1,-1
1254,107,129.00,98.00,289.00,93.00,1,2,-1,-1
1255,121,518.00,105.00,122.00,47.00,1,2,-1,-1
1255,107,127.00,97.00,285.00,93.00,1,2,-1,-1
1256,107,117.00,99.00,285.00,92.00,1,2,-1,-1
1256,121,509.00,106.00,129.00,46.00,1,2,-1,-1
1257,107,111.00,102.00,283.00,90.00,1,2,-1,-1
1257,121,506.00,106.00,128.00,47.00,1,2,-1,-1
1258,107,107.00,104.00,283.00,89.00,1,2,-1,-1
1258,121,505.00,106.00,129.00,47.00,1,2,-1,-1
1259,107,100.00,105.00,285.00,89.00,1,2,-1,-1
1259,121,503.00,109.00,127.00,45.00,1,2,-1,-1
1260,121,500.00,111.00,126.00,45.00,1,2,-1,-1
1260,107,90.00,106.00,289.00,91.00,1,2,-1,-1
1261,121,500.00,113.00,126.00,46.00,1,2,-1,-1
1261,107,84.00,108.00,290.00,92.00,1,2,-1,-1
1262,121,500.00,116.00,127.00,46.00,1,2,-1,-1
1262,107,81.00,112.00,291.00,93.00,1,2,-1,-1
1263,121,501.00,121.00,129.00,48.00,1,2,-1,-1
1263,107,78.00,120.00,290.00,92.00,1,2,-1,-1
1264,121,498.00,133.00,127.00,47.00,1,2,-1,-1
1264,107,72.00,130.00,289.00,93.00,1,2,-1,-1
1265,121,498.00,143.00,128.00,47.00,1,2,-1,-1
1265,107,69.00,141.00,289.00,93.00,1,2,-1,-1
1266,121,501.00,151.00,127.00,48.00,1,2,-1,-1
1266,107,68.00,150.00,289.00,93.00,1,2,-1,-1
1267,121,503.00,156.00,129.00,48.00,1,2,-1,-1
1267,107,68.00,156.00,288.00,94.00,1,2,-1,-1
1268,107,68.00,162.00,288.00,94.00,1,2,-1,-1
1268,121,507.00,162.00,128.00,47.00,1,2,-1,-1
1269,107,66.00,168.00,288.00,97.00,1,2,-1,-1
1269,121,508.00,169.00,128.00,48.00,1,2,-1,-1
1270,107,66.00,176.00,287.00,96.00,1,2,-1,-1
1270,121,511.00,175.00,128.00,48.00,1,2,-1,-1
1271,121,516.00,178.00,124.00,47.00,1,2,-1,-1
1271,107,68.00,181.00,286.00,92.00,1,2,-1,-1
1272,121,522.00,178.00,118.00,48.00,1,2,-1,-1
1272,107,72.00,181.00,286.00,94.00,1,2,-1,-1
1273,121,528.00,178.00,112.00,48.00,1,2,-1,-1
1273,107,74.00,182.00,286.00,94.00,1,2,-1,-1
1274,121,532.00,178.00,108.00,47.00,1,2,-1,-1
1274,107,74.00,180.00,287.00,94.00,1,2,-1,-1
1275,121,537.00,177.00,103.00,47.00,1,2,-1,-1
1275,107,77.00,176.00,285.00,97.00,1,2,-1,-1
1276,121,546.00,175.00,94.00,47.00,1,2,-1,-1
1276,107,83.00,174.00,285.00,95.00,1,2,-1,-1
1277,121,554.00,172.00,86.00,48.00,1,2,-1,-1
1277,107,88.00,175.00,284.00,92.00,1,2,-1,-1
1278,121,562.00,168.00,78.00,49.00,1,2,-1,-1
1278,107,93.00,169.00,283.00,95.00,1,2,-1,-1
1279,121,570.00,170.00,70.00,45.00,1,2,-1,-1
1279,107,98.00,169.00,284.00,92.00,1,2,-1,-1
1280,121,576.00,170.00,64.00,44.00,1,2,-1,-1
1280,107,101.00,168.00,283.00,91.00,1,2,-1,-1
1281,121,582.00,175.00,58.00,41.00,1,2,-1,-1
1281,107,102.00,171.00,283.00,87.00,1,2,-1,-1
1282,121,588.00,177.00,52.00,41.00,1,2,-1,-1
1282,107,105.00,172.00,282.00,86.00,1,2,-1,-1
1283,121,600.00,179.00,40.00,39.00,1,2,-1,-1
1283,107,113.00,172.00,281.00,86.00,1,2,-1,-1
1284,121,605.00,171.00,35.00,42.00,1,2,-1,-1
1284,107,115.00,172.00,281.00,84.00,1,2,-1,-1
1285,121,603.00,169.00,37.00,40.00,1,2,-1,-1
1285,107,110.00,169.00,281.00,87.00,1,2,-1,-1
1286,121,600.00,169.00,40.00,39.00,1,2,-1,-1
1286,107,105.00,163.00,281.00,91.00,1,2,-1,-1
1287,121,604.00,164.00,36.00,42.00,1,2,-1,-1
1287,107,104.00,159.00,282.00,89.00,1,2,-1,-1
1288,121,617.00,164.00,23.00,40.00,1,2,-1,-1
1288,107,116.00,153.00,278.00,90.00,1,2,-1,-1
1289,123,632.00,156.00,8.00,40.00,1,2,-1,-1
1289,107,128.00,146.00,278.00,90.00,1,2,-1,-1
1290,107,134.00,142.00,280.00,90.00,1,2,-1,-1
1291,107,137.00,141.00,279.00,89.00,1,2,-1,-1
1292,107,138.00,142.00,278.00,89.00,1,2,-1,-1
1293,107,137.00,143.00,279.00,91.00,1,2,-1,-1
1294,107,137.00,146.00,278.00,91.00,1,2,-1,-1
1295,107,136.00,152.00,277.00,86.00,1,2,-1,-1
1296,107,136.00,154.00,276.00,86.00,1,2,-1,-1
1297,107,135.00,154.00,275.00,87.00,1,2,-1,-1
1298,107,135.00,154.00,275.00,87.00,1,2,-1,-1
1299,107,130.00,154.00,274.00,86.00,1,2,-1,-1
1300,107,121.00,154.00,274.00,85.00,1,2,-1,-1
1301,107,112.00,151.00,275.00,89.00,1,2,-1,-1
1302,107,112.00,150.00,276.00,89.00,1,2,-1,-1
1303,107,114.00,149.00,277.00,90.00,1,2,-1,-1
1304,107,111.00,149.00,279.00,90.00,1,2,-1,-1
1305,107,102.00,147.00,282.00,91.00,1,2,-1,-1
1306,107,96.00,148.00,283.00,91.00,1,2,-1,-1
1307,107,94.00,150.00,286.00,91.00,1,2,-1,-1
1308,107,94.00,156.00,287.00,92.00,1,2,-1,-1
1309,107,94.00,161.00,289.00,90.00,1,2,-1,-1
1310,107,96.00,162.00,292.00,91.00,1,2,-1,-1
1311,107,98.00,163.00,294.00,90.00,1,2,-1,-1
1312,107,102.00,164.00,296.00,90.00,1,2,-1,-1
1313,107,105.00,165.00,284.00,89.00,1,2,-1,-1
1314,107,108.00,166.00,282.00,88.00,1,2,-1,-1
1315,124,333.00,178.00,84.00,59.00,1,2,-1,-1
1315,107,112.00,165.00,271.00,90.00,1,2,-1,-1
1316,124,334.00,178.00,88.00,59.00,1,2,-1,-1
1316,107,116.00,166.00,272.00,89.00,1,2,-1,-1
1317,124,335.00,180.00,91.00,58.00,1,2,-1,-1
1317,107,116.00,166.00,274.00,89.00,1,2,-1,-1
1318,124,335.00,178.00,94.00,58.00,1,2,-1,-1
1318,107,120.00,164.00,279.00,90.00,1,2,-1,-1
1319,124,336.00,179.00,96.00,57.00,1,2,-1,-1
1319,107,120.00,163.00,259.00,90.00,1,2,-1,-1
1320,124,336.00,177.00,100.00,58.00,1,2,-1,-1
1320,107,121.00,162.00,259.00,90.00,1,2,-1,-1
1321,124,338.00,176.00,99.00,57.00,1,2,-1,-1
1321,107,121.00,160.00,259.00,90.00,1,2,-1,-1
1322,124,340.00,175.00,100.00,56.00,1,2,-1,-1
1322,107,121.00,158.00,261.00,91.00,1,2,-1,-1
1323,124,340.00,172.00,103.00,58.00,1,2,-1,-1
1323,107,122.00,157.00,259.00,89.00,1,2,-1,-1
1324,124,341.00,172.00,108.00,56.00,1,2,-1,-1
1324,107,124.00,155.00,258.00,90.00,1,2,-1,-1
1325,124,346.00,169.00,110.00,57.00,1,2,-1,-1
1325,107,130.00,153.00,260.00,90.00,1,2,-1,-1
1326,124,354.00,166.00,114.00,58.00,1,2,-1,-1
1326,107,138.00,150.00,260.00,90.00,1,2,-1,-1
1327,124,357.00,164.00,115.00,58.00,1,2,-1,-1
1327,107,140.00,148.00,259.00,90.00,1,2,-1,-1
1328,124,357.00,162.00,116.00,58.00,1,2,-1,-1
1328,107,140.00,147.00,259.00,89.00,1,2,-1,-1
1329,124,362.00,164.00,109.00,57.00,1,2,-1,-1
1329,107,136.00,149.00,258.00,87.00,1,2,-1,-1
1330,124,364.00,163.00,103.00,59.00,1,2,-1,-1
1330,107,129.00,150.00,257.00,86.00,1,2,-1,-1
1331,124,358.00,163.00,102.00,59.00,1,2,-1,-1
1331,107,120.00,148.00,258.00,88.00,1,2,-1,-1
1332,124,357.00,160.00,104.00,59.00,1,2,-1,-1
1332,107,119.00,145.00,258.00,88.00,1,2,-1,-1
1333,124,341.00,157.00,116.00,58.00,1,2,-1,-1
1333,107,112.00,140.00,258.00,89.00,1,2,-1,-1
1334,124,338.00,150.00,111.00,58.00,1,2,-1,-1
1334,107,101.00,135.00,259.00,87.00,1,2,-1,-1
1335,124,340.00,143.00,102.00,59.00,1,2,-1,-1
1335,107,93.00,126.00,257.00,88.00,1,2,-1,-1
1336,124,334.00,140.00,106.00,57.00,1,2,-1,-1
1336,107,88.00,123.00,256.00,87.00,1,2,-1,-1
1337,124,337.00,136.00,103.00,58.00,1,2,-1,-1
1337,107,86.00,122.00,256.00,85.00,1,2,-1,-1
1338,124,337.00,135.00,103.00,57.00,1,2,-1,-1
1338,107,84.00,120.00,256.00,86.00,1,2,-1,-1
1339,124,334.00,134.00,104.00,57.00,1,2,-1,-1
1339,107,78.00,119.00,258.00,86.00,1,2,-1,-1
1340,124,327.00,134.00,106.00,58.00,1,2,-1,-1
1340,107,71.00,119.00,257.00,85.00,1,2,-1,-1
1341,124,324.00,134.00,107.00,57.00,1,2,-1,-1
1341,107,68.00,121.00,255.00,83.00,1,2,-1,-1
1342,124,321.00,133.00,112.00,58.00,1,2,-1,-1
1342,107,66.00,121.00,256.00,82.00,1,2,-1,-1
1343,124,316.00,132.00,116.00,58.00,1,2,-1,-1
1343,107,63.00,118.00,256.00,85.00,1,2,-1,-1
1344,124,313.00,132.00,117.00,56.00,1,2,-1,-1
1344,107,59.00,118.00,257.00,84.00,1,2,-1,-1
1345,124,311.00,132.00,120.00,56.00,1,2,-1,-1
1345,107,58.00,120.00,255.00,83.00,1,2,-1,-1
1346,124,306.00,131.00,126.00,57.00,1,2,-1,-1
1346,107,56.00,120.00,256.00,83.00,1,2,-1,-1
1347,124,302.00,132.00,130.00,56.00,1,2,-1,-1
1347,107,53.00,122.00,257.00,82.00,1,2,-1,-1
1348,124,300.00,129.00,131.00,58.00,1,2,-1,-1
1348,107,50.00,120.00,259.00,84.00,1,2,-1,-1
1349,124,294.00,128.00,134.00,56.00,1,2,-1,-1
1349,107,44.00,118.00,262.00,84.00,1,2,-1,-1
1350,124,290.00,126.00,134.00,57.00,1,2,-1,-1
1350,107,39.00,115.00,253.00,86.00,1,2,-1,-1
1351,124,285.00,126.00,136.00,57.00,1,2,-1,-1
1351,107,32.00,115.00,254.00,86.00,1,2,-1,-1
1352,124,281.00,126.00,136.00,57.00,1,2,-1,-1
1352,107,24.00,116.00,254.00,85.00,1,2,-1,-1
1353,124,277.00,128.00,135.00,56.00,1,2,-1,-1
1353,107,16.00,117.00,256.00,87.00,1,2,-1,-1
1354,124,276.00,129.00,134.00,56.00,1,2,-1,-1
1354,107,12.00,119.00,256.00,87.00,1,2,-1,-1
1355,124,271.00,133.00,135.00,55.00,1,2,-1,-1
1355,107,5.00,122.00,253.00,85.00,1,2,-1,-1
1356,124,267.00,133.00,134.00,57.00,1,2,-1,-1
1356,107,0.00,124.00,253.00,84.00,1,2,-1,-1
1357,124,266.00,134.00,134.00,57.00,1,2,-1,-1
1357,107,0.00,124.00,248.00,84.00,1,2,-1,-1
1358,124,268.00,135.00,133.00,57.00,1,2,-1,-1
1358,107,0.00,124.00,246.00,85.00,1,2,-1,-1
1359,124,264.00,135.00,134.00,56.00,1,2,-1,-1
1359,107,0.00,124.00,242.00,84.00,1,2,-1,-1
1360,124,271.00,133.00,132.00,58.00,1,2,-1,-1
1360,107,1.00,123.00,243.00,83.00,1,2,-1,-1
1361,124,277.00,132.00,133.00,56.00,1,2,-1,-1
1361,107,0.00,120.00,246.00,84.00,1,2,-1,-1
1362,124,285.00,128.00,133.00,58.00,1,2,-1,-1
1362,107,0.00,117.00,251.00,84.00,1,2,-1,-1
1363,124,293.00,128.00,133.00,57.00,1,2,-1,-1
1363,107,6.00,115.00,252.00,84.00,1,2,-1,-1
1364,124,301.00,128.00,133.00,57.00,1,2,-1,-1
1364,107,11.00,116.00,253.00,83.00,1,2,-1,-1
1365,124,312.00,132.00,132.00,58.00,1,2,-1,-1
1365,107,18.00,119.00,253.00,83.00,1,2,-1,-1
1366,124,320.00,140.00,133.00,57.00,1,2,-1,-1
1366,107,25.00,126.00,251.00,83.00,1,2,-1,-1
1367,124,328.00,148.00,134.00,55.00,1,2,-1,-1
1367,107,33.00,132.00,249.00,83.00,1,2,-1,-1
1368,124,339.00,154.00,134.00,56.00,1,2,-1,-1
1368,107,41.00,139.00,249.00,83.00,1,2,-1,-1
1369,124,353.00,161.00,132.00,56.00,1,2,-1,-1
1369,107,51.00,145.00,249.00,83.00,1,2,-1,-1
1370,124,366.00,166.00,133.00,58.00,1,2,-1,-1
1370,107,64.00,150.00,246.00,84.00,1,2,-1,-1
1371,124,382.00,171.00,133.00,56.00,1,2,-1,-1
1371,107,77.00,153.00,247.00,84.00,1,2,-1,-1
1372,124,396.00,172.00,133.00,58.00,1,2,-1,-1
1372,107,88.00,155.00,246.00,84.00,1,2,-1,-1
1373,124,409.00,175.00,133.00,57.00,1,2,-1,-1
1373,107,99.00,158.00,246.00,82.00,1,2,-1,-1
1374,124,424.00,176.00,133.00,57.00,1,2,-1,-1
1374,107,112.00,157.00,244.00,84.00,1,2,-1,-1
1375,124,439.00,176.00,135.00,57.00,1,2,-1,-1
1375,107,127.00,157.00,243.00,83.00,1,2,-1,-1
1376,124,454.00,175.00,134.00,58.00,1,2,-1,-1
1376,107,139.00,156.00,241.00,84.00,1,2,-1,-1
1377,124,466.00,174.00,136.00,58.00,1,2,-1,-1
1377,107,148.00,154.00,242.00,84.00,1,2,-1,-1
1378,124,479.00,171.00,134.00,57.00,1,2,-1,-1
1378,107,159.00,151.00,241.00,83.00,1,2,-1,-1
1379,124,490.00,165.00,136.00,58.00,1,2,-1,-1
1379,107,168.00,146.00,239.00,82.00,1,2,-1,-1
1380,124,498.00,161.00,135.00,58.00,1,2,-1,-1
1380,107,174.00,142.00,239.00,82.00,1,2,-1,-1
1381,124,508.00,159.00,132.00,57.00,1,2,-1,-1
1381,107,180.00,140.00,240.00,84.00,1,2,-1,-1
1382,124,519.00,160.00,121.00,54.00,1,2,-1,-1
1382,107,188.00,140.00,239.00,82.00,1,2,-1,-1
1383,124,522.00,158.00,118.00,57.00,1,2,-1,-1
1383,107,190.00,139.00,237.00,83.00,1,2,-1,-1
1384,124,525.00,156.00,115.00,58.00,1,2,-1,-1
1384,107,189.00,139.00,237.00,83.00,1,2,-1,-1
1385,124,526.00,157.00,114.00,57.00,1,2,-1,-1
1385,107,187.00,140.00,237.00,81.00,1,2,-1,-1
1386,124,527.00,157.00,113.00,56.00,1,2,-1,-1
1386,107,186.00,140.00,237.00,81.00,1,2,-1,-1
1387,124,526.00,157.00,114.00,56.00,1,2,-1,-1
1387,107,185.00,139.00,236.00,82.00,1,2,-1,-1
1388,124,526.00,158.00,114.00,55.00,1,2,-1,-1
1388,107,183.00,140.00,235.00,81.00,1,2,-1,-1
1389,124,526.00,158.00,114.00,56.00,1,2,-1,-1
1389,107,178.00,141.00,238.00,81.00,1,2,-1,-1
1390,124,526.00,160.00,114.00,56.00,1,2,-1,-1
1390,107,176.00,141.00,236.00,83.00,1,2,-1,-1
1391,124,524.00,162.00,116.00,55.00,1,2,-1,-1
1391,107,173.00,144.00,235.00,80.00,1,2,-1,-1
1392,124,524.00,164.00,116.00,54.00,1,2,-1,-1
1392,107,170.00,143.00,234.00,82.00,1,2,-1,-1
1393,124,525.00,164.00,115.00,55.00,1,2,-1,-1
1393,107,168.00,144.00,234.00,82.00,1,2,-1,-1
1394,124,526.00,161.00,114.00,58.00,1,2,-1,-1
1394,107,166.00,146.00,234.00,81.00,1,2,-1,-1
1395,124,526.00,163.00,114.00,57.00,1,2,-1,-1
1395,107,163.00,146.00,235.00,81.00,1,2,-1,-1
1396,124,527.00,166.00,113.00,54.00,1,2,-1,-1
1396,107,162.00,146.00,234.00,81.00,1,2,-1,-1
1397,124,527.00,165.00,113.00,56.00,1,2,-1,-1
1397,107,161.00,146.00,232.00,82.00,1,2,-1,-1
1398,124,528.00,169.00,112.00,53.00,1,2,-1,-1
1398,107,159.00,147.00,233.00,82.00,1,2,-1,-1
1399,124,530.00,169.00,110.00,54.00,1,2,-1,-1
1399,107,158.00,148.00,232.00,81.00,1,2,-1,-1
1400,124,531.00,168.00,109.00,56.00,1,2,-1,-1
1400,107,156.00,148.00,232.00,81.00,1,2,-1,-1
1401,124,531.00,168.00,109.00,56.00,1,2,-1,-1
1401,107,155.00,148.00,231.00,82.00,1,2,-1,-1
1402,124,531.00,168.00,109.00,56.00,1,2,-1,-1
1402,107,153.00,148.00,231.00,81.00,1,2,-1,-1
1403,124,532.00,168.00,108.00,56.00,1,2,-1,-1
1403,107,151.00,148.00,231.00,81.00,1,2,-1,-1
1404,124,532.00,167.00,108.00,57.00,1,2,-1,-1
1404,107,149.00,147.00,230.00,81.00,1,2,-1,-1
1405,124,534.00,168.00,106.00,56.00,1,2,-1,-1
1405,107,147.00,147.00,231.00,82.00,1,2,-1,-1
1406,124,535.00,166.00,105.00,58.00,1,2,-1,-1
1406,107,146.00,148.00,231.00,80.00,1,2,-1,-1
1407,124,536.00,168.00,104.00,57.00,1,2,-1,-1
1407,107,144.00,148.00,229.00,82.00,1,2,-1,-1
1408,124,536.00,166.00,104.00,59.00,1,2,-1,-1
1408,107,144.00,148.00,228.00,82.00,1,2,-1,-1
1409,124,536.00,167.00,104.00,58.00,1,2,-1,-1
1409,107,142.00,149.00,228.00,80.00,1,2,-1,-1
1410,124,538.00,168.00,102.00,57.00,1,2,-1,-1
1410,107,140.00,148.00,229.00,82.00,1,2,-1,-1
1411,124,538.00,166.00,102.00,59.00,1,2,-1,-1
1411,107,139.00,148.00,228.00,82.00,1,2,-1,-1
1412,124,539.00,166.00,101.00,59.00,1,2,-1,-1
1412,107,138.00,149.00,227.00,81.00,1,2,-1,-1
1413,124,540.00,166.00,100.00,60.00,1,2,-1,-1
1413,107,137.00,149.00,227.00,81.00,1,2,-1,-1
1414,124,541.00,169.00,99.00,59.00,1,2,-1,-1
1414,107,135.00,152.00,227.00,80.00,1,2,-1,-1
1415,124,542.00,173.00,98.00,58.00,1,2,-1,-1
1415,107,135.00,156.00,225.00,79.00,1,2,-1,-1
1416,124,543.00,176.00,97.00,58.00,1,2,-1,-1
1416,107,132.00,159.00,226.00,79.00,1,2,-1,-1
1417,124,544.00,180.00,96.00,58.00,1,2,-1,-1
1417,107,130.00,162.00,226.00,79.00,1,2,-1,-1
1418,124,544.00,180.00,96.00,60.00,1,2,-1,-1
1418,107,126.00,165.00,228.00,79.00,1,2,-1,-1
1419,124,545.00,183.00,95.00,59.00,1,2,-1,-1
1419,107,128.00,166.00,226.00,80.00,1,2,-1,-1
1420,124,546.00,184.00,94.00,59.00,1,2,-1,-1
1420,107,127.00,167.00,225.00,81.00,1,2,-1,-1
1421,124,548.00,184.00,92.00,59.00,1,2,-1,-1
1421,107,127.00,168.00,225.00,80.00,1,2,-1,-1
1422,124,549.00,184.00,91.00,58.00,1,2,-1,-1
1422,107,126.00,168.00,224.00,80.00,1,2,-1,-1
1423,124,550.00,185.00,90.00,58.00,1,2,-1,-1
1423,107,126.00,170.00,223.00,79.00,1,2,-1,-1
1424,124,551.00,188.00,89.00,56.00,1,2,-1,-1
1424,107,125.00,170.00,223.00,79.00,1,2,-1,-1
1425,124,554.00,187.00,86.00,56.00,1,2,-1,-1
1425,107,125.00,170.00,224.00,79.00,1,2,-1,-1
1426,124,557.00,184.00,83.00,58.00,1,2,-1,-1
1426,107,126.00,170.00,222.00,78.00,1,2,-1,-1
1427,124,560.00,183.00,80.00,58.00,1,2,-1,-1
1427,107,126.00,167.00,223.00,79.00,1,2,-1,-1
1428,124,563.00,184.00,77.00,55.00,1,2,-1,-1
1428,107,129.00,165.00,221.00,81.00,1,2,-1,-1
1429,124,567.00,188.00,73.00,49.00,1,2,-1,-1
1429,107,130.00,164.00,221.00,80.00,1,2,-1,-1
1430,124,570.00,183.00,70.00,54.00,1,2,-1,-1
1430,107,131.00,164.00,222.00,80.00,1,2,-1,-1
1431,124,574.00,179.00,66.00,56.00,1,2,-1,-1
1431,107,132.00,164.00,222.00,79.00,1,2,-1,-1
1432,124,578.00,185.00,62.00,50.00,1,2,-1,-1
1432,107,134.00,164.00,220.00,79.00,1,2,-1,-1
1433,125,582.00,189.00,58.00,46.00,1,4,-1,-1
1433,124,581.00,189.00,59.00,46.00,1,2,-1,-1
1433,107,132.00,164.00,223.00,78.00,1,2,-1,-1
1434,124,585.00,181.00,55.00,56.00,1,2,-1,-1
1434,107,136.00,163.00,220.00,79.00,1,2,-1,-1
1435,124,588.00,184.00,52.00,53.00,1,2,-1,-1
1435,107,139.00,162.00,219.00,80.00,1,2,-1,-1
1436,124,590.00,187.00,50.00,46.00,1,2,-1,-1
1436,107,140.00,160.00,218.00,78.00,1,2,-1,-1
1437,124,592.00,181.00,48.00,51.00,1,2,-1,-1
1437,107,139.00,157.00,219.00,79.00,1,2,-1,-1
1438,124,592.00,181.00,48.00,46.00,1,2,-1,-1
1438,107,136.00,155.00,220.00,78.00,1,2,-1,-1
1439,124,593.00,178.00,47.00,49.00,1,2,-1,-1
1439,107,136.00,154.00,219.00,77.00,1,2,-1,-1
1440,124,593.00,181.00,47.00,47.00,1,2,-1,-1
1440,107,136.00,156.00,218.00,76.00,1,2,-1,-1
1441,124,594.00,183.00,46.00,46.00,1,2,-1,-1
1441,107,135.00,157.00,218.00,77.00,1,2,-1,-1
1442,124,596.00,183.00,44.00,47.00,1,2,-1,-1
1442,107,134.00,158.00,218.00,77.00,1,2,-1,-1
1443,124,596.00,183.00,44.00,46.00,1,2,-1,-1
1443,107,133.00,159.00,218.00,76.00,1,2,-1,-1
1444,124,597.00,185.00,43.00,43.00,1,2,-1,-1
1444,107,133.00,158.00,217.00,76.00,1,2,-1,-1
1445,124,598.00,187.00,42.00,42.00,1,2,-1,-1
1445,107,132.00,158.00,216.00,77.00,1,2,-1,-1
1446,124,599.00,188.00,41.00,44.00,1,2,-1,-1
1446,107,131.00,160.00,215.00,76.00,1,2,-1,-1
1447,124,600.00,187.00,40.00,47.00,1,2,-1,-1
1447,107,130.00,161.00,215.00,77.00,1,2,-1,-1
1448,124,601.00,190.00,39.00,44.00,1,2,-1,-1
1448,107,130.00,162.00,214.00,76.00,1,2,-1,-1
1449,124,603.00,184.00,37.00,51.00,1,2,-1,-1
1449,107,130.00,162.00,213.00,76.00,1,2,-1,-1
1450,124,604.00,184.00,36.00,50.00,1,2,-1,-1
1450,107,129.00,161.00,213.00,78.00,1,2,-1,-1
1451,124,606.00,182.00,34.00,53.00,1,2,-1,-1
1451,107,129.00,163.00,212.00,77.00,1,2,-1,-1
1452,124,607.00,181.00,33.00,55.00,1,2,-1,-1
1452,107,129.00,163.00,213.00,78.00,1,2,-1,-1
1453,124,607.00,182.00,33.00,53.00,1,2,-1,-1
1453,107,129.00,164.00,212.00,78.00,1,2,-1,-1
1454,124,608.00,182.00,32.00,54.00,1,2,-1,-1
1454,107,129.00,164.00,212.00,78.00,1,2,-1,-1
1455,124,611.00,186.00,29.00,51.00,1,2,-1,-1
1455,107,129.00,165.00,211.00,77.00,1,2,-1,-1
1456,124,612.00,186.00,28.00,52.00,1,2,-1,-1
1456,107,129.00,165.00,211.00,77.00,1,2,-1,-1
1457,124,614.00,184.00,26.00,56.00,1,2,-1,-1
1457,107,129.00,167.00,211.00,76.00,1,2,-1,-1
1458,124,616.00,186.00,24.00,52.00,1,2,-1,-1
1458,107,129.00,166.00,211.00,77.00,1,2,-1,-1
1459,124,618.00,187.00,22.00,53.00,1,2,-1,-1
1459,107,129.00,168.00,211.00,76.00,1,2,-1,-1
1460,124,621.00,188.00,19.00,47.00,1,2,-1,-1
1460,107,130.00,166.00,210.00,76.00,1,2,-1,-1
1461,124,624.00,187.00,16.00,45.00,1,2,-1,-1
1461,107,131.00,163.00,209.00,77.00,1,2,-1,-1
1462,124,625.00,187.00,15.00,43.00,1,2,-1,-1
1462,107,130.00,162.00,210.00,76.00,1,2,-1,-1
1463,124,627.00,185.00,13.00,43.00,1,2,-1,-1
1463,107,130.00,162.00,209.00,73.00,1,2,-1,-1
1464,124,628.00,186.00,12.00,43.00,1,2,-1,-1
1464,107,130.00,161.00,208.00,75.00,1,2,-1,-1
1465,124,630.00,186.00,10.00,45.00,1,2,-1,-1
1465,107,130.00,162.00,208.00,74.00,1,2,-1,-1
1466,124,632.00,186.00,8.00,44.00,1,2,-1,-1
1466,107,130.00,162.00,209.00,73.00,1,2,-1,-1
1467,107,130.00,160.00,207.00,74.00,1,2,-1,-1
1468,107,129.00,157.00,209.00,75.00,1,2,-1,-1
1469,107,129.00,156.00,207.00,74.00,1,2,-1,-1
1470,107,126.00,156.00,208.00,74.00,1,2,-1,-1
1471,107,122.00,156.00,208.00,74.00,1,2,-1,-1
1472,126,631.00,178.00,9.00,46.00,1,2,-1,-1
1472,107,120.00,155.00,207.00,75.00,1,2,-1,-1
1473,107,117.00,156.00,208.00,75.00,1,2,-1,-1
1474,107,117.00,157.00,206.00,75.00,1,2,-1,-1
1475,127,630.00,178.00,10.00,48.00,1,2,-1,-1
1475,107,114.00,157.00,207.00,75.00,1,2,-1,-1
1476,127,630.00,186.00,10.00,45.00,1,2,-1,-1
1476,107,113.00,161.00,206.00,74.00,1,2,-1,-1
1477,107,114.00,163.00,206.00,75.00,1,2,-1,-1
1478,107,116.00,166.00,204.00,75.00,1,2,-1,-1
1479,107,117.00,167.00,204.00,75.00,1,2,-1,-1
1480,107,118.00,168.00,203.00,75.00,1,2,-1,-1
1481,107,120.00,171.00,202.00,73.00,1,2,-1,-1
1482,107,122.00,174.00,201.00,74.00,1,2,-1,-1
1483,107,125.00,179.00,199.00,72.00,1,2,-1,-1
1484,107,126.00,180.00,198.00,72.00,1,2,-1,-1
1485,107,128.00,180.00,197.00,72.00,1,2,-1,-1
1486,107,129.00,180.00,196.00,74.00,1,2,-1,-1
1487,107,129.00,180.00,195.00,74.00,1,2,-1,-1
1488,107,126.00,179.00,197.00,74.00,1,2,-1,-1
1489,107,126.00,178.00,194.00,72.00,1,2,-1,-1
1490,107,124.00,179.00,194.00,73.00,1,2,-1,-1
1491,107,120.00,179.00,195.00,73.00,1,2,-1,-1
1492,107,118.00,180.00,194.00,75.00,1,2,-1,-1
1493,107,116.00,180.00,193.00,74.00,1,2,-1,-1
1494,107,114.00,182.00,192.00,74.00,1,2,-1,-1
1495,107,112.00,184.00,192.00,73.00,1,2,-1,-1
1496,107,112.00,184.00,190.00,73.00,1,2,-1,-1
1497,107,109.00,185.00,189.00,73.00,1,2,-1,-1
1498,107,108.00,186.00,188.00,73.00,1,2,-1,-1
1499,107,107.00,185.00,188.00,73.00,1,2,-1,-1
1500,107,110.00,186.00,184.00,71.00,1,2,-1,-1
1501,107,114.00,186.00,180.00,70.00,1,2,-1,-1
1502,128,629.00,203.00,11.00,43.00,1,2,-1,-1
1502,107,120.00,184.00,172.00,69.00,1,2,-1,-1
1503,129,615.00,76.00,25.00,48.00,1,2,-1,-1
1503,128,619.00,200.00,21.00,40.00,1,2,-1,-1
1503,107,125.00,180.00,167.00,67.00,1,2,-1,-1
1504,130,606.00,66.00,34.00,62.00,1,10,-1,-1
1504,128,611.00,195.00,29.00,47.00,1,2,-1,-1
1504,107,128.00,181.00,163.00,63.00,1,2,-1,-1
1505,128,601.00,196.00,39.00,39.00,1,2,-1,-1
1505,107,131.00,181.00,157.00,61.00,1,2,-1,-1
1506,128,591.00,195.00,49.00,39.00,1,2,-1,-1
1506,107,133.00,180.00,153.00,60.00,1,2,-1,-1
1507,131,583.00,55.00,57.00,132.00,1,2,-1,-1
1507,128,585.00,190.00,55.00,43.00,1,2,-1,-1
1507,107,136.00,179.00,149.00,58.00,1,2,-1,-1
1508,128,577.00,188.00,63.00,39.00,1,2,-1,-1
1508,107,140.00,176.00,144.00,56.00,1,2,-1,-1
1509,128,568.00,187.00,72.00,38.00,1,2,-1,-1
1509,107,141.00,175.00,141.00,55.00,1,2,-1,-1
1510,128,561.00,185.00,79.00,37.00,1,2,-1,-1
1510,107,144.00,174.00,136.00,54.00,1,2,-1,-1
1511,128,556.00,182.00,84.00,39.00,1,2,-1,-1
1511,107,147.00,172.00,132.00,52.00,1,2,-1,-1
1512,128,547.00,178.00,93.00,42.00,1,2,-1,-1
1512,107,150.00,174.00,128.00,49.00,1,2,-1,-1
1513,132,543.00,185.00,94.00,37.00,1,4,-1,-1
1513,128,543.00,184.00,95.00,38.00,1,2,-1,-1
1513,107,151.00,176.00,125.00,48.00,1,2,-1,-1
1514,128,536.00,185.00,94.00,39.00,1,2,-1,-1
1514,107,154.00,179.00,122.00,47.00,1,2,-1,-1
1515,133,532.00,186.00,92.00,38.00,1,4,-1,-1
1515,128,532.00,186.00,92.00,38.00,1,2,-1,-1
1515,107,157.00,179.00,119.00,46.00,1,2,-1,-1
1516,133,522.00,187.00,94.00,36.00,1,4,-1,-1
1516,128,524.00,187.00,92.00,36.00,1,2,-1,-1
1516,107,158.00,180.00,117.00,45.00,1,2,-1,-1
1517,133,516.00,186.00,91.00,36.00,1,4,-1,-1
1517,128,519.00,186.00,88.00,36.00,1,2,-1,-1
1517,107,160.00,179.00,113.00,45.00,1,2,-1,-1
1518,128,514.00,183.00,86.00,38.00,1,2,-1,-1
1518,107,163.00,180.00,109.00,42.00,1,2,-1,-1
1519,134,508.00,184.00,86.00,37.00,1,4,-1,-1
1519,128,511.00,183.00,84.00,38.00,1,2,-1,-1
1519,107,168.00,180.00,104.00,42.00,1,2,-1,-1
1520,128,505.00,184.00,83.00,37.00,1,2,-1,-1
1520,107,168.00,182.00,102.00,40.00,1,2,-1,-1
1521,128,497.00,185.00,82.00,35.00,1,2,-1,-1
1521,107,169.00,182.00,99.00,40.00,1,2,-1,-1
1522,128,494.00,184.00,78.00,36.00,1,2,-1,-1
1522,107,170.00,182.00,97.00,40.00,1,2,-1,-1
1523,128,490.00,183.00,78.00,35.00,1,2,-1,-1
1523,107,174.00,180.00,94.00,40.00,1,2,-1,-1
1524,128,485.00,182.00,76.00,32.00,1,2,-1,-1
1524,107,172.00,179.00,95.00,37.00,1,2,-1,-1
1525,107,171.00,178.00,93.00,36.00,1,2,-1,-1
1525,128,478.00,180.00,74.00,32.00,1,2,-1,-1
1526,128,474.00,178.00,72.00,30.00,1,2,-1,-1
1526,107,172.00,174.00,91.00,36.00,1,2,-1,-1
1527,128,470.00,176.00,70.00,31.00,1,2,-1,-1
1527,107,170.00,173.00,92.00,36.00,1,2,-1,-1
1528,107,172.00,173.00,88.00,35.00,1,2,-1,-1
1528,128,464.00,176.00,69.00,30.00,1,2,-1,-1
1529,128,457.00,178.00,69.00,29.00,1,2,-1,-1
1529,107,172.00,175.00,84.00,34.00,1,2,-1,-1
1530,128,452.00,176.00,66.00,31.00,1,2,-1,-1
1530,107,170.00,176.00,83.00,32.00,1,2,-1,-1
1531,128,446.00,176.00,66.00,30.00,1,2,-1,-1
1531,107,170.00,175.00,82.00,33.00,1,2,-1,-1
1532,128,443.00,177.00,62.00,28.00,1,2,-1,-1
1532,107,170.00,175.00,80.00,33.00,1,2,-1,-1
1533,128,436.00,175.00,63.00,29.00,1,2,-1,-1
1533,107,171.00,174.00,77.00,33.00,1,2,-1,-1
1534,128,432.00,175.00,62.00,29.00,1,2,-1,-1
1534,107,170.00,175.00,76.00,31.00,1,2,-1,-1
1535,128,418.00,177.00,68.00,27.00,1,2,-1,-1
1535,107,170.00,176.00,74.00,31.00,1,2,-1,-1
1536,128,420.00,178.00,61.00,27.00,1,2,-1,-1
1536,107,171.00,177.00,70.00,31.00,1,2,-1,-1
1537,128,410.00,180.00,66.00,26.00,1,2,-1,-1
1537,107,172.00,180.00,67.00,28.00,1,2,-1,-1
1538,135,628.00,185.00,12.00,19.00,1,2,-1,-1
1538,128,410.00,180.00,60.00,27.00,1,2,-1,-1
1538,107,170.00,182.00,67.00,28.00,1,2,-1,-1
1539,135,619.00,182.00,21.00,20.00,1,2,-1,-1
1539,128,408.00,180.00,58.00,27.00,1,2,-1,-1
1539,107,170.00,181.00,66.00,28.00,1,2,-1,-1
1540,135,612.00,181.00,28.00,20.00,1,2,-1,-1
1540,128,405.00,180.00,57.00,26.00,1,2,-1,-1
1540,107,170.00,181.00,66.00,27.00,1,2,-1,-1
1541,135,605.00,178.00,35.00,22.00,1,2,-1,-1
1541,128,402.00,180.00,56.00,25.00,1,2,-1,-1
1541,107,171.00,180.00,64.00,27.00,1,2,-1,-1
1542,135,599.00,178.00,41.00,22.00,1,2,-1,-1
1542,128,401.00,180.00,53.00,24.00,1,2,-1,-1
1542,107,172.00,180.00,63.00,26.00,1,2,-1,-1
1543,135,594.00,180.00,46.00,21.00,1,2,-1,-1
1543,128,398.00,180.00,53.00,24.00,1,2,-1,-1
1543,107,176.00,181.00,59.00,26.00,1,2,-1,-1
1544,136,397.00,137.00,47.00,22.00,1,8,-1,-1
1544,137,589.00,181.00,51.00,21.00,1,8,-1,-1
1544,128,396.00,181.00,52.00,24.00,1,2,-1,-1
1544,135,588.00,181.00,52.00,21.00,1,2,-1,-1
1544,107,177.00,181.00,58.00,27.00,1,2,-1,-1
1545,135,584.00,182.00,50.00,20.00,1,2,-1,-1
1545,128,395.00,182.00,51.00,23.00,1,2,-1,-1
1545,107,178.00,181.00,58.00,26.00,1,2,-1,-1
1546,128,394.00,180.00,49.00,24.00,1,2,-1,-1
1546,135,578.00,181.00,51.00,20.00,1,2,-1,-1
1546,107,179.00,180.00,58.00,27.00,1,2,-1,-1
1547,135,574.00,180.00,50.00,21.00,1,2,-1,-1
1547,128,393.00,180.00,49.00,23.00,1,2,-1,-1
1547,107,182.00,180.00,55.00,26.00,1,2,-1,-1
1548,135,570.00,179.00,50.00,22.00,1,2,-1,-1
1548,128,391.00,180.00,48.00,23.00,1,2,-1,-1
1548,107,184.00,180.00,53.00,25.00,1,2,-1,-1
1549,138,390.00,139.00,45.00,25.00,1,8,-1,-1
1549,135,565.00,179.00,49.00,22.00,1,2,-1,-1
1549,128,391.00,181.00,47.00,22.00,1,2,-1,-1
1549,107,186.00,181.00,53.00,25.00,1,2,-1,-1
1550,138,389.00,140.00,45.00,24.00,1,8,-1,-1
1550,135,562.00,181.00,48.00,21.00,1,2,-1,-1
1550,128,390.00,181.00,46.00,22.00,1,2,-1,-1
1550,107,188.00,181.00,52.00,25.00,1,2,-1,-1
1551,139,389.00,180.00,46.00,23.00,1,8,-1,-1
1551,138,388.00,141.00,44.00,24.00,1,8,-1,-1
1551,140,568.00,113.00,72.00,83.00,1,2,-1,-1
1551,135,558.00,180.00,47.00,22.00,1,2,-1,-1
1551,128,390.00,180.00,45.00,23.00,1,2,-1,-1
1551,107,189.00,181.00,52.00,25.00,1,2,-1,-1
1552,140,568.00,111.00,72.00,83.00,1,2,-1,-1
1552,135,556.00,180.00,48.00,21.00,1,2,-1,-1
1552,128,389.00,180.00,45.00,23.00,1,2,-1,-1
1552,107,189.00,181.00,52.00,25.00,1,2,-1,-1
1553,140,567.00,108.00,73.00,88.00,1,2,-1,-1
1553,141,388.00,141.00,42.00,23.00,1,8,-1,-1
1553,142,388.00,179.00,46.00,23.00,1,8,-1,-1
1553,135,556.00,179.00,48.00,21.00,1,2,-1,-1
1553,128,389.00,180.00,45.00,22.00,1,2,-1,-1
1553,107,190.00,181.00,50.00,24.00,1,2,-1,-1
1554,141,388.00,140.00,42.00,23.00,1,8,-1,-1
1554,140,568.00,114.00,72.00,80.00,1,2,-1,-1
1554,135,556.00,178.00,48.00,21.00,1,2,-1,-1
1554,128,389.00,179.00,45.00,22.00,1,2,-1,-1
1554,107,189.00,180.00,51.00,24.00,1,2,-1,-1
1555,141,388.00,140.00,43.00,22.00,1,8,-1,-1
1555,128,388.00,178.00,46.00,22.00,1,2,-1,-1
1555,135,556.00,176.00,48.00,22.00,1,2,-1,-1
1555,107,189.00,178.00,51.00,25.00,1,2,-1,-1
1556,141,388.00,139.00,44.00,24.00,1,8,-1,-1
1556,143,567.00,90.00,73.00,102.00,1,2,-1,-1
1556,135,556.00,176.00,48.00,20.00,1,2,-1,-1
1556,128,388.00,177.00,46.00,22.00,1,2,-1,-1
1556,107,189.00,178.00,51.00,25.00,1,2,-1,-1
1557,141,388.00,139.00,45.00,22.00,1,8,-1,-1
1557,135,556.00,176.00,48.00,21.00,1,2,-1,-1
1557,128,389.00,177.00,45.00,22.00,1,2,-1,-1
1557,107,189.00,178.00,51.00,25.00,1,2,-1,-1
1558,135,556.00,176.00,48.00,20.00,1,2,-1,-1
1558,128,388.00,177.00,47.00,22.00,1,2,-1,-1
1558,107,189.00,179.00,51.00,25.00,1,2,-1,-1
1559,144,566.00,91.00,74.00,101.00,1,2,-1,-1
1559,128,388.00,178.00,46.00,22.00,1,2,-1,-1
1559,135,556.00,176.00,48.00,21.00,1,2,-1,-1
1559,107,188.00,180.00,50.00,24.00,1,2,-1,-1
1560,145,388.00,140.00,42.00,23.00,1,8,-1,-1
1560,144,568.00,92.00,72.00,101.00,1,2,-1,-1
1560,135,556.00,177.00,48.00,20.00,1,2,-1,-1
1560,128,388.00,178.00,46.00,22.00,1,2,-1,-1
1560,107,188.00,181.00,50.00,24.00,1,2,-1,-1
1561,144,566.00,93.00,74.00,97.00,1,2,-1,-1
1561,135,556.00,176.00,48.00,21.00,1,2,-1,-1
1561,128,388.00,178.00,46.00,22.00,1,2,-1,-1
1561,107,188.00,181.00,50.00,24.00,1,2,-1,-1
1562,135,554.00,175.00,50.00,20.00,1,2,-1,-1
1562,128,387.00,178.00,47.00,22.00,1,2,-1,-1
1562,107,186.00,181.00,50.00,24.00,1,2,-1,-1
1563,146,568.00,95.00,72.00,93.00,1,2,-1,-1
1563,135,556.00,175.00,47.00,19.00,1,2,-1,-1
1563,128,386.00,177.00,48.00,23.00,1,2,-1,-1
1563,107,186.00,181.00,50.00,24.00,1,2,-1,-1
1564,135,554.00,174.00,50.00,20.00,1,2,-1,-1
1564,128,386.00,177.00,47.00,23.00,1,2,-1,-1
1564,107,186.00,181.00,48.00,24.00,1,2,-1,-1
1565,135,554.00,175.00,47.00,19.00,1,2,-1,-1
1565,128,386.00,177.00,47.00,23.00,1,2,-1,-1
1565,107,185.00,182.00,49.00,24.00,1,2,-1,-1
1566,135,554.00,174.00,47.00,20.00,1,2,-1,-1
1566,128,386.00,177.00,47.00,23.00,1,2,-1,-1
1566,107,185.00,182.00,48.00,24.00,1,2,-1,-1
1567,135,554.00,174.00,48.00,20.00,1,2,-1,-1
1567,128,386.00,177.00,47.00,23.00,1,2,-1,-1
1567,107,185.00,182.00,47.00,24.00,1,2,-1,-1
1568,135,554.00,175.00,47.00,19.00,1,2,-1,-1
1568,128,386.00,177.00,46.00,23.00,1,2,-1,-1
1568,107,185.00,183.00,47.00,24.00,1,2,-1,-1
1569,135,554.00,175.00,47.00,20.00,1,2,-1,-1
1569,128,386.00,179.00,46.00,22.00,1,2,-1,-1
1569,107,184.00,185.00,48.00,23.00,1,2,-1,-1
1570,147,562.00,100.00,78.00,90.00,1,2,-1,-1
1570,135,554.00,176.00,46.00,20.00,1,2,-1,-1
1570,128,386.00,180.00,46.00,22.00,1,2,-1,-1
1570,107,184.00,185.00,47.00,24.00,1,2,-1,-1
1571,135,553.00,176.00,47.00,20.00,1,2,-1,-1
1571,128,386.00,179.00,46.00,23.00,1,2,-1,-1
1571,107,184.00,185.00,47.00,24.00,1,2,-1,-1
1572,135,554.00,176.00,47.00,20.00,1,2,-1,-1
1572,128,386.00,180.00,46.00,22.00,1,2,-1,-1
1572,107,184.00,185.00,47.00,23.00,1,2,-1,-1
1573,135,554.00,177.00,47.00,20.00,1,2,-1,-1
1573,128,386.00,180.00,46.00,23.00,1,2,-1,-1
1573,107,184.00,185.00,47.00,24.00,1,2,-1,-1
1574,148,386.00,141.00,42.00,23.00,1,8,-1,-1
1574,149,386.00,179.00,47.00,23.00,1,8,-1,-1
1574,135,554.00,177.00,47.00,20.00,1,2,-1,-1
1574,128,386.00,180.00,47.00,23.00,1,2,-1,-1
1574,107,183.00,184.00,48.00,24.00,1,2,-1,-1
1575,135,554.00,178.00,48.00,19.00,1,2,-1,-1
1575,128,386.00,180.00,47.00,23.00,1,2,-1,-1
1575,107,183.00,185.00,47.00,23.00,1,2,-1,-1
1576,128,387.00,181.00,46.00,23.00,1,2,-1,-1
1576,135,554.00,178.00,48.00,20.00,1,2,-1,-1
1576,150,387.00,180.00,46.00,23.00,1,8,-1,-1
1576,107,182.00,185.00,48.00,23.00,1,2,-1,-1
1577,150,387.00,180.00,46.00,23.00,1,8,-1,-1
1577,128,387.00,180.00,46.00,24.00,1,2,-1,-1
1577,135,554.00,178.00,48.00,21.00,1,2,-1,-1
1577,107,183.00,185.00,47.00,23.00,1,2,-1,-1
1578,128,387.00,181.00,46.00,23.00,1,2,-1,-1
1578,135,554.00,179.00,48.00,20.00,1,2,-1,-1
1578,150,387.00,180.00,46.00,23.00,1,8,-1,-1
1578,107,182.00,184.00,47.00,24.00,1,2,-1,-1
1579,128,386.00,182.00,47.00,22.00,1,2,-1,-1
1579,135,554.00,180.00,48.00,20.00,1,2,-1,-1
1579,150,387.00,181.00,46.00,23.00,1,8,-1,-1
1579,107,182.00,185.00,47.00,23.00,1,2,-1,-1
1580,128,385.00,182.00,47.00,23.00,1,2,-1,-1
1580,150,386.00,182.00,47.00,23.00,1,8,-1,-1
1580,135,554.00,181.00,48.00,20.00,1,2,-1,-1
1580,107,182.00,185.00,47.00,23.00,1,2,-1,-1
1581,151,387.00,144.00,43.00,20.00,1,8,-1,-1
1581,135,554.00,180.00,48.00,20.00,1,2,-1,-1
1581,150,386.00,181.00,47.00,23.00,1,8,-1,-1
1581,107,182.00,184.00,47.00,24.00,1,2,-1,-1
1582,152,386.00,182.00,47.00,23.00,1,2,-1,-1
1582,150,386.00,182.00,47.00,23.00,1,8,-1,-1
1582,135,554.00,181.00,48.00,20.00,1,2,-1,-1
1582,107,182.00,185.00,46.00,23.00,1,2,-1,-1
1583,153,386.00,145.00,43.00,20.00,1,8,-1,-1
1583,150,386.00,182.00,47.00,23.00,1,8,-1,-1
1583,135,555.00,182.00,47.00,19.00,1,2,-1,-1
1583,107,181.00,185.00,46.00,23.00,1,2,-1,-1
1584,153,385.00,146.00,44.00,22.00,1,8,-1,-1
1584,154,385.00,184.00,46.00,23.00,1,2,-1,-1
1584,150,385.00,184.00,47.00,23.00,1,8,-1,-1
1584,135,554.00,183.00,48.00,21.00,1,2,-1,-1
1584,107,181.00,187.00,45.00,23.00,1,2,-1,-1
1585,154,383.00,187.00,47.00,23.00,1,2,-1,-1
1585,153,385.00,147.00,42.00,24.00,1,8,-1,-1
1585,150,384.00,186.00,46.00,23.00,1,8,-1,-1
1585,135,553.00,185.00,47.00,20.00,1,2,-1,-1
1585,107,178.00,189.00,46.00,23.00,1,2,-1,-1
1586,153,383.00,150.00,44.00,23.00,1,8,-1,-1
1586,154,383.00,189.00,46.00,23.00,1,2,-1,-1
1586,150,383.00,189.00,46.00,22.00,1,8,-1,-1
1586,135,550.00,188.00,48.00,20.00,1,2,-1,-1
1586,107,177.00,191.00,45.00,25.00,1,2,-1,-1
1587,154,382.00,192.00,45.00,22.00,1,2,-1,-1
1587,135,550.00,190.00,46.00,20.00,1,2,-1,-1
1587,107,176.00,193.00,45.00,24.00,1,2,-1,-1
1588,154,380.00,193.00,46.00,23.00,1,2,-1,-1
1588,135,547.00,193.00,47.00,19.00,1,2,-1,-1
1588,107,173.00,195.00,45.00,24.00,1,2,-1,-1
1589,135,546.00,196.00,46.00,20.00,1,2,-1,-1
1589,155,378.00,196.00,46.00,23.00,1,8,-1,-1
1589,107,172.00,199.00,46.00,24.00,1,2,-1,-1
1590,156,377.00,200.00,47.00,24.00,1,2,-1,-1
1590,155,377.00,199.00,47.00,24.00,1,8,-1,-1
1590,135,544.00,200.00,48.00,20.00,1,2,-1,-1
1590,107,171.00,202.00,45.00,24.00,1,2,-1,-1
1591,155,378.00,203.00,45.00,23.00,1,8,-1,-1
1591,155,378.00,180.00,46.00,41.00,1,8,-1,-1
1591,135,545.00,201.00,48.00,21.00,1,2,-1,-1
1591,107,171.00,204.00,45.00,25.00,1,2,-1,-1
1592,157,379.00,201.00,46.00,24.00,1,2,-1,-1
1592,155,379.00,198.00,47.00,26.00,1,8,-1,-1
1592,135,547.00,201.00,47.00,21.00,1,2,-1,-1
1592,107,173.00,204.00,44.00,24.00,1,2,-1,-1
1593,158,381.00,162.00,47.00,28.00,1,8,-1,-1
1593,157,382.00,199.00,46.00,25.00,1,2,-1,-1
1593,135,548.00,201.00,47.00,20.00,1,2,-1,-1
1593,155,382.00,199.00,46.00,24.00,1,8,-1,-1
1593,107,174.00,202.00,45.00,25.00,1,2,-1,-1
1594,157,383.00,200.00,46.00,23.00,1,2,-1,-1
1594,135,550.00,200.00,48.00,19.00,1,2,-1,-1
1594,155,383.00,199.00,46.00,23.00,1,8,-1,-1
1594,107,176.00,200.00,45.00,24.00,1,2,-1,-1
1595,155,386.00,162.00,47.00,58.00,1,8,-1,-1
1595,159,386.00,160.00,42.00,20.00,1,8,-1,-1
1595,155,385.00,193.00,46.00,28.00,1,8,-1,-1
1595,135,552.00,198.00,48.00,20.00,1,2,-1,-1
1595,107,176.00,199.00,47.00,25.00,1,2,-1,-1
1596,159,388.00,157.00,42.00,23.00,1,8,-1,-1
1596,160,388.00,195.00,46.00,23.00,1,2,-1,-1
1596,155,388.00,194.00,46.00,24.00,1,8,-1,-1
1596,135,554.00,196.00,48.00,20.00,1,2,-1,-1
1596,107,180.00,196.00,45.00,25.00,1,2,-1,-1
1597,159,390.00,157.00,44.00,23.00,1,8,-1,-1
1597,135,558.00,195.00,47.00,20.00,1,2,-1,-1
1597,160,391.00,195.00,45.00,22.00,1,2,-1,-1
1597,107,183.00,196.00,45.00,24.00,1,2,-1,-1
1598,159,394.00,154.00,44.00,24.00,1,8,-1,-1
1598,135,561.00,193.00,48.00,20.00,1,2,-1,-1
1598,160,393.00,193.00,46.00,22.00,1,2,-1,-1
1598,107,186.00,194.00,44.00,24.00,1,2,-1,-1
1599,161,396.00,192.00,46.00,22.00,1,8,-1,-1
1599,160,397.00,192.00,45.00,22.00,1,2,-1,-1
1599,135,563.00,191.00,49.00,20.00,1,2,-1,-1
1599,107,189.00,192.00,45.00,24.00,1,2,-1,-1
1600,160,400.00,189.00,46.00,23.00,1,2,-1,-1
1600,162,568.00,190.00,48.00,19.00,1,8,-1,-1
1600,163,400.00,149.00,44.00,24.00,1,8,-1,-1
1600,135,568.00,190.00,48.00,19.00,1,2,-1,-1
1600,161,400.00,188.00,46.00,24.00,1,8,-1,-1
1600,107,192.00,190.00,45.00,25.00,1,2,-1,-1
1601,160,405.00,189.00,47.00,21.00,1,2,-1,-1
1601,107,198.00,190.00,46.00,24.00,1,2,-1,-1
1601,135,574.00,189.00,48.00,17.00,1,2,-1,-1
1602,160,408.00,188.00,46.00,22.00,1,2,-1,-1
1602,135,576.00,187.00,48.00,18.00,1,2,-1,-1
1602,107,201.00,190.00,45.00,23.00,1,2,-1,-1
1603,160,411.00,184.00,49.00,22.00,1,2,-1,-1
1603,107,205.00,186.00,46.00,24.00,1,2,-1,-1
1603,135,582.00,184.00,48.00,17.00,1,2,-1,-1
1604,160,419.00,180.00,47.00,23.00,1,2,-1,-1
1604,135,589.00,180.00,48.00,18.00,1,2,-1,-1
1604,107,212.00,184.00,46.00,24.00,1,2,-1,-1
1605,160,416.00,179.00,53.00,22.00,1,2,-1,-1
1605,135,592.00,177.00,47.00,18.00,1,2,-1,-1
1605,107,214.00,183.00,46.00,24.00,1,2,-1,-1
1606,160,422.00,178.00,48.00,22.00,1,2,-1,-1
1606,135,592.00,175.00,48.00,18.00,1,2,-1,-1
1606,107,215.00,183.00,48.00,24.00,1,2,-1,-1
1607,164,188.00,158.00,17.00,26.00,1,6,-1,-1
1607,135,594.00,172.00,46.00,18.00,1,2,-1,-1
1607,160,422.00,176.00,49.00,22.00,1,2,-1,-1
1607,107,217.00,182.00,45.00,24.00,1,2,-1,-1
1608,160,426.00,175.00,47.00,22.00,1,2,-1,-1
1608,135,596.00,169.00,44.00,19.00,1,2,-1,-1
1608,107,218.00,182.00,46.00,24.00,1,2,-1,-1
1609,160,428.00,173.00,49.00,24.00,1,2,-1,-1
1609,135,600.00,168.00,40.00,18.00,1,2,-1,-1
1609,107,222.00,182.00,44.00,24.00,1,2,-1,-1
1610,165,197.00,159.00,16.00,26.00,1,6,-1,-1
1610,166,434.00,170.00,46.00,26.00,1,8,-1,-1
1610,160,434.00,170.00,46.00,26.00,1,2,-1,-1
1610,135,606.00,167.00,34.00,18.00,1,2,-1,-1
1610,107,225.00,182.00,44.00,25.00,1,2,-1,-1
1611,166,434.00,168.00,46.00,28.00,1,8,-1,-1
1611,160,434.00,170.00,46.00,27.00,1,2,-1,-1
1611,135,606.00,165.00,34.00,20.00,1,2,-1,-1
1611,107,225.00,184.00,45.00,24.00,1,2,-1,-1
1612,160,429.00,173.00,50.00,24.00,1,2,-1,-1
1612,135,605.00,166.00,35.00,19.00,1,2,-1,-1
1612,107,225.00,187.00,43.00,23.00,1,2,-1,-1
1613,160,429.00,176.00,49.00,24.00,1,2,-1,-1
1613,135,602.00,168.00,38.00,19.00,1,2,-1,-1
1613,107,223.00,191.00,44.00,24.00,1,2,-1,-1
1614,135,601.00,172.00,39.00,19.00,1,2,-1,-1
1614,160,430.00,180.00,47.00,24.00,1,2,-1,-1
1614,107,222.00,196.00,47.00,24.00,1,2,-1,-1
1615,135,602.00,173.00,38.00,19.00,1,2,-1,-1
1615,160,431.00,183.00,47.00,24.00,1,2,-1,-1
1615,107,223.00,199.00,42.00,24.00,1,2,-1,-1
1616,135,604.00,171.00,36.00,20.00,1,2,-1,-1
1616,160,434.00,182.00,48.00,24.00,1,2,-1,-1
1616,107,225.00,198.00,43.00,25.00,1,2,-1,-1
1617,167,200.00,176.00,15.00,26.00,1,6,-1,-1
1617,135,607.00,170.00,33.00,19.00,1,2,-1,-1
1617,160,436.00,180.00,47.00,25.00,1,2,-1,-1
1617,107,228.00,198.00,42.00,25.00,1,2,-1,-1
1618,168,166.00,125.00,359.00,105.00,1,2,-1,-1
1619,168,165.00,127.00,360.00,106.00,1,2,-1,-1
1620,168,166.00,130.00,360.00,106.00,1,2,-1,-1
1621,168,166.00,132.00,358.00,107.00,1,2,-1,-1
1622,168,166.00,138.00,357.00,104.00,1,2,-1,-1
1623,168,167.00,141.00,354.00,105.00,1,2,-1,-1
1624,168,166.00,144.00,357.00,104.00,1,2,-1,-1
1625,168,166.00,145.00,357.00,106.00,1,2,-1,-1
1626,168,166.00,146.00,356.00,108.00,1,2,-1,-1
1627,168,166.00,150.00,358.00,106.00,1,2,-1,-1
1628,168,167.00,152.00,355.00,105.00,1,2,-1,-1
1629,168,166.00,154.00,356.00,104.00,1,2,-1,-1
1630,168,166.00,153.00,356.00,107.00,1,2,-1,-1
1631,168,168.00,153.00,356.00,106.00,1,2,-1,-1
1632,168,168.00,153.00,356.00,105.00,1,2,-1,-1
1633,168,168.00,152.00,360.00,104.00,1,2,-1,-1
1634,168,168.00,149.00,357.00,105.00,1,2,-1,-1
1635,168,170.00,148.00,361.00,104.00,1,2,-1,-1
1636,168,170.00,147.00,360.00,104.00,1,2,-1,-1
1637,168,170.00,146.00,360.00,106.00,1,2,-1,-1
1638,168,172.00,145.00,360.00,106.00,1,2,-1,-1
1639,168,174.00,146.00,358.00,105.00,1,2,-1,-1
1640,168,174.00,146.00,358.00,106.00,1,2,-1,-1
1641,168,174.00,146.00,358.00,106.00,1,2,-1,-1
1642,168,176.00,145.00,358.00,107.00,1,2,-1,-1
1643,168,177.00,146.00,359.00,106.00,1,2,-1,-1
1644,168,178.00,146.00,359.00,106.00,1,2,-1,-1
1645,168,178.00,148.00,358.00,106.00,1,2,-1,-1
1646,168,179.00,147.00,355.00,106.00,1,2,-1,-1
1647,168,180.00,147.00,359.00,106.00,1,2,-1,-1
1648,168,182.00,147.00,357.00,106.00,1,2,-1,-1
1649,168,191.00,147.00,349.00,106.00,1,2,-1,-1
1650,168,191.00,148.00,350.00,106.00,1,2,-1,-1
1651,168,194.00,147.00,348.00,106.00,1,2,-1,-1
1652,168,193.00,148.00,352.00,105.00,1,2,-1,-1
1653,168,191.00,148.00,355.00,104.00,1,2,-1,-1
1654,168,176.00,149.00,371.00,103.00,1,2,-1,-1
1655,168,195.00,146.00,351.00,104.00,1,2,-1,-1
1656,168,196.00,144.00,353.00,102.00,1,2,-1,-1
1657,169,198.00,138.00,353.00,102.00,1,8,-1,-1
1657,168,198.00,139.00,352.00,101.00,1,2,-1,-1
1658,168,197.00,133.00,355.00,104.00,1,2,-1,-1
1659,168,195.00,132.00,359.00,103.00,1,2,-1,-1
1660,168,198.00,130.00,358.00,103.00,1,2,-1,-1
1661,168,198.00,127.00,360.00,104.00,1,2,-1,-1
1662,168,199.00,124.00,360.00,104.00,1,2,-1,-1
1663,168,199.00,122.00,361.00,105.00,1,2,-1,-1
1664,168,202.00,121.00,360.00,105.00,1,2,-1,-1
1665,168,192.00,122.00,371.00,104.00,1,2,-1,-1
1666,168,207.00,124.00,356.00,105.00,1,2,-1,-1
1667,168,206.00,130.00,355.00,103.00,1,2,-1,-1
1668,168,201.00,132.00,364.00,104.00,1,2,-1,-1
1669,168,196.00,137.00,368.00,104.00,1,2,-1,-1
1670,168,202.00,144.00,359.00,103.00,1,2,-1,-1
1671,168,209.00,148.00,355.00,108.00,1,2,-1,-1
1672,168,209.00,156.00,351.00,106.00,1,2,-1,-1
1673,168,205.00,165.00,358.00,105.00,1,2,-1,-1
1674,168,206.00,170.00,354.00,107.00,1,2,-1,-1
1675,168,208.00,177.00,353.00,103.00,1,2,-1,-1
1676,168,208.00,179.00,356.00,105.00,1,2,-1,-1
1677,168,210.00,177.00,352.00,110.00,1,2,-1,-1
1678,168,209.00,180.00,359.00,108.00,1,2,-1,-1
1679,168,208.00,181.00,357.00,109.00,1,2,-1,-1
1680,168,209.00,180.00,355.00,106.00,1,2,-1,-1
1681,168,211.00,176.00,355.00,104.00,1,2,-1,-1
1682,168,214.00,161.00,357.00,106.00,1,2,-1,-1
1683,168,216.00,149.00,349.00,103.00,1,2,-1,-1
1684,168,220.00,133.00,341.00,98.00,1,2,-1,-1
1685,168,225.00,118.00,322.00,94.00,1,2,-1,-1
1686,168,231.00,106.00,309.00,93.00,1,2,-1,-1
1687,168,237.00,101.00,294.00,90.00,1,2,-1,-1
1688,168,250.00,99.00,280.00,84.00,1,2,-1,-1
1689,168,262.00,95.00,260.00,80.00,1,2,-1,-1
1690,168,274.00,90.00,246.00,72.00,1,2,-1,-1
1691,170,0.00,63.00,29.00,104.00,1,2,-1,-1
1691,168,286.00,82.00,229.00,66.00,1,2,-1,-1
1692,171,0.00,86.00,54.00,71.00,1,8,-1,-1
1692,170,0.00,91.00,54.00,67.00,1,2,-1,-1
1692,168,296.00,76.00,214.00,65.00,1,2,-1,-1
1693,170,0.00,82.00,78.00,70.00,1,2,-1,-1
1693,168,306.00,78.00,202.00,59.00,1,2,-1,-1
1694,170,0.00,80.00,104.00,71.00,1,2,-1,-1
1694,168,316.00,79.00,187.00,55.00,1,2,-1,-1
1695,170,0.00,83.00,128.00,64.00,1,2,-1,-1
1695,168,327.00,80.00,173.00,52.00,1,2,-1,-1
1696,170,0.00,89.00,152.00,60.00,1,2,-1,-1
1696,168,338.00,84.00,163.00,48.00,1,2,-1,-1
1697,168,356.00,89.00,152.00,46.00,1,2,-1,-1
1697,170,9.00,96.00,171.00,57.00,1,2,-1,-1
1698,168,369.00,105.00,147.00,43.00,1,2,-1,-1
1698,170,48.00,113.00,158.00,55.00,1,2,-1,-1
1699,168,385.00,126.00,137.00,40.00,1,2,-1,-1
1699,170,83.00,134.00,149.00,52.00,1,2,-1,-1
1700,168,402.00,143.00,130.00,37.00,1,2,-1,-1
1700,170,118.00,151.00,140.00,50.00,1,2,-1,-1
1701,168,420.00,155.00,118.00,35.00,1,2,-1,-1
1701,170,150.00,162.00,132.00,46.00,1,2,-1,-1
1702,168,434.00,166.00,116.00,35.00,1,2,-1,-1
1702,170,175.00,172.00,127.00,45.00,1,2,-1,-1
1703,168,458.00,176.00,116.00,34.00,1,2,-1,-1
1703,170,199.00,181.00,126.00,45.00,1,2,-1,-1
1704,168,492.00,185.00,118.00,33.00,1,2,-1,-1
1704,170,234.00,190.00,126.00,44.00,1,2,-1,-1
1705,168,528.00,196.00,104.00,33.00,1,2,-1,-1
1705,170,268.00,200.00,126.00,45.00,1,2,-1,-1
1706,168,562.00,208.00,78.00,32.00,1,2,-1,-1
1706,170,301.00,212.00,127.00,44.00,1,2,-1,-1
1707,172,596.00,219.00,44.00,35.00,1,2,-1,-1
1707,170,332.00,224.00,128.00,44.00,1,2,-1,-1
1708,173,0.00,246.00,55.00,60.00,1,2,-1,-1
1708,170,374.00,231.00,127.00,45.00,1,2,-1,-1
1709,173,0.00,247.00,95.00,56.00,1,2,-1,-1
1709,170,414.00,231.00,128.00,44.00,1,2,-1,-1
1710,173,0.00,252.00,122.00,54.00,1,2,-1,-1
1710,170,442.00,238.00,130.00,45.00,1,2,-1,-1
1711,173,0.00,262.00,148.00,56.00,1,2,-1,-1
1711,170,466.00,252.00,132.00,46.00,1,2,-1,-1
1712,173,15.00,275.00,151.00,56.00,1,2,-1,-1
1712,170,485.00,269.00,132.00,47.00,1,2,-1,-1
1713,173,34.00,283.00,149.00,55.00,1,2,-1,-1
1713,170,502.00,280.00,134.00,48.00,1,2,-1,-1
1714,173,58.00,279.00,148.00,55.00,1,2,-1,-1
1714,170,526.00,281.00,114.00,46.00,1,2,-1,-1
1715,170,550.00,270.00,90.00,45.00,1,2,-1,-1
1715,173,80.00,268.00,149.00,54.00,1,2,-1,-1
1716,170,573.00,262.00,67.00,49.00,1,2,-1,-1
1716,173,104.00,260.00,148.00,52.00,1,2,-1,-1
1717,170,606.00,256.00,34.00,54.00,1,2,-1,-1
1717,173,137.00,255.00,147.00,54.00,1,2,-1,-1
1718,173,166.00,252.00,146.00,54.00,1,2,-1,-1
1719,173,183.00,242.00,145.00,54.00,1,2,-1,-1
1720,173,188.00,232.00,146.00,54.00,1,2,-1,-1
1721,173,189.00,229.00,145.00,54.00,1,2,-1,-1
1722,173,197.00,229.00,146.00,53.00,1,2,-1,-1
1723,173,215.00,226.00,145.00,54.00,1,2,-1,-1
1724,173,224.00,233.00,144.00,55.00,1,2,-1,-1
1725,173,225.00,245.00,146.00,55.00,1,2,-1,-1
1726,173,238.00,257.00,146.00,56.00,1,2,-1,-1
1727,173,258.00,272.00,147.00,56.00,1,2,-1,-1
1728,173,274.00,294.00,147.00,56.00,1,2,-1,-1
1729,173,286.00,313.00,148.00,47.00,1,2,-1,-1
1730,174,196.00,208.00,123.00,52.00,1,8,-1,-1
1733,175,194.00,257.00,115.00,49.00,1,8,-1,-1
1736,176,285.00,217.00,122.00,48.00,1,8,-1,-1
1739,177,337.00,259.00,117.00,47.00,1,8,-1,-1
1744,178,348.00,232.00,122.00,48.00,1,8,-1,-1
1745,178,352.00,214.00,122.00,46.00,1,8,-1,-1
1745,179,449.00,322.00,138.00,38.00,1,8,-1,-1
1746,180,0.00,317.00,94.00,43.00,1,2,-1,-1
1746,181,459.00,316.00,150.00,44.00,1,2,-1,-1
1747,180,0.00,304.00,96.00,56.00,1,2,-1,-1
1747,181,460.00,302.00,150.00,57.00,1,2,-1,-1
1748,180,0.00,294.00,77.00,66.00,1,2,-1,-1
1748,181,440.00,296.00,148.00,59.00,1,2,-1,-1
1749,180,0.00,294.00,55.00,66.00,1,2,-1,-1
1749,181,420.00,294.00,149.00,61.00,1,2,-1,-1
1750,180,0.00,283.00,45.00,77.00,1,2,-1,-1
1750,181,410.00,295.00,146.00,55.00,1,2,-1,-1
1751,180,0.00,278.00,46.00,82.00,1,2,-1,-1
1751,181,409.00,290.00,150.00,55.00,1,2,-1,-1
1752,180,0.00,278.00,49.00,82.00,1,2,-1,-1
1752,181,413.00,287.00,149.00,56.00,1,2,-1,-1
1753,180,0.00,292.00,56.00,68.00,1,2,-1,-1
1753,181,420.00,287.00,148.00,54.00,1,2,-1,-1
1754,180,0.00,299.00,66.00,61.00,1,2,-1,-1
1754,181,430.00,289.00,149.00,55.00,1,2,-1,-1
1755,180,0.00,299.00,80.00,61.00,1,2,-1,-1
1755,181,443.00,293.00,148.00,56.00,1,2,-1,-1
1756,180,0.00,302.00,95.00,58.00,1,2,-1,-1
1756,181,458.00,296.00,150.00,58.00,1,2,-1,-1
1757,180,0.00,306.00,119.00,54.00,1,2,-1,-1
1757,181,481.00,300.00,152.00,56.00,1,2,-1,-1
1758,181,514.00,300.00,126.00,57.00,1,2,-1,-1
1758,180,15.00,306.00,138.00,54.00,1,2,-1,-1
1759,180,46.00,310.00,138.00,50.00,1,2,-1,-1
1759,181,547.00,304.00,93.00,55.00,1,2,-1,-1
1760,182,257.00,157.00,55.00,26.00,1,2,-1,-1
1761,183,544.00,154.00,46.00,17.00,1,2,-1,-1
1761,184,437.00,155.00,49.00,19.00,1,2,-1,-1
1761,182,253.00,159.00,59.00,22.00,1,2,-1,-1
1762,185,0.00,131.00,105.00,229.00,1,6,-1,-1
1762,183,544.00,154.00,46.00,17.00,1,2,-1,-1
1762,184,437.00,155.00,49.00,19.00,1,2,-1,-1
1762,182,252.00,159.00,60.00,22.00,1,2,-1,-1
1763,185,0.00,131.00,102.00,228.00,1,6,-1,-1
1763,183,545.00,154.00,46.00,17.00,1,2,-1,-1
1763,184,438.00,155.00,48.00,18.00,1,2,-1,-1
1763,182,252.00,159.00,60.00,22.00,1,2,-1,-1
1764,186,67.00,164.00,46.00,26.00,1,2,-1,-1
1764,185,0.00,130.00,100.00,229.00,1,6,-1,-1
1764,183,544.00,153.00,46.00,18.00,1,2,-1,-1
1764,184,438.00,155.00,48.00,18.00,1,2,-1,-1
1764,182,252.00,159.00,60.00,22.00,1,2,-1,-1
1765,186,62.00,165.00,51.00,25.00,1,2,-1,-1
1765,185,0.00,131.00,97.00,229.00,1,6,-1,-1
1765,183,546.00,153.00,44.00,18.00,1,2,-1,-1
1765,184,438.00,155.00,48.00,19.00,1,2,-1,-1
1765,182,253.00,159.00,59.00,22.00,1,2,-1,-1
1766,186,59.00,164.00,55.00,26.00,1,2,-1,-1
1766,185,0.00,132.00,92.00,227.00,1,6,-1,-1
1766,183,546.00,152.00,44.00,19.00,1,2,-1,-1
1766,184,438.00,155.00,49.00,18.00,1,2,-1,-1
1766,182,252.00,159.00,60.00,21.00,1,2,-1,-1
1767,186,62.00,164.00,52.00,26.00,1,2,-1,-1
1767,185,0.00,131.00,88.00,227.00,1,6,-1,-1
1767,183,546.00,153.00,44.00,17.00,1,2,-1,-1
1767,184,438.00,155.00,49.00,18.00,1,2,-1,-1
1767,182,252.00,159.00,60.00,22.00,1,2,-1,-1
1768,186,61.00,165.00,53.00,25.00,1,2,-1,-1
1768,185,0.00,131.00,86.00,228.00,1,6,-1,-1
1768,183,546.00,152.00,45.00,19.00,1,2,-1,-1
1768,184,438.00,155.00,49.00,18.00,1,2,-1,-1
1768,182,252.00,159.00,60.00,22.00,1,2,-1,-1
1769,187,632.00,157.00,8.00,30.00,1,2,-1,-1
1769,185,0.00,130.00,85.00,229.00,1,6,-1,-1
1769,186,60.00,165.00,53.00,24.00,1,2,-1,-1
1769,183,546.00,152.00,45.00,19.00,1,2,-1,-1
1769,184,438.00,153.00,50.00,20.00,1,2,-1,-1
1769,182,252.00,158.00,61.00,22.00,1,2,-1,-1
1770,187,633.00,157.00,7.00,30.00,1,2,-1,-1
1770,185,0.00,127.00,82.00,233.00,1,6,-1,-1
1770,183,546.00,152.00,45.00,19.00,1,2,-1,-1
1770,186,58.00,165.00,56.00,23.00,1,2,-1,-1
1770,182,252.00,158.00,61.00,22.00,1,2,-1,-1
1770,184,438.00,154.00,49.00,19.00,1,2,-1,-1
1771,185,0.00,128.00,78.00,231.00,1,6,-1,-1
1771,186,57.00,165.00,57.00,23.00,1,2,-1,-1
1771,183,546.00,152.00,44.00,18.00,1,2,-1,-1
1771,184,438.00,154.00,50.00,19.00,1,2,-1,-1
1771,182,252.00,159.00,61.00,21.00,1,2,-1,-1
1772,185,0.00,130.00,76.00,228.00,1,6,-1,-1
1772,186,57.00,164.00,57.00,25.00,1,2,-1,-1
1772,183,546.00,152.00,46.00,19.00,1,2,-1,-1
1772,184,438.00,153.00,49.00,20.00,1,2,-1,-1
1772,182,252.00,158.00,61.00,23.00,1,2,-1,-1
1773,185,0.00,131.00,74.00,226.00,1,6,-1,-1
1773,183,546.00,153.00,46.00,18.00,1,2,-1,-1
1773,186,56.00,164.00,58.00,24.00,1,2,-1,-1
1773,184,438.00,153.00,49.00,20.00,1,2,-1,-1
1773,182,252.00,158.00,61.00,23.00,1,2,-1,-1
1774,183,546.00,152.00,46.00,19.00,1,2,-1,-1
1774,185,0.00,130.00,72.00,227.00,1,6,-1,-1
1774,186,56.00,164.00,58.00,24.00,1,2,-1,-1
1774,184,438.00,153.00,50.00,20.00,1,2,-1,-1
1774,182,252.00,158.00,61.00,22.00,1,2,-1,-1
1775,185,0.00,130.00,69.00,226.00,1,6,-1,-1
1775,183,546.00,152.00,46.00,19.00,1,2,-1,-1
1775,186,57.00,164.00,57.00,24.00,1,2,-1,-1
1775,184,438.00,153.00,50.00,20.00,1,2,-1,-1
1775,182,252.00,158.00,61.00,23.00,1,2,-1,-1
1776,185,0.00,128.00,67.00,231.00,1,6,-1,-1
1776,183,546.00,152.00,46.00,19.00,1,2,-1,-1
1776,186,57.00,164.00,57.00,24.00,1,2,-1,-1
1776,184,438.00,153.00,50.00,20.00,1,2,-1,-1
1776,182,252.00,158.00,61.00,23.00,1,2,-1,-1
1777,185,0.00,129.00,67.00,231.00,1,6,-1,-1
1777,183,546.00,152.00,46.00,19.00,1,2,-1,-1
1777,186,57.00,163.00,57.00,25.00,1,2,-1,-1
1777,184,438.00,153.00,50.00,20.00,1,2,-1,-1
1777,182,252.00,158.00,61.00,22.00,1,2,-1,-1
1778,185,0.00,131.00,66.00,225.00,1,6,-1,-1
1778,186,57.00,164.00,57.00,24.00,1,2,-1,-1
1778,183,546.00,152.00,46.00,19.00,1,2,-1,-1
1778,184,438.00,153.00,50.00,20.00,1,2,-1,-1
1778,182,252.00,158.00,61.00,22.00,1,2,-1,-1
1779,185,0.00,132.00,63.00,228.00,1,6,-1,-1
1779,183,546.00,152.00,46.00,19.00,1,2,-1,-1
1779,186,57.00,164.00,57.00,24.00,1,2,-1,-1
1779,184,438.00,153.00,50.00,20.00,1,2,-1,-1
1779,182,252.00,158.00,61.00,23.00,1,2,-1,-1
1780,183,546.00,152.00,46.00,19.00,1,2,-1,-1
1780,185,0.00,128.00,61.00,230.00,1,6,-1,-1
1780,186,56.00,164.00,58.00,25.00,1,2,-1,-1
1780,184,438.00,154.00,49.00,19.00,1,2,-1,-1
1780,182,252.00,158.00,60.00,22.00,1,2,-1,-1
1781,185,0.00,128.00,61.00,231.00,1,6,-1,-1
1781,183,546.00,152.00,46.00,19.00,1,2,-1,-1
1781,186,56.00,164.00,58.00,24.00,1,2,-1,-1
1781,184,438.00,154.00,49.00,19.00,1,2,-1,-1
1781,182,252.00,158.00,60.00,23.00,1,2,-1,-1
1782,188,634.00,165.00,6.00,24.00,1,2,-1,-1
1782,185,0.00,129.00,59.00,229.00,1,6,-1,-1
1782,183,545.00,152.00,46.00,19.00,1,2,-1,-1
1782,186,56.00,164.00,58.00,25.00,1,2,-1,-1
1782,184,438.00,154.00,49.00,19.00,1,2,-1,-1
1782,182,252.00,158.00,60.00,23.00,1,2,-1,-1
1783,188,634.00,165.00,6.00,25.00,1,2,-1,-1
1783,185,0.00,129.00,60.00,229.00,1,6,-1,-1
1783,183,545.00,153.00,45.00,18.00,1,2,-1,-1
1783,186,56.00,164.00,58.00,25.00,1,2,-1,-1
1783,184,438.00,154.00,49.00,19.00,1,2,-1,-1
1783,182,252.00,158.00,60.00,23.00,1,2,-1,-1
1784,188,633.00,164.00,7.00,26.00,1,2,-1,-1
1784,185,0.00,129.00,59.00,229.00,1,6,-1,-1
1784,183,544.00,153.00,46.00,19.00,1,2,-1,-1
1784,186,56.00,164.00,57.00,25.00,1,2,-1,-1
1784,182,252.00,158.00,60.00,23.00,1,2,-1,-1
1784,184,438.00,153.00,48.00,21.00,1,2,-1,-1
1785,188,633.00,164.00,7.00,26.00,1,2,-1,-1
1785,185,0.00,129.00,59.00,229.00,1,6,-1,-1
1785,183,544.00,153.00,46.00,19.00,1,2,-1,-1
1785,186,55.00,164.00,58.00,25.00,1,2,-1,-1
1785,182,252.00,158.00,60.00,23.00,1,2,-1,-1
1785,184,438.00,153.00,48.00,21.00,1,2,-1,-1
1786,188,632.00,164.00,8.00,27.00,1,2,-1,-1
1786,185,0.00,130.00,58.00,228.00,1,6,-1,-1
1786,186,54.00,164.00,58.00,25.00,1,2,-1,-1
1786,183,544.00,153.00,46.00,19.00,1,2,-1,-1
1786,182,252.00,158.00,60.00,23.00,1,2,-1,-1
1786,184,437.00,154.00,49.00,20.00,1,2,-1,-1
1787,185,0.00,130.00,56.00,227.00,1,6,-1,-1
1787,188,631.00,162.00,9.00,31.00,1,2,-1,-1
1787,183,544.00,153.00,45.00,19.00,1,2,-1,-1
1787,186,54.00,164.00,58.00,25.00,1,2,-1,-1
1787,184,436.00,154.00,50.00,20.00,1,2,-1,-1
1787,182,253.00,159.00,58.00,23.00,1,2,-1,-1
1788,185,0.00,129.00,56.00,230.00,1,6,-1,-1
1788,188,631.00,162.00,9.00,31.00,1,2,-1,-1
1788,183,543.00,153.00,46.00,19.00,1,2,-1,-1
1788,186,54.00,164.00,58.00,25.00,1,2,-1,-1
1788,184,436.00,154.00,50.00,20.00,1,2,-1,-1
1788,182,253.00,159.00,58.00,23.00,1,2,-1,-1
1789,185,0.00,130.00,56.00,228.00,1,6,-1,-1
1789,188,631.00,163.00,9.00,29.00,1,2,-1,-1
1789,183,544.00,154.00,44.00,18.00,1,2,-1,-1
1789,186,54.00,165.00,58.00,24.00,1,2,-1,-1
1789,184,436.00,154.00,50.00,20.00,1,2,-1,-1
1789,182,252.00,159.00,59.00,23.00,1,2,-1,-1
1790,185,0.00,130.00,55.00,228.00,1,6,-1,-1
1790,188,630.00,162.00,10.00,31.00,1,2,-1,-1
1790,183,542.00,153.00,46.00,19.00,1,2,-1,-1
1790,186,53.00,164.00,58.00,25.00,1,2,-1,-1
1790,184,436.00,154.00,49.00,20.00,1,2,-1,-1
1790,182,253.00,159.00,58.00,23.00,1,2,-1,-1
1791,185,0.00,130.00,54.00,228.00,1,6,-1,-1
1791,188,630.00,162.00,10.00,31.00,1,2,-1,-1
1791,186,53.00,164.00,58.00,25.00,1,2,-1,-1
1791,183,542.00,154.00,46.00,18.00,1,2,-1,-1
1791,182,254.00,159.00,56.00,23.00,1,2,-1,-1
1791,184,435.00,155.00,50.00,19.00,1,2,-1,-1
1792,185,0.00,130.00,54.00,228.00,1,6,-1,-1
1792,188,630.00,162.00,10.00,31.00,1,2,-1,-1
1792,186,53.00,165.00,57.00,24.00,1,2,-1,-1
1792,183,542.00,153.00,46.00,19.00,1,2,-1,-1
1792,182,254.00,159.00,56.00,23.00,1,2,-1,-1
1792,184,435.00,155.00,50.00,19.00,1,2,-1,-1
1793,185,0.00,130.00,54.00,228.00,1,6,-1,-1
1793,188,630.00,162.00,10.00,30.00,1,2,-1,-1
1793,183,541.00,153.00,47.00,19.00,1,2,-1,-1
1793,186,53.00,164.00,58.00,26.00,1,2,-1,-1
1793,184,434.00,154.00,50.00,20.00,1,2,-1,-1
1793,182,254.00,159.00,56.00,23.00,1,2,-1,-1
1794,185,0.00,130.00,53.00,228.00,1,6,-1,-1
1794,188,629.00,163.00,11.00,29.00,1,2,-1,-1
1794,183,542.00,154.00,45.00,18.00,1,2,-1,-1
1794,186,53.00,165.00,57.00,25.00,1,2,-1,-1
1794,184,435.00,154.00,49.00,20.00,1,2,-1,-1
1794,182,254.00,159.00,56.00,23.00,1,2,-1,-1
1795,185,0.00,129.00,53.00,229.00,1,6,-1,-1
1795,188,629.00,163.00,11.00,30.00,1,2,-1,-1
1795,183,542.00,154.00,44.00,18.00,1,2,-1,-1
1795,186,52.00,165.00,58.00,25.00,1,2,-1,-1
1795,184,434.00,154.00,50.00,20.00,1,2,-1,-1
1795,182,254.00,159.00,55.00,23.00,1,2,-1,-1
1796,188,629.00,165.00,11.00,27.00,1,2,-1,-1
1796,185,0.00,130.00,51.00,229.00,1,6,-1,-1
1796,183,540.00,154.00,46.00,18.00,1,2,-1,-1
1796,186,51.00,165.00,58.00,25.00,1,2,-1,-1
1796,184,434.00,155.00,50.00,20.00,1,2,-1,-1
1796,182,256.00,160.00,53.00,22.00,1,2,-1,-1
1797,188,628.00,165.00,12.00,27.00,1,2,-1,-1
1797,185,0.00,130.00,50.00,230.00,1,6,-1,-1
1797,183,541.00,154.00,45.00,19.00,1,2,-1,-1
1797,186,51.00,165.00,58.00,25.00,1,2,-1,-1
1797,184,434.00,155.00,49.00,20.00,1,2,-1,-1
1797,182,251.00,160.00,57.00,22.00,1,2,-1,-1
1798,185,0.00,128.00,50.00,232.00,1,6,-1,-1
1798,188,628.00,165.00,12.00,27.00,1,2,-1,-1
1798,183,540.00,154.00,46.00,18.00,1,2,-1,-1
1798,186,51.00,165.00,58.00,25.00,1,2,-1,-1
1798,184,433.00,155.00,49.00,20.00,1,2,-1,-1
1798,182,251.00,159.00,57.00,23.00,1,2,-1,-1
1799,188,628.00,166.00,12.00,26.00,1,2,-1,-1
1799,183,540.00,154.00,45.00,19.00,1,2,-1,-1
1799,185,0.00,129.00,50.00,231.00,1,6,-1,-1
1799,186,50.00,166.00,58.00,24.00,1,2,-1,-1
1799,184,432.00,155.00,50.00,20.00,1,2,-1,-1
1799,182,251.00,160.00,57.00,22.00,1,2,-1,-1
1800,183,540.00,154.00,44.00,19.00,1,2,-1,-1
1800,185,0.00,135.00,48.00,225.00,1,6,-1,-1
1800,188,628.00,168.00,12.00,24.00,1,2,-1,-1
1800,186,49.00,165.00,59.00,25.00,1,2,-1,-1
1800,184,432.00,155.00,50.00,20.00,1,2,-1,-1
1800,182,250.00,160.00,58.00,22.00,1,2,-1,-1
1801,185,0.00,134.00,46.00,225.00,1,6,-1,-1
1801,183,538.00,154.00,46.00,18.00,1,2,-1,-1
1801,188,626.00,168.00,14.00,24.00,1,2,-1,-1
1801,186,48.00,166.00,59.00,24.00,1,2,-1,-1
1801,184,432.00,155.00,50.00,20.00,1,2,-1,-1
1801,182,249.00,160.00,58.00,23.00,1,2,-1,-1
1802,183,538.00,154.00,44.00,19.00,1,2,-1,-1
1802,188,625.00,168.00,15.00,23.00,1,2,-1,-1
1802,185,0.00,136.00,47.00,222.00,1,6,-1,-1
1802,186,47.00,166.00,59.00,25.00,1,2,-1,-1
1802,184,430.00,156.00,50.00,19.00,1,2,-1,-1
1802,182,249.00,160.00,57.00,23.00,1,2,-1,-1
1803,188,625.00,167.00,15.00,24.00,1,2,-1,-1
1803,185,0.00,134.00,46.00,224.00,1,6,-1,-1
1803,186,48.00,166.00,58.00,25.00,1,2,-1,-1
1803,184,430.00,156.00,50.00,19.00,1,2,-1,-1
1803,182,248.00,160.00,58.00,23.00,1,2,-1,-1
1804,185,0.00,132.00,44.00,226.00,1,6,-1,-1
1804,188,624.00,168.00,16.00,23.00,1,2,-1,-1
1804,184,429.00,156.00,50.00,19.00,1,2,-1,-1
1804,186,47.00,166.00,58.00,25.00,1,2,-1,-1
1804,182,245.00,160.00,61.00,23.00,1,2,-1,-1
1805,188,623.00,165.00,17.00,26.00,1,2,-1,-1
1805,185,0.00,128.00,43.00,232.00,1,6,-1,-1
1805,189,536.00,154.00,44.00,19.00,1,2,-1,-1
1805,184,428.00,155.00,50.00,20.00,1,2,-1,-1
1805,186,46.00,166.00,58.00,25.00,1,2,-1,-1
1805,182,246.00,160.00,59.00,23.00,1,2,-1,-1
1806,189,534.00,154.00,46.00,18.00,1,2,-1,-1
1806,188,623.00,166.00,17.00,24.00,1,2,-1,-1
1806,186,45.00,166.00,59.00,24.00,1,2,-1,-1
1806,184,428.00,155.00,50.00,20.00,1,2,-1,-1
1806,182,245.00,160.00,59.00,22.00,1,2,-1,-1
1807,189,534.00,154.00,46.00,18.00,1,2,-1,-1
1807,188,622.00,165.00,18.00,25.00,1,2,-1,-1
1807,186,45.00,165.00,58.00,25.00,1,2,-1,-1
1807,184,428.00,155.00,49.00,20.00,1,2,-1,-1
1807,182,244.00,160.00,60.00,22.00,1,2,-1,-1
1808,188,622.00,165.00,18.00,25.00,1,2,-1,-1
1808,189,534.00,152.00,46.00,20.00,1,2,-1,-1
1808,186,44.00,165.00,59.00,25.00,1,2,-1,-1
1808,182,245.00,159.00,58.00,23.00,1,2,-1,-1
1808,184,427.00,155.00,49.00,19.00,1,2,-1,-1
1809,189,530.00,153.00,46.00,19.00,1,2,-1,-1
1809,190,0.00,146.00,40.00,214.00,1,6,-1,-1
1809,186,41.00,166.00,59.00,26.00,1,2,-1,-1
1809,184,425.00,155.00,49.00,20.00,1,2,-1,-1
1809,182,240.00,159.00,60.00,24.00,1,2,-1,-1
1810,191,523.00,143.00,45.00,18.00,1,2,-1,-1
1810,186,33.00,159.00,59.00,25.00,1,2,-1,-1
1810,192,416.00,144.00,50.00,21.00,1,2,-1,-1
1810,182,233.00,151.00,60.00,23.00,1,2,-1,-1
1811,193,620.00,135.00,20.00,143.00,1,6,-1,-1
1811,194,528.00,126.00,44.00,18.00,1,2,-1,-1
1811,195,38.00,144.00,59.00,26.00,1,2,-1,-1
1811,196,421.00,126.00,49.00,22.00,1,2,-1,-1
1811,197,235.00,134.00,63.00,24.00,1,2,-1,-1
1812,198,0.00,109.00,46.00,247.00,1,6,-1,-1
1812,195,49.00,141.00,57.00,26.00,1,2,-1,-1
1812,196,430.00,126.00,50.00,21.00,1,2,-1,-1
1812,197,246.00,132.00,60.00,24.00,1,2,-1,-1
1813,199,628.00,140.00,12.00,20.00,1,2,-1,-1
1813,195,50.00,152.00,59.00,26.00,1,2,-1,-1
1813,197,246.00,139.00,62.00,24.00,1,2,-1,-1
1813,196,432.00,130.00,49.00,20.00,1,2,-1,-1
1814,200,614.00,111.00,26.00,163.00,1,6,-1,-1
1814,201,36.00,185.00,58.00,26.00,1,2,-1,-1
1814,202,418.00,148.00,49.00,20.00,1,2,-1,-1
1814,203,233.00,165.00,61.00,24.00,1,2,-1,-1
1815,204,532.00,146.00,46.00,18.00,1,2,-1,-1
1815,202,425.00,151.00,49.00,21.00,1,2,-1,-1
1815,201,44.00,180.00,58.00,26.00,1,2,-1,-1
1815,203,239.00,164.00,63.00,24.00,1,2,-1,-1
1816,204,524.00,153.00,45.00,18.00,1,2,-1,-1
1816,201,35.00,186.00,58.00,26.00,1,2,-1,-1
1816,203,230.00,170.00,64.00,24.00,1,2,-1,-1
1816,202,418.00,158.00,50.00,20.00,1,2,-1,-1
1817,204,514.00,159.00,46.00,18.00,1,2,-1,-1
1817,201,25.00,192.00,59.00,26.00,1,2,-1,-1
1817,202,409.00,164.00,50.00,21.00,1,2,-1,-1
1817,203,223.00,176.00,62.00,24.00,1,2,-1,-1
1818,205,613.00,135.00,27.00,181.00,1,6,-1,-1
1818,204,521.00,159.00,45.00,18.00,1,2,-1,-1
1818,201,32.00,192.00,59.00,26.00,1,2,-1,-1
1818,202,415.00,164.00,49.00,20.00,1,2,-1,-1
1818,203,229.00,176.00,61.00,24.00,1,2,-1,-1
1819,205,606.00,137.00,34.00,213.00,1,6,-1,-1
1819,204,513.00,159.00,44.00,18.00,1,2,-1,-1
1819,201,22.00,189.00,60.00,27.00,1,2,-1,-1
1819,202,406.00,164.00,50.00,20.00,1,2,-1,-1
1819,203,220.00,176.00,62.00,23.00,1,2,-1,-1
1820,205,606.00,138.00,34.00,203.00,1,6,-1,-1
1820,201,25.00,191.00,58.00,26.00,1,2,-1,-1
1820,202,408.00,162.00,49.00,21.00,1,2,-1,-1
1820,203,220.00,175.00,64.00,24.00,1,2,-1,-1
1821,201,34.00,192.00,59.00,26.00,1,2,-1,-1
1821,202,416.00,160.00,49.00,20.00,1,2,-1,-1
1821,203,230.00,174.00,62.00,24.00,1,2,-1,-1
1822,201,32.00,192.00,59.00,27.00,1,2,-1,-1
1822,202,415.00,158.00,49.00,21.00,1,2,-1,-1
1822,203,233.00,174.00,59.00,24.00,1,2,-1,-1
1823,206,614.00,124.00,26.00,168.00,1,6,-1,-1
1823,203,226.00,171.00,66.00,24.00,1,2,-1,-1
1823,201,33.00,190.00,60.00,27.00,1,2,-1,-1
1823,202,416.00,157.00,48.00,19.00,1,2,-1,-1
1824,203,235.00,162.00,65.00,25.00,1,2,-1,-1
1824,201,43.00,180.00,59.00,27.00,1,2,-1,-1
1824,202,424.00,148.00,50.00,21.00,1,2,-1,-1
1825,207,536.00,135.00,44.00,19.00,1,2,-1,-1
1825,208,625.00,148.00,15.00,19.00,1,2,-1,-1
1825,203,242.00,156.00,62.00,26.00,1,2,-1,-1
1825,201,47.00,176.00,59.00,25.00,1,2,-1,-1
1825,202,428.00,142.00,49.00,21.00,1,2,-1,-1
1826,203,239.00,154.00,63.00,24.00,1,2,-1,-1
1826,201,45.00,172.00,58.00,26.00,1,2,-1,-1
1826,202,426.00,140.00,50.00,21.00,1,2,-1,-1
1827,203,238.00,152.00,64.00,25.00,1,2,-1,-1
1827,201,45.00,170.00,59.00,27.00,1,2,-1,-1
1827,202,426.00,137.00,50.00,21.00,1,2,-1,-1
1828,203,239.00,152.00,63.00,25.00,1,2,-1,-1
1828,202,426.00,138.00,50.00,21.00,1,2,-1,-1
1828,201,44.00,170.00,59.00,26.00,1,2,-1,-1
1829,209,620.00,138.00,20.00,30.00,1,2,-1,-1
1829,203,236.00,152.00,64.00,25.00,1,2,-1,-1
1829,202,424.00,139.00,48.00,21.00,1,2,-1,-1
1829,201,41.00,169.00,59.00,27.00,1,2,-1,-1
1830,209,617.00,143.00,23.00,25.00,1,2,-1,-1
1830,210,530.00,135.00,44.00,18.00,1,2,-1,-1
1830,202,422.00,141.00,49.00,20.00,1,2,-1,-1
1830,203,234.00,152.00,65.00,25.00,1,2,-1,-1
1830,201,39.00,169.00,60.00,26.00,1,2,-1,-1
1831,210,530.00,135.00,44.00,19.00,1,2,-1,-1
1831,202,422.00,141.00,49.00,20.00,1,2,-1,-1
1831,203,234.00,152.00,65.00,25.00,1,2,-1,-1
1831,201,39.00,169.00,60.00,26.00,1,2,-1,-1
1832,210,529.00,135.00,45.00,18.00,1,2,-1,-1
1832,202,422.00,141.00,48.00,20.00,1,2,-1,-1
1832,203,234.00,152.00,64.00,24.00,1,2,-1,-1
1832,201,39.00,169.00,59.00,26.00,1,2,-1,-1
1833,210,529.00,135.00,45.00,19.00,1,2,-1,-1
1833,202,421.00,140.00,49.00,21.00,1,2,-1,-1
1833,203,234.00,152.00,64.00,24.00,1,2,-1,-1
1833,201,38.00,168.00,60.00,26.00,1,2,-1,-1
1834,210,527.00,134.00,46.00,19.00,1,2,-1,-1
1834,202,420.00,139.00,50.00,21.00,1,2,-1,-1
1834,203,238.00,150.00,60.00,25.00,1,2,-1,-1
1834,201,38.00,166.00,59.00,27.00,1,2,-1,-1
1835,202,421.00,137.00,50.00,22.00,1,2,-1,-1
1835,203,239.00,149.00,58.00,25.00,1,2,-1,-1
1835,201,39.00,165.00,58.00,27.00,1,2,-1,-1
1836,202,422.00,136.00,48.00,22.00,1,2,-1,-1
1836,203,240.00,148.00,57.00,25.00,1,2,-1,-1
1836,201,39.00,164.00,58.00,26.00,1,2,-1,-1
1837,201,38.00,161.00,60.00,27.00,1,2,-1,-1
1837,202,421.00,135.00,49.00,21.00,1,2,-1,-1
1837,203,236.00,147.00,62.00,24.00,1,2,-1,-1
1838,203,236.00,146.00,62.00,24.00,1,2,-1,-1
1838,201,40.00,161.00,58.00,26.00,1,2,-1,-1
1838,202,422.00,134.00,48.00,20.00,1,2,-1,-1
1839,203,234.00,146.00,64.00,24.00,1,2,-1,-1
1839,201,40.00,161.00,58.00,26.00,1,2,-1,-1
1839,202,422.00,134.00,48.00,20.00,1,2,-1,-1
1840,203,233.00,146.00,64.00,24.00,1,2,-1,-1
1840,201,38.00,160.00,59.00,27.00,1,2,-1,-1
1840,202,422.00,134.00,48.00,20.00,1,2,-1,-1
1841,203,234.00,146.00,62.00,24.00,1,2,-1,-1
1841,201,38.00,160.00,59.00,27.00,1,2,-1,-1
1841,202,421.00,134.00,49.00,20.00,1,2,-1,-1
1842,203,236.00,146.00,62.00,24.00,1,2,-1,-1
1842,201,40.00,161.00,58.00,26.00,1,2,-1,-1
1842,202,422.00,134.00,48.00,20.00,1,2,-1,-1
1843,202,423.00,136.00,49.00,20.00,1,2,-1,-1
1843,201,41.00,163.00,58.00,27.00,1,2,-1,-1
1843,203,237.00,148.00,63.00,24.00,1,2,-1,-1
1844,202,422.00,136.00,50.00,21.00,1,2,-1,-1
1844,203,238.00,149.00,60.00,24.00,1,2,-1,-1
1844,201,40.00,164.00,58.00,27.00,1,2,-1,-1
1845,202,423.00,136.00,48.00,22.00,1,2,-1,-1
1845,203,236.00,149.00,62.00,24.00,1,2,-1,-1
1845,201,40.00,164.00,58.00,27.00,1,2,-1,-1
1846,202,422.00,137.00,49.00,21.00,1,2,-1,-1
1846,203,237.00,150.00,62.00,24.00,1,2,-1,-1
1846,201,39.00,166.00,60.00,26.00,1,2,-1,-1
1847,202,423.00,139.00,49.00,20.00,1,2,-1,-1
1847,203,235.00,151.00,64.00,24.00,1,2,-1,-1
1847,201,40.00,167.00,59.00,27.00,1,2,-1,-1
1848,202,422.00,140.00,50.00,21.00,1,2,-1,-1
1848,203,235.00,153.00,65.00,24.00,1,2,-1,-1
1848,201,40.00,168.00,59.00,27.00,1,2,-1,-1
1849,203,239.00,154.00,61.00,24.00,1,2,-1,-1
1849,202,424.00,142.00,48.00,20.00,1,2,-1,-1
1849,201,41.00,169.00,59.00,27.00,1,2,-1,-1
1850,202,424.00,143.00,49.00,21.00,1,2,-1,-1
1850,203,240.00,156.00,60.00,24.00,1,2,-1,-1
1850,201,42.00,171.00,59.00,26.00,1,2,-1,-1
1851,211,532.00,139.00,46.00,19.00,1,2,-1,-1
1851,201,43.00,172.00,59.00,27.00,1,2,-1,-1
1851,203,243.00,157.00,58.00,24.00,1,2,-1,-1
1851,202,425.00,144.00,49.00,22.00,1,2,-1,-1
1852,201,44.00,174.00,59.00,26.00,1,2,-1,-1
1852,203,244.00,158.00,58.00,25.00,1,2,-1,-1
1852,202,426.00,146.00,50.00,21.00,1,2,-1,-1
1853,201,45.00,175.00,59.00,27.00,1,2,-1,-1
1853,203,240.00,160.00,63.00,24.00,1,2,-1,-1
1853,202,427.00,148.00,49.00,21.00,1,2,-1,-1
1854,212,0.00,146.00,43.00,214.00,1,6,-1,-1
1854,201,46.00,176.00,59.00,27.00,1,2,-1,-1
1854,203,242.00,161.00,62.00,25.00,1,2,-1,-1
1854,202,428.00,149.00,50.00,21.00,1,2,-1,-1
1855,213,626.00,152.00,14.00,80.00,1,2,-1,-1
1855,212,0.00,148.00,45.00,212.00,1,6,-1,-1
1855,201,48.00,178.00,58.00,26.00,1,2,-1,-1
1855,203,248.00,163.00,58.00,24.00,1,2,-1,-1
1855,202,430.00,150.00,49.00,20.00,1,2,-1,-1
1856,201,50.00,179.00,58.00,25.00,1,2,-1,-1
1856,202,431.00,151.00,49.00,20.00,1,2,-1,-1
1856,203,248.00,164.00,58.00,23.00,1,2,-1,-1
1857,201,50.00,179.00,59.00,26.00,1,2,-1,-1
1857,203,248.00,164.00,60.00,24.00,1,2,-1,-1
1857,202,432.00,152.00,49.00,20.00,1,2,-1,-1
1858,201,52.00,179.00,58.00,26.00,1,2,-1,-1
1858,214,540.00,148.00,46.00,18.00,1,2,-1,-1
1858,203,249.00,165.00,59.00,23.00,1,2,-1,-1
1858,202,432.00,152.00,50.00,21.00,1,2,-1,-1
1859,215,630.00,156.00,10.00,28.00,1,2,-1,-1
1859,216,0.00,151.00,50.00,209.00,1,6,-1,-1
1859,201,53.00,180.00,57.00,25.00,1,2,-1,-1
1859,203,251.00,165.00,58.00,23.00,1,2,-1,-1
1859,202,434.00,152.00,49.00,21.00,1,2,-1,-1
1860,216,0.00,151.00,50.00,209.00,1,6,-1,-1
1860,203,253.00,165.00,57.00,23.00,1,2,-1,-1
1860,202,434.00,152.00,50.00,21.00,1,2,-1,-1
1861,217,55.00,179.00,58.00,26.00,1,2,-1,-1
1861,216,0.00,152.00,51.00,208.00,1,6,-1,-1
1861,218,544.00,147.00,46.00,19.00,1,2,-1,-1
1861,203,254.00,165.00,57.00,23.00,1,2,-1,-1
1861,202,435.00,152.00,50.00,21.00,1,2,-1,-1
1862,218,544.00,146.00,46.00,20.00,1,2,-1,-1
1862,217,56.00,179.00,58.00,26.00,1,2,-1,-1
1862,216,0.00,152.00,53.00,207.00,1,6,-1,-1
1862,203,253.00,164.00,59.00,24.00,1,2,-1,-1
1862,202,436.00,152.00,50.00,21.00,1,2,-1,-1
1863,216,0.00,151.00,53.00,208.00,1,6,-1,-1
1863,218,544.00,146.00,46.00,20.00,1,2,-1,-1
1863,217,55.00,179.00,59.00,26.00,1,2,-1,-1
1863,203,254.00,164.00,58.00,24.00,1,2,-1,-1
1863,202,436.00,152.00,50.00,21.00,1,2,-1,-1
1864,216,0.00,152.00,54.00,207.00,1,6,-1,-1
1864,218,544.00,146.00,46.00,20.00,1,2,-1,-1
1864,217,55.00,179.00,59.00,26.00,1,2,-1,-1
1864,203,253.00,164.00,59.00,24.00,1,2,-1,-1
1864,202,437.00,152.00,49.00,21.00,1,2,-1,-1
1865,216,0.00,152.00,53.00,208.00,1,6,-1,-1
1865,218,544.00,146.00,46.00,20.00,1,2,-1,-1
1865,217,55.00,179.00,59.00,26.00,1,2,-1,-1
1865,203,255.00,164.00,58.00,24.00,1,2,-1,-1
1865,202,437.00,152.00,49.00,21.00,1,2,-1,-1
1866,216,0.00,151.00,54.00,208.00,1,6,-1,-1
1866,218,545.00,146.00,47.00,20.00,1,2,-1,-1
1866,217,56.00,179.00,58.00,26.00,1,2,-1,-1
1866,203,254.00,164.00,59.00,24.00,1,2,-1,-1
1866,202,438.00,152.00,48.00,20.00,1,2,-1,-1
1867,218,545.00,146.00,47.00,20.00,1,2,-1,-1
1867,217,56.00,178.00,59.00,26.00,1,2,-1,-1
1867,216,0.00,151.00,54.00,207.00,1,6,-1,-1
1867,203,254.00,164.00,59.00,24.00,1,2,-1,-1
1867,202,438.00,152.00,49.00,20.00,1,2,-1,-1
1868,216,0.00,150.00,54.00,209.00,1,6,-1,-1
1868,217,56.00,179.00,59.00,25.00,1,2,-1,-1
1868,203,253.00,164.00,60.00,23.00,1,2,-1,-1
1868,202,438.00,152.00,49.00,20.00,1,2,-1,-1
1869,217,56.00,179.00,58.00,25.00,1,2,-1,-1
1869,219,545.00,146.00,45.00,20.00,1,2,-1,-1
1869,216,0.00,150.00,54.00,209.00,1,6,-1,-1
1869,203,252.00,163.00,60.00,24.00,1,2,-1,-1
1869,202,438.00,152.00,48.00,20.00,1,2,-1,-1
1870,219,545.00,147.00,46.00,19.00,1,2,-1,-1
1870,216,0.00,149.00,54.00,210.00,1,6,-1,-1
1870,217,56.00,178.00,58.00,25.00,1,2,-1,-1
1870,202,438.00,152.00,49.00,20.00,1,2,-1,-1
1870,203,252.00,163.00,61.00,24.00,1,2,-1,-1
1871,219,546.00,146.00,46.00,19.00,1,2,-1,-1
1871,216,0.00,149.00,54.00,209.00,1,6,-1,-1
1871,217,56.00,178.00,59.00,25.00,1,2,-1,-1
1871,203,252.00,162.00,61.00,25.00,1,2,-1,-1
1871,202,438.00,152.00,49.00,19.00,1,2,-1,-1
1872,219,546.00,145.00,46.00,19.00,1,2,-1,-1
1872,216,0.00,148.00,54.00,211.00,1,6,-1,-1
1872,217,56.00,177.00,59.00,26.00,1,2,-1,-1
1872,203,252.00,162.00,61.00,24.00,1,2,-1,-1
1872,202,438.00,151.00,49.00,20.00,1,2,-1,-1
1873,219,546.00,145.00,45.00,20.00,1,2,-1,-1
1873,216,0.00,147.00,54.00,212.00,1,6,-1,-1
1873,217,55.00,175.00,60.00,27.00,1,2,-1,-1
1873,203,252.00,161.00,61.00,25.00,1,2,-1,-1
1873,202,438.00,151.00,49.00,19.00,1,2,-1,-1
1874,216,0.00,146.00,54.00,212.00,1,6,-1,-1
1874,217,56.00,174.00,59.00,27.00,1,2,-1,-1
1874,203,251.00,161.00,62.00,24.00,1,2,-1,-1
1874,202,438.00,150.00,49.00,20.00,1,2,-1,-1
1875,216,0.00,146.00,55.00,214.00,1,6,-1,-1
1875,217,57.00,174.00,58.00,26.00,1,2,-1,-1
1875,203,252.00,160.00,61.00,24.00,1,2,-1,-1
1875,202,439.00,149.00,48.00,20.00,1,2,-1,-1
1876,220,545.00,143.00,47.00,19.00,1,2,-1,-1
1876,216,0.00,146.00,55.00,213.00,1,6,-1,-1
1876,217,57.00,172.00,59.00,27.00,1,2,-1,-1
1876,203,252.00,159.00,62.00,24.00,1,2,-1,-1
1876,202,438.00,148.00,50.00,20.00,1,2,-1,-1
1877,220,545.00,142.00,47.00,20.00,1,2,-1,-1
1877,216,0.00,144.00,55.00,214.00,1,6,-1,-1
1877,217,57.00,171.00,59.00,26.00,1,2,-1,-1
1877,203,252.00,158.00,62.00,23.00,1,2,-1,-1
1877,202,438.00,147.00,49.00,20.00,1,2,-1,-1
1878,216,0.00,142.00,55.00,216.00,1,6,-1,-1
1878,203,253.00,156.00,61.00,24.00,1,2,-1,-1
1878,217,57.00,170.00,58.00,25.00,1,2,-1,-1
1878,202,438.00,145.00,49.00,22.00,1,2,-1,-1
1879,216,0.00,140.00,56.00,218.00,1,6,-1,-1
1879,203,253.00,155.00,61.00,24.00,1,2,-1,-1
1879,217,57.00,169.00,58.00,26.00,1,2,-1,-1
1879,202,438.00,143.00,50.00,23.00,1,2,-1,-1
1880,221,546.00,139.00,46.00,20.00,1,2,-1,-1
1880,216,0.00,140.00,55.00,218.00,1,6,-1,-1
1880,203,256.00,155.00,59.00,23.00,1,2,-1,-1
1880,217,57.00,168.00,58.00,26.00,1,2,-1,-1
1880,202,438.00,144.00,50.00,21.00,1,2,-1,-1
1881,221,545.00,138.00,46.00,20.00,1,2,-1,-1
1881,216,0.00,139.00,54.00,219.00,1,6,-1,-1
1881,203,252.00,153.00,62.00,24.00,1,2,-1,-1
1881,217,56.00,167.00,59.00,26.00,1,2,-1,-1
1881,202,438.00,143.00,50.00,21.00,1,2,-1,-1
1882,216,0.00,138.00,55.00,220.00,1,6,-1,-1
1882,221,546.00,138.00,46.00,19.00,1,2,-1,-1
1882,217,56.00,165.00,59.00,27.00,1,2,-1,-1
1882,203,251.00,152.00,63.00,24.00,1,2,-1,-1
1882,202,438.00,142.00,49.00,21.00,1,2,-1,-1
1883,216,0.00,137.00,54.00,221.00,1,6,-1,-1
1883,221,546.00,137.00,46.00,19.00,1,2,-1,-1
1883,217,56.00,164.00,59.00,27.00,1,2,-1,-1
1883,203,252.00,152.00,62.00,24.00,1,2,-1,-1
1883,202,438.00,141.00,49.00,21.00,1,2,-1,-1
1884,221,545.00,136.00,46.00,20.00,1,2,-1,-1
1884,216,0.00,135.00,54.00,223.00,1,6,-1,-1
1884,217,56.00,164.00,58.00,26.00,1,2,-1,-1
1884,202,437.00,140.00,50.00,22.00,1,2,-1,-1
1884,203,252.00,151.00,61.00,24.00,1,2,-1,-1
1885,216,0.00,135.00,54.00,223.00,1,6,-1,-1
1885,217,56.00,164.00,57.00,26.00,1,2,-1,-1
1885,203,253.00,150.00,60.00,25.00,1,2,-1,-1
1885,202,436.00,141.00,50.00,20.00,1,2,-1,-1
1886,222,544.00,136.00,46.00,20.00,1,2,-1,-1
1886,216,0.00,134.00,54.00,224.00,1,6,-1,-1
1886,217,54.00,163.00,59.00,26.00,1,2,-1,-1
1886,203,253.00,151.00,59.00,24.00,1,2,-1,-1
1886,202,436.00,141.00,50.00,20.00,1,2,-1,-1
1887,222,542.00,136.00,48.00,20.00,1,2,-1,-1
1887,217,54.00,164.00,58.00,25.00,1,2,-1,-1
1887,216,0.00,132.00,53.00,226.00,1,6,-1,-1
1887,203,253.00,151.00,59.00,24.00,1,2,-1,-1
1887,202,436.00,141.00,50.00,21.00,1,2,-1,-1
1888,216,0.00,134.00,52.00,224.00,1,6,-1,-1
1888,217,53.00,164.00,59.00,25.00,1,2,-1,-1
1888,222,544.00,136.00,46.00,20.00,1,2,-1,-1
1888,203,252.00,151.00,59.00,24.00,1,2,-1,-1
1888,202,436.00,141.00,49.00,21.00,1,2,-1,-1
1889,216,0.00,134.00,51.00,224.00,1,6,-1,-1
1889,222,543.00,138.00,46.00,19.00,1,2,-1,-1
1889,217,53.00,163.00,58.00,26.00,1,2,-1,-1
1889,202,434.00,142.00,50.00,20.00,1,2,-1,-1
1889,203,252.00,151.00,59.00,24.00,1,2,-1,-1
1890,222,542.00,139.00,46.00,19.00,1,2,-1,-1
1890,217,53.00,163.00,58.00,26.00,1,2,-1,-1
1890,216,0.00,135.00,50.00,223.00,1,6,-1,-1
1890,203,250.00,152.00,60.00,23.00,1,2,-1,-1
1890,202,434.00,142.00,50.00,21.00,1,2,-1,-1
1891,216,0.00,134.00,50.00,224.00,1,6,-1,-1
1891,217,52.00,163.00,59.00,27.00,1,2,-1,-1
1891,202,434.00,142.00,50.00,22.00,1,2,-1,-1
1891,203,250.00,152.00,60.00,24.00,1,2,-1,-1
1892,217,53.00,164.00,58.00,26.00,1,2,-1,-1
1892,216,0.00,135.00,50.00,223.00,1,6,-1,-1
1892,202,434.00,143.00,50.00,21.00,1,2,-1,-1
1892,203,249.00,153.00,61.00,23.00,1,2,-1,-1
1893,216,0.00,136.00,51.00,222.00,1,6,-1,-1
1893,217,53.00,165.00,58.00,26.00,1,2,-1,-1
1893,203,248.00,153.00,62.00,24.00,1,2,-1,-1
1893,202,435.00,144.00,49.00,21.00,1,2,-1,-1
1894,223,542.00,142.00,46.00,19.00,1,2,-1,-1
1894,216,0.00,137.00,51.00,222.00,1,6,-1,-1
1894,217,52.00,165.00,59.00,26.00,1,2,-1,-1
1894,203,249.00,154.00,61.00,24.00,1,2,-1,-1
1894,202,434.00,145.00,50.00,22.00,1,2,-1,-1
1895,216,0.00,138.00,52.00,220.00,1,6,-1,-1
1895,217,53.00,166.00,59.00,26.00,1,2,-1,-1
1895,223,542.00,142.00,46.00,20.00,1,2,-1,-1
1895,203,249.00,155.00,61.00,23.00,1,2,-1,-1
1895,202,435.00,146.00,49.00,20.00,1,2,-1,-1
1896,223,542.00,143.00,40.00,18.00,1,2,-1,-1
1896,216,0.00,139.00,53.00,219.00,1,6,-1,-1
1896,217,54.00,167.00,58.00,25.00,1,2,-1,-1
1896,203,250.00,156.00,60.00,23.00,1,2,-1,-1
1896,202,435.00,147.00,50.00,20.00,1,2,-1,-1
1897,223,542.00,144.00,46.00,19.00,1,2,-1,-1
1897,216,0.00,139.00,53.00,219.00,1,6,-1,-1
1897,217,54.00,167.00,58.00,26.00,1,2,-1,-1
1897,203,251.00,156.00,60.00,24.00,1,2,-1,-1
1897,202,435.00,148.00,50.00,20.00,1,2,-1,-1
1898,216,0.00,139.00,53.00,219.00,1,6,-1,-1
1898,217,54.00,168.00,58.00,25.00,1,2,-1,-1
1898,203,252.00,157.00,59.00,23.00,1,2,-1,-1
1898,202,435.00,148.00,50.00,22.00,1,2,-1,-1
1899,216,0.00,139.00,54.00,219.00,1,6,-1,-1
1899,217,54.00,168.00,59.00,26.00,1,2,-1,-1
1899,203,254.00,158.00,57.00,23.00,1,2,-1,-1
1899,202,437.00,149.00,49.00,21.00,1,2,-1,-1
1900,224,544.00,146.00,46.00,20.00,1,2,-1,-1
1900,216,0.00,139.00,54.00,219.00,1,6,-1,-1
1900,217,54.00,169.00,59.00,25.00,1,2,-1,-1
1900,203,252.00,158.00,59.00,23.00,1,2,-1,-1
1900,202,436.00,149.00,50.00,21.00,1,2,-1,-1
1901,216,0.00,139.00,54.00,219.00,1,6,-1,-1
1901,217,56.00,169.00,57.00,25.00,1,2,-1,-1
1901,203,252.00,158.00,60.00,24.00,1,2,-1,-1
1901,202,437.00,149.00,49.00,21.00,1,2,-1,-1
1902,216,0.00,140.00,55.00,218.00,1,6,-1,-1
1902,217,56.00,169.00,58.00,26.00,1,2,-1,-1
1902,203,252.00,159.00,60.00,24.00,1,2,-1,-1
1902,202,438.00,150.00,48.00,21.00,1,2,-1,-1
1903,216,0.00,140.00,55.00,219.00,1,6,-1,-1
1903,217,56.00,170.00,58.00,25.00,1,2,-1,-1
1903,203,252.00,159.00,60.00,24.00,1,2,-1,-1
1903,202,437.00,151.00,49.00,21.00,1,2,-1,-1
1904,216,0.00,140.00,55.00,218.00,1,6,-1,-1
1904,217,56.00,170.00,57.00,25.00,1,2,-1,-1
1904,203,252.00,160.00,60.00,23.00,1,2,-1,-1
1904,202,437.00,152.00,49.00,20.00,1,2,-1,-1
1905,216,0.00,140.00,55.00,218.00,1,6,-1,-1
1905,217,56.00,170.00,58.00,25.00,1,2,-1,-1
1905,203,252.00,160.00,60.00,24.00,1,2,-1,-1
1905,202,438.00,152.00,48.00,21.00,1,2,-1,-1
1906,216,0.00,141.00,56.00,218.00,1,6,-1,-1
1906,217,57.00,171.00,57.00,24.00,1,2,-1,-1
1906,203,252.00,160.00,60.00,24.00,1,2,-1,-1
1906,202,438.00,152.00,49.00,21.00,1,2,-1,-1
1907,216,0.00,141.00,56.00,217.00,1,6,-1,-1
1907,217,56.00,171.00,58.00,25.00,1,2,-1,-1
1907,202,438.00,152.00,49.00,21.00,1,2,-1,-1
1907,203,252.00,160.00,60.00,24.00,1,2,-1,-1
1908,217,57.00,171.00,57.00,25.00,1,2,-1,-1
1908,216,0.00,140.00,56.00,218.00,1,6,-1,-1
1908,202,439.00,153.00,48.00,20.00,1,2,-1,-1
1908,203,252.00,161.00,61.00,23.00,1,2,-1,-1
1909,217,57.00,171.00,58.00,26.00,1,2,-1,-1
1909,216,0.00,143.00,56.00,216.00,1,6,-1,-1
1909,202,439.00,153.00,48.00,20.00,1,2,-1,-1
1909,203,251.00,161.00,62.00,24.00,1,2,-1,-1
1910,217,57.00,172.00,58.00,25.00,1,2,-1,-1
1910,216,0.00,143.00,56.00,216.00,1,6,-1,-1
1910,202,439.00,154.00,48.00,20.00,1,2,-1,-1
1910,203,251.00,161.00,63.00,24.00,1,2,-1,-1
1911,225,546.00,150.00,46.00,20.00,1,2,-1,-1
1911,217,57.00,172.00,58.00,25.00,1,2,-1,-1
1911,216,0.00,143.00,56.00,215.00,1,6,-1,-1
1911,202,439.00,154.00,49.00,20.00,1,2,-1,-1
1911,203,252.00,161.00,62.00,24.00,1,2,-1,-1
1912,225,546.00,150.00,47.00,20.00,1,2,-1,-1
1912,217,57.00,172.00,59.00,25.00,1,2,-1,-1
1912,216,0.00,143.00,56.00,216.00,1,6,-1,-1
1912,202,439.00,154.00,49.00,20.00,1,2,-1,-1
1912,203,252.00,161.00,62.00,24.00,1,2,-1,-1
1913,217,58.00,172.00,58.00,26.00,1,2,-1,-1
1913,225,546.00,151.00,46.00,19.00,1,2,-1,-1
1913,216,0.00,142.00,56.00,217.00,1,6,-1,-1
1913,202,439.00,154.00,49.00,20.00,1,2,-1,-1
1913,203,252.00,161.00,63.00,24.00,1,2,-1,-1
1914,225,546.00,151.00,46.00,20.00,1,2,-1,-1
1914,217,57.00,172.00,59.00,26.00,1,2,-1,-1
1914,216,0.00,142.00,56.00,217.00,1,6,-1,-1
1914,202,439.00,155.00,49.00,20.00,1,2,-1,-1
1914,203,252.00,162.00,62.00,24.00,1,2,-1,-1
1915,225,546.00,151.00,47.00,20.00,1,2,-1,-1
1915,217,58.00,173.00,58.00,25.00,1,2,-1,-1
1915,216,0.00,142.00,57.00,216.00,1,6,-1,-1
1915,202,439.00,155.00,49.00,20.00,1,2,-1,-1
1915,203,253.00,162.00,62.00,24.00,1,2,-1,-1
1916,225,546.00,151.00,48.00,20.00,1,2,-1,-1
1916,217,58.00,173.00,58.00,25.00,1,2,-1,-1
1916,216,0.00,144.00,57.00,216.00,1,6,-1,-1
1916,202,440.00,155.00,49.00,20.00,1,2,-1,-1
1916,203,253.00,162.00,62.00,24.00,1,2,-1,-1
1917,225,546.00,151.00,48.00,20.00,1,2,-1,-1
1917,217,58.00,174.00,58.00,25.00,1,2,-1,-1
1917,216,0.00,144.00,57.00,216.00,1,6,-1,-1
1917,202,440.00,155.00,50.00,20.00,1,2,-1,-1
1917,203,254.00,163.00,61.00,24.00,1,2,-1,-1
1918,217,58.00,174.00,58.00,25.00,1,2,-1,-1
1918,216,0.00,144.00,57.00,216.00,1,6,-1,-1
1918,225,546.00,152.00,48.00,20.00,1,2,-1,-1
1918,202,440.00,156.00,50.00,20.00,1,2,-1,-1
1918,203,254.00,163.00,61.00,24.00,1,2,-1,-1
1919,217,58.00,174.00,58.00,25.00,1,2,-1,-1
1919,216,0.00,144.00,57.00,216.00,1,6,-1,-1
1919,225,546.00,152.00,47.00,20.00,1,2,-1,-1
1919,202,440.00,156.00,50.00,20.00,1,2,-1,-1
1919,203,254.00,164.00,61.00,23.00,1,2,-1,-1
1920,217,59.00,174.00,57.00,25.00,1,2,-1,-1
1920,225,546.00,152.00,48.00,20.00,1,2,-1,-1
1920,216,0.00,144.00,57.00,216.00,1,6,-1,-1
1920,202,440.00,156.00,50.00,20.00,1,2,-1,-1
1920,203,254.00,164.00,62.00,23.00,1,2,-1,-1
1921,216,0.00,143.00,58.00,215.00,1,6,-1,-1
1921,225,546.00,153.00,47.00,19.00,1,2,-1,-1
1921,217,59.00,175.00,57.00,23.00,1,2,-1,-1
1921,202,439.00,157.00,51.00,20.00,1,2,-1,-1
1921,203,256.00,164.00,60.00,23.00,1,2,-1,-1
1922,216,0.00,142.00,58.00,217.00,1,6,-1,-1
1922,225,546.00,153.00,48.00,19.00,1,2,-1,-1
1922,217,59.00,175.00,58.00,23.00,1,2,-1,-1
1922,202,439.00,157.00,51.00,19.00,1,2,-1,-1
1922,203,256.00,164.00,60.00,22.00,1,2,-1,-1
1923,216,0.00,143.00,59.00,216.00,1,6,-1,-1
1923,225,546.00,154.00,48.00,18.00,1,2,-1,-1
1923,217,59.00,175.00,58.00,23.00,1,2,-1,-1
1923,202,439.00,156.00,51.00,21.00,1,2,-1,-1
1923,203,258.00,164.00,58.00,23.00,1,2,-1,-1
1924,216,0.00,144.00,59.00,215.00,1,6,-1,-1
1924,217,60.00,175.00,57.00,24.00,1,2,-1,-1
1924,202,440.00,157.00,50.00,20.00,1,2,-1,-1
1924,203,259.00,165.00,57.00,22.00,1,2,-1,-1
1925,216,0.00,144.00,59.00,216.00,1,6,-1,-1
1925,226,547.00,155.00,48.00,18.00,1,2,-1,-1
1925,217,60.00,175.00,57.00,23.00,1,2,-1,-1
1925,202,440.00,158.00,51.00,20.00,1,2,-1,-1
1925,203,260.00,165.00,56.00,23.00,1,2,-1,-1
1926,216,0.00,145.00,59.00,215.00,1,6,-1,-1
1926,217,60.00,176.00,58.00,23.00,1,2,-1,-1
1926,226,548.00,155.00,47.00,19.00,1,2,-1,-1
1926,202,441.00,158.00,50.00,20.00,1,2,-1,-1
1926,203,261.00,166.00,56.00,22.00,1,2,-1,-1
1927,216,0.00,145.00,60.00,214.00,1,6,-1,-1
1927,226,548.00,155.00,48.00,19.00,1,2,-1,-1
1927,217,61.00,176.00,58.00,24.00,1,2,-1,-1
1927,202,441.00,158.00,51.00,20.00,1,2,-1,-1
1927,203,262.00,166.00,55.00,22.00,1,2,-1,-1
1928,226,548.00,156.00,48.00,18.00,1,2,-1,-1
1928,216,0.00,145.00,60.00,214.00,1,6,-1,-1
1928,217,61.00,176.00,57.00,24.00,1,2,-1,-1
1928,202,441.00,158.00,51.00,21.00,1,2,-1,-1
1928,203,263.00,166.00,54.00,22.00,1,2,-1,-1
1929,216,0.00,146.00,60.00,214.00,1,6,-1,-1
1929,217,61.00,176.00,58.00,24.00,1,2,-1,-1
1929,202,441.00,159.00,51.00,20.00,1,2,-1,-1
1929,203,263.00,166.00,54.00,23.00,1,2,-1,-1
1930,227,550.00,156.00,46.00,20.00,1,2,-1,-1
1930,216,0.00,147.00,62.00,212.00,1,6,-1,-1
1930,217,62.00,176.00,57.00,25.00,1,2,-1,-1
1930,202,442.00,159.00,50.00,21.00,1,2,-1,-1
1930,203,263.00,166.00,55.00,24.00,1,2,-1,-1
1931,216,0.00,148.00,61.00,212.00,1,6,-1,-1
1931,217,62.00,176.00,58.00,26.00,1,2,-1,-1
1931,202,442.00,159.00,51.00,22.00,1,2,-1,-1
1931,203,263.00,167.00,55.00,23.00,1,2,-1,-1
1932,216,0.00,149.00,62.00,210.00,1,6,-1,-1
1932,217,61.00,178.00,59.00,23.00,1,2,-1,-1
1932,203,264.00,168.00,55.00,23.00,1,2,-1,-1
1932,202,444.00,160.00,49.00,22.00,1,2,-1,-1
1933,228,550.00,158.00,48.00,20.00,1,2,-1,-1
1933,216,0.00,150.00,63.00,209.00,1,6,-1,-1
1933,217,62.00,178.00,58.00,24.00,1,2,-1,-1
1933,203,261.00,168.00,59.00,24.00,1,2,-1,-1
1933,202,444.00,161.00,50.00,21.00,1,2,-1,-1
1934,216,0.00,150.00,63.00,208.00,1,6,-1,-1
1934,228,551.00,159.00,47.00,19.00,1,2,-1,-1
1934,217,63.00,178.00,58.00,25.00,1,2,-1,-1
1934,203,260.00,169.00,60.00,23.00,1,2,-1,-1
1934,202,444.00,162.00,50.00,21.00,1,2,-1,-1
1935,228,551.00,160.00,48.00,19.00,1,2,-1,-1
1935,216,0.00,151.00,63.00,207.00,1,6,-1,-1
1935,217,63.00,179.00,58.00,25.00,1,2,-1,-1
1935,203,260.00,170.00,60.00,23.00,1,2,-1,-1
1935,202,444.00,163.00,50.00,20.00,1,2,-1,-1
1936,216,0.00,150.00,62.00,209.00,1,6,-1,-1
1936,217,64.00,180.00,57.00,24.00,1,2,-1,-1
1936,203,259.00,170.00,61.00,24.00,1,2,-1,-1
1936,202,444.00,164.00,50.00,20.00,1,2,-1,-1
1937,216,0.00,151.00,62.00,208.00,1,6,-1,-1
1937,217,64.00,180.00,57.00,25.00,1,2,-1,-1
1937,203,263.00,171.00,57.00,24.00,1,2,-1,-1
1937,202,444.00,165.00,50.00,20.00,1,2,-1,-1
1938,216,0.00,154.00,64.00,203.00,1,6,-1,-1
1938,217,65.00,181.00,56.00,25.00,1,2,-1,-1
1938,202,444.00,165.00,50.00,20.00,1,2,-1,-1
1938,203,263.00,172.00,58.00,23.00,1,2,-1,-1
1939,216,0.00,154.00,64.00,204.00,1,6,-1,-1
1939,217,64.00,182.00,57.00,24.00,1,2,-1,-1
1939,203,264.00,172.00,57.00,24.00,1,2,-1,-1
1939,202,446.00,166.00,49.00,20.00,1,2,-1,-1
1940,216,0.00,154.00,64.00,204.00,1,6,-1,-1
1940,217,64.00,182.00,57.00,24.00,1,2,-1,-1
1940,203,262.00,173.00,59.00,23.00,1,2,-1,-1
1940,202,444.00,167.00,51.00,19.00,1,2,-1,-1
1941,216,0.00,153.00,63.00,207.00,1,6,-1,-1
1941,217,64.00,182.00,57.00,25.00,1,2,-1,-1
1941,203,264.00,174.00,57.00,23.00,1,2,-1,-1
1941,202,445.00,167.00,50.00,19.00,1,2,-1,-1
1942,216,0.00,153.00,63.00,207.00,1,6,-1,-1
1942,217,64.00,183.00,57.00,24.00,1,2,-1,-1
1942,203,264.00,174.00,57.00,23.00,1,2,-1,-1
1942,202,445.00,167.00,50.00,20.00,1,2,-1,-1
1943,216,0.00,153.00,63.00,207.00,1,6,-1,-1
1943,217,64.00,183.00,57.00,24.00,1,2,-1,-1
1943,203,264.00,174.00,57.00,23.00,1,2,-1,-1
1943,202,445.00,167.00,50.00,20.00,1,2,-1,-1
1944,216,0.00,153.00,63.00,207.00,1,6,-1,-1
1944,217,64.00,183.00,57.00,25.00,1,2,-1,-1
1944,203,265.00,174.00,56.00,24.00,1,2,-1,-1
1944,202,444.00,167.00,51.00,20.00,1,2,-1,-1
1945,216,0.00,154.00,63.00,206.00,1,6,-1,-1
1945,217,64.00,184.00,58.00,24.00,1,2,-1,-1
1945,203,262.00,174.00,59.00,24.00,1,2,-1,-1
1945,202,445.00,167.00,50.00,20.00,1,2,-1,-1
1946,216,0.00,153.00,62.00,207.00,1,6,-1,-1
1946,217,64.00,184.00,57.00,24.00,1,2,-1,-1
1946,203,262.00,174.00,59.00,24.00,1,2,-1,-1
1946,202,444.00,168.00,51.00,19.00,1,2,-1,-1
1947,216,0.00,153.00,62.00,207.00,1,6,-1,-1
1947,217,64.00,184.00,57.00,24.00,1,2,-1,-1
1947,203,263.00,174.00,58.00,24.00,1,2,-1,-1
1947,202,445.00,168.00,50.00,19.00,1,2,-1,-1
1948,216,0.00,153.00,62.00,207.00,1,6,-1,-1
1948,217,64.00,184.00,58.00,24.00,1,2,-1,-1
1948,203,263.00,174.00,58.00,24.00,1,2,-1,-1
1948,202,445.00,167.00,50.00,20.00,1,2,-1,-1
1949,216,0.00,154.00,62.00,206.00,1,6,-1,-1
1949,217,64.00,184.00,58.00,24.00,1,2,-1,-1
1949,203,263.00,174.00,58.00,24.00,1,2,-1,-1
1949,202,445.00,168.00,50.00,19.00,1,2,-1,-1
1950,216,0.00,154.00,62.00,206.00,1,6,-1,-1
1950,217,64.00,184.00,58.00,24.00,1,2,-1,-1
1950,203,262.00,174.00,59.00,25.00,1,2,-1,-1
1950,202,445.00,168.00,50.00,20.00,1,2,-1,-1
1951,216,0.00,154.00,63.00,206.00,1,6,-1,-1
1951,217,64.00,185.00,58.00,24.00,1,2,-1,-1
1951,203,262.00,174.00,59.00,25.00,1,2,-1,-1
1951,202,445.00,168.00,50.00,20.00,1,2,-1,-1
1952,216,0.00,154.00,63.00,206.00,1,6,-1,-1
1952,217,64.00,185.00,58.00,24.00,1,2,-1,-1
1952,203,262.00,174.00,59.00,25.00,1,2,-1,-1
1952,202,445.00,168.00,50.00,20.00,1,2,-1,-1
1953,216,0.00,154.00,62.00,206.00,1,6,-1,-1
1953,217,64.00,185.00,57.00,24.00,1,2,-1,-1
1953,203,262.00,174.00,59.00,25.00,1,2,-1,-1
1953,202,444.00,168.00,50.00,20.00,1,2,-1,-1
1954,216,0.00,154.00,62.00,206.00,1,6,-1,-1
1954,217,64.00,185.00,58.00,24.00,1,2,-1,-1
1954,203,262.00,174.00,59.00,25.00,1,2,-1,-1
1954,202,444.00,168.00,50.00,20.00,1,2,-1,-1
1955,216,0.00,154.00,63.00,206.00,1,6,-1,-1
1955,217,64.00,185.00,58.00,24.00,1,2,-1,-1
1955,203,262.00,174.00,59.00,25.00,1,2,-1,-1
1955,202,444.00,168.00,50.00,20.00,1,2,-1,-1
1956,216,0.00,154.00,63.00,206.00,1,6,-1,-1
1956,217,64.00,185.00,57.00,25.00,1,2,-1,-1
1956,203,262.00,174.00,59.00,25.00,1,2,-1,-1
1956,202,444.00,168.00,50.00,20.00,1,2,-1,-1
1957,216,0.00,155.00,62.00,205.00,1,6,-1,-1
1957,217,63.00,186.00,58.00,24.00,1,2,-1,-1
1957,203,262.00,175.00,59.00,25.00,1,2,-1,-1
1957,202,444.00,168.00,50.00,20.00,1,2,-1,-1
1958,216,0.00,154.00,62.00,206.00,1,6,-1,-1
1958,217,63.00,186.00,58.00,24.00,1,2,-1,-1
1958,203,262.00,175.00,59.00,25.00,1,2,-1,-1
1958,202,444.00,168.00,50.00,20.00,1,2,-1,-1
1959,229,552.00,166.00,46.00,19.00,1,2,-1,-1
1959,216,0.00,155.00,62.00,205.00,1,6,-1,-1
1959,217,63.00,186.00,58.00,24.00,1,2,-1,-1
1959,202,443.00,168.00,51.00,20.00,1,2,-1,-1
1959,203,262.00,175.00,58.00,24.00,1,2,-1,-1
1960,216,0.00,155.00,62.00,205.00,1,6,-1,-1
1960,217,63.00,186.00,58.00,24.00,1,2,-1,-1
1960,203,262.00,175.00,58.00,24.00,1,2,-1,-1
1960,202,443.00,168.00,51.00,20.00,1,2,-1,-1
1961,216,0.00,155.00,62.00,205.00,1,6,-1,-1
1961,217,63.00,186.00,58.00,24.00,1,2,-1,-1
1961,203,262.00,175.00,58.00,24.00,1,2,-1,-1
1961,202,443.00,168.00,51.00,20.00,1,2,-1,-1
1962,216,0.00,154.00,61.00,206.00,1,6,-1,-1
1962,217,63.00,185.00,57.00,25.00,1,2,-1,-1
1962,203,262.00,175.00,58.00,24.00,1,2,-1,-1
1962,202,443.00,168.00,51.00,20.00,1,2,-1,-1
1963,216,0.00,153.00,62.00,207.00,1,6,-1,-1
1963,217,63.00,185.00,57.00,24.00,1,2,-1,-1
1963,203,262.00,174.00,58.00,25.00,1,2,-1,-1
1963,202,443.00,168.00,51.00,20.00,1,2,-1,-1
1964,216,0.00,153.00,62.00,207.00,1,6,-1,-1
1964,217,63.00,185.00,57.00,24.00,1,2,-1,-1
1964,203,263.00,174.00,57.00,24.00,1,2,-1,-1
1964,202,444.00,168.00,50.00,19.00,1,2,-1,-1
1965,216,0.00,152.00,62.00,208.00,1,6,-1,-1
1965,217,63.00,184.00,57.00,24.00,1,2,-1,-1
1965,203,264.00,174.00,56.00,24.00,1,2,-1,-1
1965,202,444.00,168.00,50.00,19.00,1,2,-1,-1
1966,216,0.00,152.00,62.00,208.00,1,6,-1,-1
1966,217,64.00,184.00,57.00,24.00,1,2,-1,-1
1966,203,262.00,174.00,58.00,24.00,1,2,-1,-1
1966,202,444.00,167.00,50.00,19.00,1,2,-1,-1
1967,216,0.00,152.00,62.00,208.00,1,6,-1,-1
1967,217,64.00,184.00,56.00,24.00,1,2,-1,-1
1967,203,264.00,174.00,56.00,24.00,1,2,-1,-1
1967,202,444.00,167.00,50.00,19.00,1,2,-1,-1
1968,216,0.00,152.00,63.00,208.00,1,6,-1,-1
1968,217,64.00,183.00,56.00,25.00,1,2,-1,-1
1968,203,264.00,173.00,56.00,24.00,1,2,-1,-1
1968,202,443.00,166.00,51.00,20.00,1,2,-1,-1
1969,216,0.00,152.00,62.00,208.00,1,6,-1,-1
1969,217,64.00,183.00,56.00,24.00,1,2,-1,-1
1969,203,264.00,173.00,56.00,24.00,1,2,-1,-1
1969,202,444.00,166.00,50.00,20.00,1,2,-1,-1
1970,216,0.00,152.00,62.00,208.00,1,6,-1,-1
1970,217,64.00,183.00,56.00,24.00,1,2,-1,-1
1970,203,262.00,173.00,58.00,23.00,1,2,-1,-1
1970,202,444.00,166.00,50.00,20.00,1,2,-1,-1
1971,216,0.00,152.00,62.00,208.00,1,6,-1,-1
1971,217,64.00,183.00,56.00,24.00,1,2,-1,-1
1971,203,262.00,173.00,58.00,23.00,1,2,-1,-1
1971,202,444.00,166.00,50.00,20.00,1,2,-1,-1
1972,216,0.00,152.00,62.00,208.00,1,6,-1,-1
1972,217,64.00,183.00,56.00,25.00,1,2,-1,-1
1972,203,263.00,173.00,57.00,24.00,1,2,-1,-1
1972,202,444.00,167.00,50.00,19.00,1,2,-1,-1
1973,216,0.00,152.00,61.00,208.00,1,6,-1,-1
1973,217,64.00,184.00,56.00,23.00,1,2,-1,-1
1973,203,265.00,173.00,55.00,24.00,1,2,-1,-1
1973,202,444.00,166.00,50.00,20.00,1,2,-1,-1
1974,216,0.00,152.00,61.00,208.00,1,6,-1,-1
1974,203,264.00,173.00,56.00,24.00,1,2,-1,-1
1974,217,64.00,184.00,56.00,24.00,1,2,-1,-1
1974,202,445.00,166.00,49.00,20.00,1,2,-1,-1
1975,216,0.00,151.00,61.00,209.00,1,6,-1,-1
1975,202,444.00,166.00,50.00,21.00,1,2,-1,-1
1975,203,266.00,173.00,54.00,24.00,1,2,-1,-1
1975,217,63.00,184.00,57.00,24.00,1,2,-1,-1
1976,230,477.00,110.00,53.00,21.00,1,2,-1,-1
1976,202,444.00,167.00,50.00,20.00,1,2,-1,-1
1976,216,0.00,152.00,61.00,208.00,1,6,-1,-1
1976,203,266.00,175.00,54.00,23.00,1,2,-1,-1
1976,217,63.00,184.00,57.00,24.00,1,2,-1,-1
1977,231,242.00,169.00,18.00,15.00,1,2,-1,-1
1977,230,476.00,110.00,54.00,21.00,1,2,-1,-1
1977,202,444.00,167.00,50.00,21.00,1,2,-1,-1
1977,216,0.00,153.00,61.00,206.00,1,6,-1,-1
1977,203,266.00,174.00,54.00,24.00,1,2,-1,-1
1977,217,63.00,184.00,57.00,25.00,1,2,-1,-1
1978,230,476.00,110.00,53.00,21.00,1,2,-1,-1
1978,216,0.00,153.00,60.00,206.00,1,6,-1,-1
1978,232,239.00,162.00,55.00,22.00,1,2,-1,-1
1978,202,444.00,167.00,49.00,21.00,1,2,-1,-1
1978,203,266.00,175.00,54.00,23.00,1,2,-1,-1
1978,217,63.00,184.00,56.00,25.00,1,2,-1,-1
1979,216,0.00,144.00,58.00,212.00,1,6,-1,-1
1979,232,241.00,162.00,53.00,24.00,1,2,-1,-1
1979,203,265.00,175.00,55.00,25.00,1,2,-1,-1
1979,217,63.00,184.00,56.00,26.00,1,2,-1,-1
1980,216,0.00,145.00,58.00,211.00,1,6,-1,-1
1980,233,600.00,148.00,40.00,212.00,1,6,-1,-1
1980,234,419.00,157.00,49.00,23.00,1,2,-1,-1
1980,232,237.00,164.00,58.00,23.00,1,2,-1,-1
1980,217,63.00,184.00,56.00,26.00,1,2,-1,-1
1981,233,600.00,146.00,40.00,214.00,1,6,-1,-1
1981,217,51.00,182.00,67.00,29.00,1,2,-1,-1
1981,235,524.00,160.00,46.00,19.00,1,2,-1,-1
1981,232,242.00,166.00,53.00,25.00,1,2,-1,-1
1982,233,600.00,151.00,40.00,209.00,1,6,-1,-1
1982,236,420.00,166.00,50.00,21.00,1,2,-1,-1
1982,217,37.00,176.00,56.00,26.00,1,2,-1,-1
1982,232,233.00,171.00,61.00,22.00,1,2,-1,-1
1983,233,602.00,153.00,38.00,207.00,1,6,-1,-1
1983,217,37.00,178.00,57.00,25.00,1,2,-1,-1
1983,236,420.00,170.00,50.00,19.00,1,2,-1,-1
1983,232,235.00,173.00,60.00,22.00,1,2,-1,-1
1984,233,603.00,155.00,37.00,205.00,1,6,-1,-1
1984,236,422.00,171.00,50.00,19.00,1,2,-1,-1
1984,237,40.00,179.00,56.00,26.00,1,8,-1,-1
1984,232,237.00,174.00,59.00,22.00,1,2,-1,-1
1985,238,42.00,179.00,58.00,26.00,1,2,-1,-1
1985,237,43.00,180.00,56.00,25.00,1,8,-1,-1
1985,236,425.00,171.00,51.00,20.00,1,2,-1,-1
1985,232,241.00,174.00,58.00,23.00,1,2,-1,-1
1986,236,430.00,170.00,50.00,20.00,1,2,-1,-1
1986,232,245.00,174.00,59.00,22.00,1,2,-1,-1
1986,238,48.00,178.00,57.00,25.00,1,2,-1,-1
1987,239,0.00,192.00,13.00,29.00,1,2,-1,-1
1987,236,439.00,170.00,49.00,19.00,1,2,-1,-1
1987,232,250.00,172.00,62.00,22.00,1,2,-1,-1
1987,238,58.00,175.00,55.00,25.00,1,2,-1,-1
1988,240,630.00,200.00,10.00,36.00,1,2,-1,-1
1988,236,446.00,168.00,51.00,20.00,1,2,-1,-1
1988,232,261.00,170.00,61.00,22.00,1,2,-1,-1
1988,238,67.00,173.00,55.00,25.00,1,2,-1,-1
1989,232,267.00,168.00,60.00,24.00,1,2,-1,-1
1989,236,453.00,166.00,50.00,20.00,1,2,-1,-1
1989,238,73.00,173.00,56.00,26.00,1,2,-1,-1
1990,232,273.00,169.00,58.00,23.00,1,2,-1,-1
1990,236,456.00,166.00,51.00,20.00,1,2,-1,-1
1990,238,76.00,175.00,56.00,25.00,1,2,-1,-1
1991,232,278.00,173.00,58.00,23.00,1,2,-1,-1
1991,236,462.00,167.00,50.00,21.00,1,2,-1,-1
1991,238,82.00,180.00,56.00,24.00,1,2,-1,-1
1992,236,468.00,174.00,50.00,21.00,1,2,-1,-1
1992,238,88.00,187.00,55.00,25.00,1,2,-1,-1
1992,232,283.00,180.00,59.00,23.00,1,2,-1,-1
1993,241,0.00,160.00,45.00,198.00,1,6,-1,-1
1993,236,474.00,176.00,51.00,22.00,1,2,-1,-1
1993,232,292.00,182.00,56.00,24.00,1,2,-1,-1
1993,238,94.00,190.00,55.00,25.00,1,2,-1,-1
1994,241,0.00,164.00,50.00,194.00,1,6,-1,-1
1994,236,480.00,180.00,50.00,20.00,1,2,-1,-1
1994,232,294.00,185.00,60.00,22.00,1,2,-1,-1
1994,238,100.00,192.00,55.00,25.00,1,2,-1,-1
1995,241,0.00,166.00,54.00,194.00,1,6,-1,-1
1995,232,299.00,186.00,59.00,22.00,1,2,-1,-1
1995,236,484.00,181.00,51.00,19.00,1,2,-1,-1
1995,238,105.00,192.00,55.00,26.00,1,2,-1,-1
1996,241,0.00,166.00,57.00,192.00,1,6,-1,-1
1996,232,302.00,185.00,60.00,23.00,1,2,-1,-1
1996,236,488.00,179.00,50.00,20.00,1,2,-1,-1
1996,238,108.00,192.00,56.00,26.00,1,2,-1,-1
1997,236,490.00,174.00,51.00,22.00,1,2,-1,-1
1997,232,308.00,182.00,56.00,23.00,1,2,-1,-1
1997,238,111.00,191.00,55.00,25.00,1,2,-1,-1
1998,242,0.00,160.00,65.00,198.00,1,6,-1,-1
1998,236,496.00,169.00,50.00,21.00,1,2,-1,-1
1998,232,310.00,178.00,59.00,22.00,1,2,-1,-1
1998,238,117.00,188.00,54.00,25.00,1,2,-1,-1
1999,242,0.00,158.00,70.00,201.00,1,6,-1,-1
1999,232,315.00,171.00,60.00,23.00,1,2,-1,-1
1999,236,501.00,162.00,53.00,22.00,1,2,-1,-1
1999,238,123.00,181.00,54.00,25.00,1,2,-1,-1
2000,243,617.00,154.00,23.00,16.00,1,2,-1,-1
2000,242,0.00,150.00,73.00,208.00,1,6,-1,-1
2000,236,505.00,156.00,53.00,22.00,1,2,-1,-1
2000,232,320.00,163.00,58.00,24.00,1,2,-1,-1
2000,238,127.00,174.00,53.00,25.00,1,2,-1,-1
2001,242,0.00,144.00,73.00,214.00,1,6,-1,-1
2001,232,323.00,158.00,57.00,24.00,1,2,-1,-1
2001,236,506.00,149.00,52.00,22.00,1,2,-1,-1
2001,238,128.00,168.00,54.00,26.00,1,2,-1,-1
2002,242,0.00,140.00,70.00,217.00,1,6,-1,-1
2002,232,324.00,154.00,58.00,24.00,1,2,-1,-1
2002,236,512.00,146.00,52.00,22.00,1,2,-1,-1
2002,238,127.00,165.00,55.00,26.00,1,2,-1,-1
2003,242,0.00,138.00,65.00,220.00,1,6,-1,-1
2003,236,524.00,146.00,54.00,20.00,1,2,-1,-1
2003,232,326.00,154.00,64.00,22.00,1,2,-1,-1
2003,238,126.00,163.00,56.00,27.00,1,2,-1,-1
2004,242,0.00,134.00,58.00,223.00,1,6,-1,-1
2004,236,534.00,144.00,60.00,23.00,1,2,-1,-1
2004,232,330.00,152.00,66.00,25.00,1,2,-1,-1
2004,238,122.00,161.00,60.00,28.00,1,2,-1,-1
2005,242,0.00,130.00,56.00,228.00,1,6,-1,-1
2005,232,340.00,151.00,66.00,25.00,1,2,-1,-1
2005,236,552.00,144.00,59.00,21.00,1,2,-1,-1
2005,238,124.00,160.00,60.00,28.00,1,2,-1,-1
2006,242,0.00,130.00,56.00,228.00,1,6,-1,-1
2006,232,340.00,151.00,66.00,25.00,1,2,-1,-1
2006,236,552.00,144.00,59.00,21.00,1,2,-1,-1
2006,238,124.00,160.00,60.00,28.00,1,2,-1,-1
2007,242,0.00,130.00,56.00,228.00,1,6,-1,-1
2007,232,340.00,151.00,66.00,25.00,1,2,-1,-1
2007,236,552.00,144.00,59.00,21.00,1,2,-1,-1
2007,238,124.00,160.00,60.00,28.00,1,2,-1,-1
2008,242,0.00,130.00,56.00,228.00,1,6,-1,-1
2008,232,340.00,151.00,66.00,25.00,1,2,-1,-1
2008,236,552.00,144.00,59.00,21.00,1,2,-1,-1
2008,238,124.00,160.00,60.00,28.00,1,2,-1,-1
2009,242,0.00,130.00,56.00,228.00,1,6,-1,-1
2009,232,340.00,151.00,66.00,25.00,1,2,-1,-1
2009,236,552.00,144.00,59.00,21.00,1,2,-1,-1
2009,238,124.00,160.00,60.00,28.00,1,2,-1,-1
2010,242,0.00,130.00,56.00,228.00,1,6,-1,-1
2010,232,340.00,151.00,66.00,25.00,1,2,-1,-1
2010,236,552.00,144.00,59.00,21.00,1,2,-1,-1
2010,238,124.00,160.00,60.00,28.00,1,2,-1,-1
2011,242,0.00,130.00,56.00,228.00,1,6,-1,-1
2011,232,340.00,151.00,66.00,25.00,1,2,-1,-1
2011,236,552.00,144.00,59.00,21.00,1,2,-1,-1
2011,238,124.00,160.00,60.00,28.00,1,2,-1,-1
2012,242,0.00,130.00,56.00,228.00,1,6,-1,-1
2012,232,340.00,151.00,66.00,25.00,1,2,-1,-1
2012,236,552.00,144.00,59.00,21.00,1,2,-1,-1
2012,238,124.00,160.00,60.00,28.00,1,2,-1,-1
2013,242,0.00,130.00,56.00,228.00,1,6,-1,-1
2013,232,340.00,151.00,66.00,25.00,1,2,-1,-1
2013,236,552.00,144.00,59.00,21.00,1,2,-1,-1
2013,238,124.00,160.00,60.00,28.00,1,2,-1,-1
2014,242,0.00,130.00,56.00,227.00,1,6,-1,-1
2014,236,552.00,144.00,59.00,22.00,1,2,-1,-1
2014,232,340.00,151.00,67.00,25.00,1,2,-1,-1
2014,238,124.00,160.00,60.00,28.00,1,2,-1,-1
2015,242,0.00,130.00,56.00,228.00,1,6,-1,-1
2015,236,561.00,143.00,62.00,23.00,1,2,-1,-1
2015,232,345.00,151.00,68.00,25.00,1,2,-1,-1
2015,238,125.00,160.00,62.00,28.00,1,2,-1,-1
2016,242,0.00,130.00,56.00,228.00,1,6,-1,-1
2016,236,561.00,143.00,62.00,23.00,1,2,-1,-1
2016,232,345.00,151.00,68.00,25.00,1,2,-1,-1
2016,238,125.00,160.00,62.00,28.00,1,2,-1,-1
2017,242,0.00,130.00,56.00,228.00,1,6,-1,-1
2017,236,561.00,143.00,62.00,23.00,1,2,-1,-1
2017,232,345.00,151.00,68.00,25.00,1,2,-1,-1
2017,238,125.00,160.00,62.00,28.00,1,2,-1,-1
2018,242,0.00,130.00,56.00,228.00,1,6,-1,-1
2018,236,561.00,143.00,62.00,23.00,1,2,-1,-1
2018,232,345.00,151.00,68.00,25.00,1,2,-1,-1
2018,238,125.00,160.00,62.00,28.00,1,2,-1,-1
2019,242,0.00,130.00,56.00,228.00,1,6,-1,-1
2019,236,561.00,143.00,62.00,23.00,1,2,-1,-1
2019,232,345.00,151.00,68.00,25.00,1,2,-1,-1
2019,238,125.00,160.00,62.00,28.00,1,2,-1,-1
2020,242,0.00,130.00,56.00,228.00,1,6,-1,-1
2020,236,561.00,143.00,62.00,23.00,1,2,-1,-1
2020,232,345.00,151.00,68.00,25.00,1,2,-1,-1
2020,238,125.00,160.00,62.00,28.00,1,2,-1,-1
2021,242,0.00,130.00,56.00,228.00,1,6,-1,-1
2021,236,561.00,143.00,62.00,23.00,1,2,-1,-1
2021,232,345.00,151.00,68.00,25.00,1,2,-1,-1
2021,238,125.00,160.00,62.00,28.00,1,2,-1,-1
2022,242,0.00,130.00,56.00,228.00,1,6,-1,-1
2022,236,561.00,143.00,62.00,23.00,1,2,-1,-1
2022,232,345.00,151.00,68.00,25.00,1,2,-1,-1
2022,238,125.00,160.00,62.00,28.00,1,2,-1,-1
2023,242,0.00,130.00,56.00,228.00,1,6,-1,-1
2023,236,561.00,143.00,62.00,23.00,1,2,-1,-1
2023,232,345.00,151.00,68.00,25.00,1,2,-1,-1
2023,238,125.00,160.00,62.00,28.00,1,2,-1,-1
2024,242,0.00,130.00,56.00,228.00,1,6,-1,-1
2024,236,561.00,143.00,62.00,23.00,1,2,-1,-1
2024,232,345.00,151.00,68.00,25.00,1,2,-1,-1
2024,238,125.00,160.00,62.00,28.00,1,2,-1,-1
2025,242,0.00,129.00,54.00,229.00,1,6,-1,-1
2025,232,349.00,151.00,71.00,25.00,1,2,-1,-1
2025,236,571.00,144.00,63.00,22.00,1,2,-1,-1
2025,238,126.00,159.00,63.00,29.00,1,2,-1,-1
2026,242,0.00,129.00,54.00,229.00,1,6,-1,-1
2026,232,349.00,151.00,71.00,25.00,1,2,-1,-1
2026,236,571.00,144.00,63.00,22.00,1,2,-1,-1
2026,238,126.00,159.00,63.00,29.00,1,2,-1,-1
2027,242,0.00,129.00,54.00,229.00,1,6,-1,-1
2027,232,349.00,151.00,71.00,25.00,1,2,-1,-1
2027,236,571.00,144.00,63.00,22.00,1,2,-1,-1
2027,238,126.00,159.00,63.00,29.00,1,2,-1,-1
2028,242,0.00,129.00,54.00,229.00,1,6,-1,-1
2028,232,349.00,151.00,71.00,25.00,1,2,-1,-1
2028,236,571.00,144.00,63.00,22.00,1,2,-1,-1
2028,238,126.00,159.00,63.00,29.00,1,2,-1,-1
2029,242,0.00,128.00,54.00,230.00,1,6,-1,-1
2029,232,349.00,150.00,71.00,26.00,1,2,-1,-1
2029,236,571.00,144.00,63.00,22.00,1,2,-1,-1
2029,238,126.00,159.00,63.00,29.00,1,2,-1,-1
2030,242,0.00,128.00,54.00,230.00,1,6,-1,-1
2030,232,349.00,151.00,71.00,25.00,1,2,-1,-1
2030,236,571.00,144.00,63.00,22.00,1,2,-1,-1
2030,238,126.00,159.00,63.00,29.00,1,2,-1,-1
2031,242,0.00,129.00,54.00,229.00,1,6,-1,-1
2031,232,349.00,150.00,71.00,26.00,1,2,-1,-1
2031,236,571.00,144.00,63.00,22.00,1,2,-1,-1
2031,238,126.00,159.00,63.00,29.00,1,2,-1,-1
2032,242,0.00,129.00,54.00,229.00,1,6,-1,-1
2032,232,349.00,150.00,71.00,26.00,1,2,-1,-1
2032,236,571.00,144.00,63.00,22.00,1,2,-1,-1
2032,238,126.00,159.00,63.00,29.00,1,2,-1,-1
2033,242,0.00,129.00,54.00,229.00,1,6,-1,-1
2033,232,349.00,151.00,71.00,25.00,1,2,-1,-1
2033,236,571.00,144.00,63.00,22.00,1,2,-1,-1
2033,238,126.00,159.00,63.00,29.00,1,2,-1,-1
2034,242,0.00,129.00,54.00,229.00,1,6,-1,-1
2034,232,349.00,150.00,71.00,26.00,1,2,-1,-1
2034,236,572.00,144.00,62.00,22.00,1,2,-1,-1
2034,238,126.00,159.00,63.00,29.00,1,2,-1,-1
2035,242,0.00,128.00,54.00,230.00,1,6,-1,-1
2035,236,582.00,144.00,58.00,23.00,1,2,-1,-1
2035,232,355.00,151.00,71.00,26.00,1,2,-1,-1
2035,238,127.00,159.00,64.00,30.00,1,2,-1,-1
2036,242,0.00,128.00,54.00,230.00,1,6,-1,-1
2036,236,582.00,144.00,58.00,23.00,1,2,-1,-1
2036,232,355.00,151.00,71.00,26.00,1,2,-1,-1
2036,238,127.00,159.00,64.00,30.00,1,2,-1,-1
2037,242,0.00,128.00,54.00,230.00,1,6,-1,-1
2037,236,582.00,144.00,58.00,23.00,1,2,-1,-1
2037,232,355.00,151.00,71.00,26.00,1,2,-1,-1
2037,238,127.00,159.00,64.00,30.00,1,2,-1,-1
2038,242,0.00,128.00,54.00,230.00,1,6,-1,-1
2038,236,582.00,144.00,58.00,23.00,1,2,-1,-1
2038,232,355.00,151.00,71.00,26.00,1,2,-1,-1
2038,238,127.00,159.00,64.00,30.00,1,2,-1,-1
2039,242,0.00,128.00,54.00,230.00,1,6,-1,-1
2039,236,582.00,144.00,58.00,23.00,1,2,-1,-1
2039,232,355.00,151.00,71.00,26.00,1,2,-1,-1
2039,238,127.00,159.00,64.00,30.00,1,2,-1,-1
2040,242,0.00,128.00,54.00,230.00,1,6,-1,-1
2040,236,582.00,144.00,58.00,23.00,1,2,-1,-1
2040,232,355.00,151.00,71.00,26.00,1,2,-1,-1
2040,238,127.00,159.00,64.00,30.00,1,2,-1,-1
2041,242,0.00,128.00,53.00,230.00,1,6,-1,-1
2041,236,582.00,144.00,58.00,23.00,1,2,-1,-1
2041,232,356.00,151.00,70.00,26.00,1,2,-1,-1
2041,238,128.00,159.00,64.00,29.00,1,2,-1,-1
2042,242,0.00,128.00,53.00,230.00,1,6,-1,-1
2042,236,582.00,144.00,58.00,23.00,1,2,-1,-1
2042,232,356.00,151.00,70.00,26.00,1,2,-1,-1
2042,238,128.00,159.00,64.00,30.00,1,2,-1,-1
2043,242,0.00,128.00,53.00,230.00,1,6,-1,-1
2043,236,582.00,144.00,58.00,24.00,1,2,-1,-1
2043,232,356.00,151.00,70.00,26.00,1,2,-1,-1
2043,238,128.00,159.00,64.00,29.00,1,2,-1,-1
2044,242,0.00,128.00,53.00,230.00,1,6,-1,-1
2044,236,582.00,144.00,58.00,23.00,1,2,-1,-1
2044,232,355.00,151.00,71.00,26.00,1,2,-1,-1
2044,238,128.00,159.00,64.00,29.00,1,2,-1,-1
2045,242,0.00,126.00,53.00,232.00,1,6,-1,-1
2045,236,593.00,145.00,47.00,23.00,1,2,-1,-1
2045,232,360.00,152.00,73.00,26.00,1,2,-1,-1
2045,238,129.00,159.00,65.00,30.00,1,2,-1,-1
2046,242,0.00,126.00,53.00,232.00,1,6,-1,-1
2046,236,593.00,145.00,47.00,23.00,1,2,-1,-1
2046,232,360.00,152.00,73.00,26.00,1,2,-1,-1
2046,238,129.00,159.00,65.00,30.00,1,2,-1,-1
2047,242,0.00,126.00,53.00,232.00,1,6,-1,-1
2047,236,593.00,145.00,47.00,23.00,1,2,-1,-1
2047,232,360.00,152.00,73.00,26.00,1,2,-1,-1
2047,238,129.00,159.00,65.00,30.00,1,2,-1,-1
2048,242,0.00,126.00,53.00,232.00,1,6,-1,-1
2048,236,593.00,145.00,47.00,23.00,1,2,-1,-1
2048,232,360.00,152.00,73.00,26.00,1,2,-1,-1
2048,238,129.00,159.00,65.00,30.00,1,2,-1,-1
2049,242,0.00,126.00,53.00,232.00,1,6,-1,-1
2049,236,593.00,145.00,47.00,23.00,1,2,-1,-1
2049,232,360.00,152.00,73.00,26.00,1,2,-1,-1
2049,238,129.00,159.00,65.00,30.00,1,2,-1,-1
2050,242,0.00,126.00,53.00,232.00,1,6,-1,-1
2050,236,593.00,145.00,47.00,23.00,1,2,-1,-1
2050,232,360.00,152.00,73.00,26.00,1,2,-1,-1
2050,238,129.00,159.00,65.00,30.00,1,2,-1,-1
2051,242,0.00,126.00,53.00,232.00,1,6,-1,-1
2051,236,593.00,145.00,47.00,23.00,1,2,-1,-1
2051,232,360.00,152.00,73.00,26.00,1,2,-1,-1
2051,238,129.00,159.00,65.00,30.00,1,2,-1,-1
2052,242,0.00,126.00,53.00,232.00,1,6,-1,-1
2052,236,593.00,145.00,47.00,23.00,1,2,-1,-1
2052,232,360.00,152.00,73.00,26.00,1,2,-1,-1
2052,238,129.00,159.00,65.00,30.00,1,2,-1,-1
2053,242,0.00,126.00,53.00,232.00,1,6,-1,-1
2053,236,593.00,145.00,47.00,23.00,1,2,-1,-1
2053,232,360.00,152.00,73.00,26.00,1,2,-1,-1
2053,238,129.00,159.00,65.00,30.00,1,2,-1,-1
2054,242,0.00,126.00,53.00,232.00,1,6,-1,-1
2054,236,593.00,145.00,47.00,23.00,1,2,-1,-1
2054,232,360.00,152.00,73.00,26.00,1,2,-1,-1
2054,238,129.00,159.00,65.00,30.00,1,2,-1,-1
2055,242,0.00,127.00,52.00,229.00,1,6,-1,-1
2055,236,603.00,148.00,37.00,22.00,1,2,-1,-1
2055,232,366.00,153.00,74.00,26.00,1,2,-1,-1
2055,238,130.00,159.00,67.00,31.00,1,2,-1,-1
2056,242,0.00,126.00,52.00,230.00,1,6,-1,-1
2056,236,604.00,149.00,36.00,21.00,1,2,-1,-1
2056,232,366.00,153.00,74.00,26.00,1,2,-1,-1
2056,238,130.00,159.00,67.00,31.00,1,2,-1,-1
2057,242,0.00,126.00,52.00,231.00,1,6,-1,-1
2057,236,604.00,149.00,36.00,21.00,1,2,-1,-1
2057,232,366.00,152.00,74.00,27.00,1,2,-1,-1
2057,238,130.00,159.00,67.00,31.00,1,2,-1,-1
2058,242,0.00,125.00,52.00,231.00,1,6,-1,-1
2058,236,604.00,149.00,36.00,21.00,1,2,-1,-1
2058,232,366.00,153.00,74.00,26.00,1,2,-1,-1
2058,238,130.00,159.00,66.00,30.00,1,2,-1,-1
2059,242,0.00,126.00,52.00,234.00,1,6,-1,-1
2059,236,604.00,149.00,36.00,21.00,1,2,-1,-1
2059,232,366.00,152.00,74.00,27.00,1,2,-1,-1
2059,238,130.00,158.00,67.00,32.00,1,2,-1,-1
2060,242,0.00,125.00,52.00,234.00,1,6,-1,-1
2060,236,604.00,149.00,36.00,21.00,1,2,-1,-1
2060,232,366.00,152.00,74.00,27.00,1,2,-1,-1
2060,238,130.00,158.00,67.00,32.00,1,2,-1,-1
2061,242,0.00,125.00,52.00,235.00,1,6,-1,-1
2061,236,604.00,149.00,36.00,21.00,1,2,-1,-1
2061,232,366.00,152.00,74.00,27.00,1,2,-1,-1
2061,238,130.00,158.00,67.00,32.00,1,2,-1,-1
2062,242,0.00,125.00,52.00,235.00,1,6,-1,-1
2062,236,604.00,149.00,36.00,21.00,1,2,-1,-1
2062,232,366.00,153.00,74.00,27.00,1,2,-1,-1
2062,238,130.00,159.00,66.00,30.00,1,2,-1,-1
2063,242,0.00,124.00,52.00,236.00,1,6,-1,-1
2063,236,604.00,148.00,36.00,22.00,1,2,-1,-1
2063,232,366.00,152.00,74.00,27.00,1,2,-1,-1
2063,238,131.00,159.00,66.00,30.00,1,2,-1,-1
2064,242,0.00,134.00,52.00,226.00,1,6,-1,-1
2064,236,604.00,149.00,36.00,21.00,1,2,-1,-1
2064,232,365.00,152.00,75.00,27.00,1,2,-1,-1
2064,238,130.00,159.00,67.00,30.00,1,2,-1,-1
2065,236,617.00,153.00,23.00,20.00,1,2,-1,-1
2065,244,272.00,178.00,54.00,22.00,1,2,-1,-1
2065,242,0.00,132.00,52.00,228.00,1,6,-1,-1
2065,232,373.00,154.00,75.00,26.00,1,2,-1,-1
2065,238,133.00,160.00,67.00,30.00,1,2,-1,-1
2066,242,0.00,131.00,52.00,229.00,1,6,-1,-1
2066,244,272.00,177.00,54.00,23.00,1,2,-1,-1
2066,238,133.00,159.00,67.00,31.00,1,2,-1,-1
2066,232,373.00,154.00,75.00,26.00,1,2,-1,-1
2067,242,0.00,128.00,52.00,232.00,1,6,-1,-1
2067,245,65.00,183.00,58.00,26.00,1,2,-1,-1
2067,246,454.00,175.00,50.00,19.00,1,2,-1,-1
2067,244,272.00,178.00,54.00,23.00,1,2,-1,-1
2067,232,372.00,154.00,76.00,26.00,1,2,-1,-1
2067,238,133.00,159.00,67.00,31.00,1,2,-1,-1
2068,245,64.00,183.00,59.00,26.00,1,2,-1,-1
2068,246,453.00,176.00,51.00,18.00,1,2,-1,-1
2068,244,270.00,178.00,56.00,22.00,1,2,-1,-1
2068,232,372.00,155.00,76.00,26.00,1,2,-1,-1
2068,238,133.00,160.00,67.00,30.00,1,2,-1,-1
2069,247,0.00,131.00,52.00,229.00,1,6,-1,-1
2069,245,53.00,183.00,69.00,25.00,1,2,-1,-1
2069,246,454.00,176.00,50.00,18.00,1,2,-1,-1
2069,244,270.00,177.00,55.00,23.00,1,2,-1,-1
2069,232,372.00,154.00,76.00,26.00,1,2,-1,-1
2069,238,133.00,160.00,67.00,30.00,1,2,-1,-1
2070,246,453.00,175.00,51.00,19.00,1,2,-1,-1
2070,245,63.00,182.00,59.00,26.00,1,2,-1,-1
2070,232,371.00,155.00,77.00,26.00,1,2,-1,-1
2070,244,270.00,178.00,56.00,22.00,1,2,-1,-1
2070,238,133.00,159.00,66.00,32.00,1,2,-1,-1
2071,238,130.00,168.00,69.00,23.00,1,2,-1,-1
2071,248,565.00,174.00,46.00,19.00,1,2,-1,-1
2071,232,380.00,156.00,68.00,24.00,1,2,-1,-1
2071,246,455.00,175.00,49.00,18.00,1,2,-1,-1
2071,244,270.00,178.00,55.00,22.00,1,2,-1,-1
2071,245,65.00,183.00,57.00,24.00,1,2,-1,-1
2072,238,131.00,168.00,68.00,23.00,1,2,-1,-1
2072,248,565.00,175.00,46.00,17.00,1,2,-1,-1
2072,246,454.00,176.00,50.00,18.00,1,2,-1,-1
2072,244,270.00,178.00,55.00,22.00,1,2,-1,-1
2072,245,65.00,184.00,57.00,24.00,1,2,-1,-1
2073,238,130.00,167.00,69.00,24.00,1,2,-1,-1
2073,248,565.00,175.00,44.00,17.00,1,2,-1,-1
2073,246,455.00,176.00,49.00,18.00,1,2,-1,-1
2073,245,65.00,184.00,57.00,24.00,1,2,-1,-1
2073,244,269.00,179.00,56.00,21.00,1,2,-1,-1
2074,249,604.00,199.00,36.00,160.00,1,6,-1,-1
2074,246,454.00,176.00,50.00,18.00,1,2,-1,-1
2074,244,269.00,178.00,56.00,22.00,1,2,-1,-1
2074,245,65.00,184.00,57.00,24.00,1,2,-1,-1
2075,249,605.00,199.00,35.00,160.00,1,6,-1,-1
2075,246,454.00,175.00,50.00,19.00,1,2,-1,-1
2075,244,269.00,178.00,56.00,22.00,1,2,-1,-1
2075,245,65.00,184.00,57.00,24.00,1,2,-1,-1
2076,249,604.00,200.00,36.00,159.00,1,6,-1,-1
2076,246,454.00,175.00,50.00,19.00,1,2,-1,-1
2076,244,269.00,178.00,56.00,22.00,1,2,-1,-1
2076,245,65.00,184.00,57.00,24.00,1,2,-1,-1
2077,249,605.00,193.00,35.00,167.00,1,6,-1,-1
2077,246,455.00,175.00,49.00,19.00,1,2,-1,-1
2077,244,268.00,178.00,57.00,22.00,1,2,-1,-1
2077,245,65.00,184.00,57.00,24.00,1,2,-1,-1
2078,249,604.00,199.00,36.00,160.00,1,6,-1,-1
2078,246,455.00,174.00,49.00,20.00,1,2,-1,-1
2078,244,269.00,178.00,56.00,22.00,1,2,-1,-1
2078,245,64.00,184.00,58.00,24.00,1,2,-1,-1
2079,249,604.00,199.00,36.00,160.00,1,6,-1,-1
2079,246,455.00,174.00,49.00,20.00,1,2,-1,-1
2079,244,269.00,178.00,56.00,22.00,1,2,-1,-1
2079,245,64.00,184.00,58.00,24.00,1,2,-1,-1
2080,249,604.00,198.00,36.00,161.00,1,6,-1,-1
2080,246,454.00,174.00,50.00,20.00,1,2,-1,-1
2080,244,269.00,178.00,56.00,22.00,1,2,-1,-1
2080,245,64.00,184.00,58.00,24.00,1,2,-1,-1
2081,250,563.00,175.00,49.00,19.00,1,2,-1,-1
2081,246,454.00,174.00,51.00,21.00,1,2,-1,-1
2081,244,267.00,178.00,58.00,23.00,1,2,-1,-1
2081,245,64.00,184.00,58.00,25.00,1,2,-1,-1
2082,250,563.00,176.00,49.00,18.00,1,2,-1,-1
2082,246,454.00,174.00,50.00,21.00,1,2,-1,-1
2082,244,267.00,178.00,58.00,23.00,1,2,-1,-1
2082,245,64.00,184.00,58.00,25.00,1,2,-1,-1
2083,250,563.00,176.00,49.00,18.00,1,2,-1,-1
2083,246,454.00,175.00,51.00,20.00,1,2,-1,-1
2083,244,267.00,178.00,58.00,23.00,1,2,-1,-1
2083,245,66.00,184.00,56.00,25.00,1,2,-1,-1
2084,250,563.00,175.00,48.00,19.00,1,2,-1,-1
2084,246,454.00,174.00,50.00,21.00,1,2,-1,-1
2084,244,266.00,178.00,59.00,23.00,1,2,-1,-1
2084,245,61.00,184.00,61.00,25.00,1,2,-1,-1
2085,250,563.00,175.00,48.00,19.00,1,2,-1,-1
2085,246,454.00,175.00,50.00,20.00,1,2,-1,-1
2085,244,266.00,178.00,59.00,23.00,1,2,-1,-1
2085,245,60.00,184.00,62.00,25.00,1,2,-1,-1
2086,250,562.00,175.00,50.00,19.00,1,2,-1,-1
2086,246,454.00,174.00,50.00,21.00,1,2,-1,-1
2086,244,266.00,178.00,59.00,23.00,1,2,-1,-1
2086,245,61.00,184.00,61.00,25.00,1,2,-1,-1
2087,250,563.00,175.00,48.00,19.00,1,2,-1,-1
2087,246,454.00,175.00,50.00,20.00,1,2,-1,-1
2087,244,267.00,178.00,58.00,23.00,1,2,-1,-1
2087,245,64.00,184.00,58.00,25.00,1,2,-1,-1
2088,250,562.00,175.00,48.00,19.00,1,2,-1,-1
2088,246,454.00,174.00,50.00,21.00,1,2,-1,-1
2088,244,267.00,178.00,58.00,23.00,1,2,-1,-1
2088,245,64.00,184.00,58.00,24.00,1,2,-1,-1
2089,250,562.00,175.00,48.00,19.00,1,2,-1,-1
2089,246,454.00,174.00,50.00,21.00,1,2,-1,-1
2089,244,268.00,178.00,57.00,23.00,1,2,-1,-1
2089,245,65.00,184.00,57.00,24.00,1,2,-1,-1
2090,250,562.00,174.00,48.00,20.00,1,2,-1,-1
2090,246,454.00,174.00,50.00,21.00,1,2,-1,-1
2090,244,268.00,178.00,57.00,23.00,1,2,-1,-1
2090,245,64.00,184.00,58.00,24.00,1,2,-1,-1
2091,250,562.00,174.00,48.00,19.00,1,2,-1,-1
2091,246,454.00,174.00,50.00,21.00,1,2,-1,-1
2091,244,267.00,178.00,58.00,23.00,1,2,-1,-1
2091,245,64.00,183.00,58.00,25.00,1,2,-1,-1
2092,246,454.00,174.00,50.00,20.00,1,2,-1,-1
2092,244,266.00,177.00,58.00,23.00,1,2,-1,-1
2092,245,63.00,182.00,59.00,25.00,1,2,-1,-1
2093,246,454.00,173.00,50.00,21.00,1,2,-1,-1
2093,244,267.00,177.00,57.00,23.00,1,2,-1,-1
2093,245,63.00,182.00,59.00,25.00,1,2,-1,-1
2094,246,454.00,173.00,50.00,20.00,1,2,-1,-1
2094,244,267.00,177.00,58.00,22.00,1,2,-1,-1
2094,245,63.00,182.00,59.00,25.00,1,2,-1,-1
2095,246,454.00,173.00,51.00,20.00,1,2,-1,-1
2095,244,267.00,176.00,58.00,23.00,1,2,-1,-1
2095,245,62.00,181.00,60.00,25.00,1,2,-1,-1
2096,251,563.00,172.00,49.00,18.00,1,2,-1,-1
2096,246,454.00,172.00,50.00,20.00,1,2,-1,-1
2096,244,267.00,175.00,58.00,23.00,1,2,-1,-1
2096,245,64.00,180.00,58.00,25.00,1,2,-1,-1
2097,246,454.00,169.00,50.00,21.00,1,2,-1,-1
2097,244,265.00,173.00,60.00,22.00,1,2,-1,-1
2097,245,64.00,177.00,58.00,25.00,1,2,-1,-1
2098,252,564.00,173.00,48.00,18.00,1,2,-1,-1
2098,246,454.00,171.00,50.00,21.00,1,2,-1,-1
2098,244,266.00,174.00,59.00,22.00,1,2,-1,-1
2098,245,64.00,177.00,58.00,25.00,1,2,-1,-1
2099,246,454.00,172.00,51.00,20.00,1,2,-1,-1
2099,244,267.00,175.00,58.00,22.00,1,2,-1,-1
2099,245,64.00,178.00,58.00,25.00,1,2,-1,-1
2100,253,564.00,172.00,48.00,19.00,1,2,-1,-1
2100,246,455.00,172.00,50.00,20.00,1,2,-1,-1
2100,244,268.00,175.00,58.00,23.00,1,2,-1,-1
2100,245,64.00,179.00,59.00,25.00,1,2,-1,-1
2101,253,565.00,173.00,48.00,18.00,1,2,-1,-1
2101,246,456.00,172.00,50.00,20.00,1,2,-1,-1
2101,245,65.00,179.00,59.00,25.00,1,2,-1,-1
2101,244,268.00,175.00,59.00,23.00,1,2,-1,-1
2102,246,456.00,172.00,50.00,20.00,1,2,-1,-1
2102,244,268.00,174.00,59.00,23.00,1,2,-1,-1
2102,245,65.00,178.00,59.00,24.00,1,2,-1,-1
2103,246,456.00,172.00,50.00,20.00,1,2,-1,-1
2103,245,65.00,177.00,59.00,24.00,1,2,-1,-1
2103,244,268.00,174.00,59.00,22.00,1,2,-1,-1
2104,246,456.00,172.00,50.00,19.00,1,2,-1,-1
2104,244,268.00,173.00,59.00,23.00,1,2,-1,-1
2104,245,64.00,176.00,60.00,25.00,1,2,-1,-1
2105,254,566.00,173.00,48.00,18.00,1,2,-1,-1
2105,246,457.00,172.00,50.00,19.00,1,2,-1,-1
2105,245,65.00,176.00,59.00,25.00,1,2,-1,-1
2105,244,268.00,174.00,59.00,22.00,1,2,-1,-1
2106,246,458.00,172.00,49.00,20.00,1,2,-1,-1
2106,244,268.00,173.00,60.00,23.00,1,2,-1,-1
2106,245,64.00,176.00,60.00,24.00,1,2,-1,-1
2107,246,457.00,171.00,51.00,20.00,1,2,-1,-1
2107,244,268.00,173.00,60.00,23.00,1,2,-1,-1
2107,245,63.00,176.00,62.00,24.00,1,2,-1,-1
2108,246,457.00,170.00,50.00,21.00,1,2,-1,-1
2108,244,268.00,172.00,60.00,23.00,1,2,-1,-1
2108,245,63.00,175.00,62.00,25.00,1,2,-1,-1
2109,246,457.00,170.00,51.00,21.00,1,2,-1,-1
2109,244,268.00,172.00,60.00,23.00,1,2,-1,-1
2109,245,63.00,175.00,62.00,25.00,1,2,-1,-1
2110,246,457.00,170.00,50.00,21.00,1,2,-1,-1
2110,244,268.00,172.00,60.00,23.00,1,2,-1,-1
2110,245,62.00,175.00,63.00,24.00,1,2,-1,-1
2111,246,457.00,170.00,51.00,21.00,1,2,-1,-1
2111,244,268.00,172.00,60.00,23.00,1,2,-1,-1
2111,245,63.00,175.00,62.00,25.00,1,2,-1,-1
2112,246,457.00,170.00,51.00,20.00,1,2,-1,-1
2112,244,268.00,172.00,60.00,23.00,1,2,-1,-1
2112,245,63.00,175.00,62.00,24.00,1,2,-1,-1
2113,246,457.00,170.00,51.00,21.00,1,2,-1,-1
2113,244,268.00,172.00,60.00,22.00,1,2,-1,-1
2113,245,62.00,175.00,63.00,24.00,1,2,-1,-1
2114,246,457.00,170.00,51.00,20.00,1,2,-1,-1
2114,244,268.00,171.00,60.00,23.00,1,2,-1,-1
2114,245,61.00,174.00,64.00,25.00,1,2,-1,-1
2115,246,457.00,169.00,51.00,21.00,1,2,-1,-1
2115,244,268.00,171.00,60.00,23.00,1,2,-1,-1
2115,245,61.00,174.00,64.00,25.00,1,2,-1,-1
2116,246,457.00,169.00,51.00,21.00,1,2,-1,-1
2116,244,268.00,171.00,60.00,23.00,1,2,-1,-1
2116,245,60.00,174.00,65.00,25.00,1,2,-1,-1
2117,246,457.00,169.00,49.00,21.00,1,2,-1,-1
2117,244,268.00,170.00,60.00,24.00,1,2,-1,-1
2117,245,60.00,174.00,65.00,25.00,1,2,-1,-1
2118,246,456.00,168.00,51.00,22.00,1,2,-1,-1
2118,244,267.00,170.00,61.00,24.00,1,2,-1,-1
2118,245,60.00,174.00,65.00,24.00,1,2,-1,-1
2119,246,457.00,168.00,50.00,21.00,1,2,-1,-1
2119,244,267.00,170.00,61.00,24.00,1,2,-1,-1
2119,245,60.00,174.00,65.00,24.00,1,2,-1,-1
2120,246,456.00,168.00,51.00,21.00,1,2,-1,-1
2120,244,268.00,170.00,60.00,24.00,1,2,-1,-1
2120,245,59.00,174.00,66.00,24.00,1,2,-1,-1
2121,246,456.00,168.00,51.00,21.00,1,2,-1,-1
2121,244,267.00,170.00,61.00,23.00,1,2,-1,-1
2121,245,59.00,173.00,65.00,25.00,1,2,-1,-1
2122,255,566.00,169.00,46.00,19.00,1,2,-1,-1
2122,246,456.00,168.00,50.00,21.00,1,2,-1,-1
2122,244,268.00,170.00,60.00,23.00,1,2,-1,-1
2122,245,58.00,173.00,66.00,25.00,1,2,-1,-1
2123,246,456.00,168.00,51.00,20.00,1,2,-1,-1
2123,245,58.00,173.00,66.00,25.00,1,2,-1,-1
2123,244,267.00,169.00,61.00,24.00,1,2,-1,-1
2124,256,566.00,169.00,46.00,19.00,1,2,-1,-1
2124,246,456.00,167.00,51.00,21.00,1,2,-1,-1
2124,244,267.00,169.00,61.00,24.00,1,2,-1,-1
2124,245,58.00,173.00,66.00,25.00,1,2,-1,-1
2125,256,566.00,168.00,46.00,19.00,1,2,-1,-1
2125,246,456.00,168.00,50.00,20.00,1,2,-1,-1
2125,244,267.00,169.00,60.00,23.00,1,2,-1,-1
2125,245,57.00,172.00,67.00,25.00,1,2,-1,-1
2126,246,456.00,167.00,50.00,20.00,1,2,-1,-1
2126,244,267.00,169.00,60.00,23.00,1,2,-1,-1
2126,245,57.00,172.00,67.00,25.00,1,2,-1,-1
2127,246,456.00,166.00,50.00,21.00,1,2,-1,-1
2127,245,56.00,172.00,68.00,25.00,1,2,-1,-1
2127,244,268.00,169.00,59.00,23.00,1,2,-1,-1
2128,246,456.00,166.00,50.00,21.00,1,2,-1,-1
2128,245,57.00,172.00,67.00,25.00,1,2,-1,-1
2128,244,268.00,168.00,59.00,23.00,1,2,-1,-1
2129,246,456.00,166.00,50.00,20.00,1,2,-1,-1
2129,245,56.00,172.00,68.00,24.00,1,2,-1,-1
2129,244,268.00,168.00,59.00,23.00,1,2,-1,-1
2130,246,456.00,166.00,50.00,20.00,1,2,-1,-1
2130,245,55.00,172.00,68.00,25.00,1,2,-1,-1
2130,244,267.00,168.00,60.00,23.00,1,2,-1,-1
2131,246,456.00,165.00,50.00,21.00,1,2,-1,-1
2131,244,267.00,168.00,59.00,23.00,1,2,-1,-1
2131,245,55.00,171.00,68.00,25.00,1,2,-1,-1
2132,246,455.00,165.00,51.00,21.00,1,2,-1,-1
2132,245,55.00,171.00,68.00,25.00,1,2,-1,-1
2132,244,267.00,167.00,59.00,24.00,1,2,-1,-1
2133,246,454.00,164.00,51.00,22.00,1,2,-1,-1
2133,244,266.00,167.00,60.00,23.00,1,2,-1,-1
2133,245,54.00,171.00,69.00,25.00,1,2,-1,-1
2134,246,454.00,165.00,51.00,21.00,1,2,-1,-1
2134,244,266.00,167.00,60.00,23.00,1,2,-1,-1
2134,245,54.00,171.00,69.00,25.00,1,2,-1,-1
2135,246,455.00,165.00,50.00,20.00,1,2,-1,-1
2135,244,266.00,167.00,60.00,23.00,1,2,-1,-1
2135,245,54.00,171.00,69.00,25.00,1,2,-1,-1
2136,246,454.00,164.00,51.00,21.00,1,2,-1,-1
2136,244,266.00,167.00,60.00,23.00,1,2,-1,-1
2136,245,54.00,170.00,69.00,26.00,1,2,-1,-1
2137,246,454.00,164.00,50.00,21.00,1,2,-1,-1
2137,244,267.00,166.00,59.00,24.00,1,2,-1,-1
2137,245,54.00,170.00,69.00,25.00,1,2,-1,-1
2138,246,454.00,164.00,50.00,21.00,1,2,-1,-1
2138,244,267.00,166.00,59.00,24.00,1,2,-1,-1
2138,245,54.00,170.00,69.00,26.00,1,2,-1,-1
2139,246,454.00,163.00,50.00,22.00,1,2,-1,-1
2139,244,267.00,166.00,59.00,24.00,1,2,-1,-1
2139,245,54.00,170.00,69.00,26.00,1,2,-1,-1
2140,246,454.00,163.00,50.00,22.00,1,2,-1,-1
2140,245,54.00,170.00,69.00,25.00,1,2,-1,-1
2140,244,266.00,166.00,60.00,24.00,1,2,-1,-1
2141,246,454.00,164.00,50.00,20.00,1,2,-1,-1
2141,245,53.00,170.00,70.00,25.00,1,2,-1,-1
2141,244,266.00,166.00,60.00,23.00,1,2,-1,-1
2142,246,454.00,164.00,50.00,20.00,1,2,-1,-1
2142,245,53.00,170.00,70.00,25.00,1,2,-1,-1
2142,244,267.00,166.00,58.00,23.00,1,2,-1,-1
2143,246,454.00,164.00,50.00,20.00,1,2,-1,-1
2143,244,266.00,166.00,59.00,23.00,1,2,-1,-1
2143,245,54.00,170.00,68.00,25.00,1,2,-1,-1
2144,246,454.00,163.00,50.00,21.00,1,2,-1,-1
2144,245,57.00,170.00,65.00,25.00,1,2,-1,-1
2144,244,266.00,166.00,59.00,23.00,1,2,-1,-1
2145,246,454.00,162.00,50.00,22.00,1,2,-1,-1
2145,245,58.00,169.00,64.00,25.00,1,2,-1,-1
2145,244,265.00,166.00,60.00,23.00,1,2,-1,-1
2146,246,454.00,162.00,50.00,22.00,1,2,-1,-1
2146,245,62.00,169.00,60.00,25.00,1,2,-1,-1
2146,244,266.00,165.00,59.00,23.00,1,2,-1,-1
2147,246,454.00,162.00,50.00,22.00,1,2,-1,-1
2147,245,62.00,169.00,60.00,25.00,1,2,-1,-1
2147,244,265.00,165.00,60.00,23.00,1,2,-1,-1
2148,246,454.00,162.00,50.00,21.00,1,2,-1,-1
2148,245,62.00,169.00,59.00,25.00,1,2,-1,-1
2148,244,264.00,165.00,61.00,23.00,1,2,-1,-1
2149,246,454.00,162.00,49.00,22.00,1,2,-1,-1
2149,245,61.00,169.00,60.00,25.00,1,2,-1,-1
2149,244,264.00,165.00,61.00,23.00,1,2,-1,-1
2150,245,60.00,169.00,61.00,25.00,1,2,-1,-1
2150,246,454.00,162.00,49.00,22.00,1,2,-1,-1
2150,244,264.00,165.00,60.00,23.00,1,2,-1,-1
2151,246,453.00,162.00,50.00,22.00,1,2,-1,-1
2151,245,60.00,169.00,60.00,25.00,1,2,-1,-1
2151,244,264.00,165.00,60.00,23.00,1,2,-1,-1
2152,246,453.00,162.00,50.00,22.00,1,2,-1,-1
2152,245,61.00,169.00,59.00,25.00,1,2,-1,-1
2152,244,264.00,165.00,60.00,23.00,1,2,-1,-1
2153,246,452.00,162.00,50.00,22.00,1,2,-1,-1
2153,245,61.00,169.00,59.00,25.00,1,2,-1,-1
2153,244,263.00,165.00,61.00,23.00,1,2,-1,-1
2154,246,452.00,162.00,50.00,21.00,1,2,-1,-1
2154,245,60.00,169.00,59.00,26.00,1,2,-1,-1
2154,244,262.00,165.00,62.00,23.00,1,2,-1,-1
2155,246,452.00,162.00,48.00,21.00,1,2,-1,-1
2155,245,60.00,169.00,59.00,26.00,1,2,-1,-1
2155,244,262.00,165.00,60.00,23.00,1,2,-1,-1
2156,246,450.00,162.00,50.00,21.00,1,2,-1,-1
2156,245,59.00,169.00,59.00,26.00,1,2,-1,-1
2156,244,262.00,165.00,60.00,23.00,1,2,-1,-1
2157,246,449.00,162.00,50.00,21.00,1,2,-1,-1
2157,245,58.00,170.00,59.00,25.00,1,2,-1,-1
2157,244,261.00,166.00,59.00,23.00,1,2,-1,-1
2158,246,448.00,162.00,50.00,22.00,1,2,-1,-1
2158,245,56.00,170.00,61.00,25.00,1,2,-1,-1
2158,244,260.00,165.00,60.00,24.00,1,2,-1,-1
2159,257,597.00,139.00,43.00,221.00,1,6,-1,-1
2159,246,448.00,162.00,50.00,22.00,1,2,-1,-1
2159,245,56.00,170.00,60.00,26.00,1,2,-1,-1
2159,244,260.00,165.00,59.00,24.00,1,2,-1,-1
2160,257,597.00,143.00,43.00,217.00,1,6,-1,-1
2160,246,446.00,162.00,50.00,22.00,1,2,-1,-1
2160,245,55.00,170.00,59.00,25.00,1,2,-1,-1
2160,244,258.00,166.00,60.00,23.00,1,2,-1,-1
2161,257,596.00,145.00,44.00,215.00,1,6,-1,-1
2161,246,446.00,162.00,50.00,22.00,1,2,-1,-1
2161,245,54.00,170.00,60.00,25.00,1,2,-1,-1
2161,244,256.00,166.00,61.00,23.00,1,2,-1,-1
2162,257,596.00,148.00,44.00,212.00,1,6,-1,-1
2162,246,445.00,163.00,50.00,21.00,1,2,-1,-1
2162,245,52.00,170.00,61.00,26.00,1,2,-1,-1
2162,244,254.00,165.00,63.00,25.00,1,2,-1,-1
2163,257,595.00,153.00,45.00,207.00,1,6,-1,-1
2163,246,443.00,164.00,51.00,21.00,1,2,-1,-1
2163,245,52.00,170.00,59.00,26.00,1,2,-1,-1
2163,244,255.00,166.00,61.00,24.00,1,2,-1,-1
2164,257,594.00,153.00,46.00,207.00,1,6,-1,-1
2164,246,442.00,164.00,50.00,22.00,1,2,-1,-1
2164,245,51.00,171.00,59.00,25.00,1,2,-1,-1
2164,244,252.00,167.00,62.00,23.00,1,2,-1,-1
2165,257,594.00,155.00,46.00,205.00,1,6,-1,-1
2165,245,51.00,171.00,58.00,26.00,1,2,-1,-1
2165,246,442.00,164.00,50.00,22.00,1,2,-1,-1
2165,244,251.00,167.00,62.00,23.00,1,2,-1,-1
2166,257,594.00,158.00,46.00,202.00,1,6,-1,-1
2166,246,441.00,164.00,50.00,22.00,1,2,-1,-1
2166,245,50.00,171.00,58.00,26.00,1,2,-1,-1
2166,244,252.00,167.00,61.00,24.00,1,2,-1,-1
2167,257,594.00,158.00,46.00,202.00,1,6,-1,-1
2167,246,440.00,165.00,51.00,21.00,1,2,-1,-1
2167,245,49.00,171.00,59.00,26.00,1,2,-1,-1
2167,244,252.00,167.00,60.00,24.00,1,2,-1,-1
2168,257,594.00,156.00,46.00,204.00,1,6,-1,-1
2168,246,440.00,165.00,50.00,21.00,1,2,-1,-1
2168,245,49.00,171.00,58.00,26.00,1,2,-1,-1
2168,244,252.00,167.00,60.00,24.00,1,2,-1,-1
2169,257,594.00,160.00,46.00,200.00,1,6,-1,-1
2169,246,440.00,165.00,50.00,21.00,1,2,-1,-1
2169,245,49.00,171.00,58.00,26.00,1,2,-1,-1
2169,244,252.00,167.00,60.00,24.00,1,2,-1,-1
2170,257,594.00,161.00,46.00,199.00,1,6,-1,-1
2170,246,440.00,165.00,48.00,21.00,1,2,-1,-1
2170,245,47.00,171.00,59.00,26.00,1,2,-1,-1
2170,244,251.00,168.00,60.00,23.00,1,2,-1,-1
2171,257,594.00,162.00,46.00,197.00,1,6,-1,-1
2171,246,439.00,165.00,49.00,21.00,1,2,-1,-1
2171,245,46.00,171.00,60.00,26.00,1,2,-1,-1
2171,244,250.00,168.00,60.00,23.00,1,2,-1,-1
2172,258,546.00,168.00,46.00,18.00,1,2,-1,-1
2172,257,593.00,161.00,47.00,199.00,1,6,-1,-1
2172,246,438.00,166.00,49.00,21.00,1,2,-1,-1
2172,245,46.00,171.00,59.00,26.00,1,2,-1,-1
2172,244,248.00,168.00,62.00,23.00,1,2,-1,-1
2173,257,594.00,160.00,46.00,200.00,1,6,-1,-1
2173,245,46.00,172.00,58.00,25.00,1,2,-1,-1
2173,246,438.00,166.00,49.00,21.00,1,2,-1,-1
2173,244,248.00,168.00,61.00,24.00,1,2,-1,-1
2174,257,593.00,161.00,47.00,198.00,1,6,-1,-1
2174,246,437.00,167.00,50.00,21.00,1,2,-1,-1
2174,245,45.00,172.00,59.00,26.00,1,2,-1,-1
2174,244,248.00,169.00,60.00,23.00,1,2,-1,-1
2175,257,592.00,161.00,48.00,199.00,1,6,-1,-1
2175,246,436.00,168.00,50.00,20.00,1,2,-1,-1
2175,245,44.00,172.00,59.00,26.00,1,2,-1,-1
2175,244,247.00,169.00,61.00,24.00,1,2,-1,-1
2176,257,590.00,166.00,50.00,193.00,1,6,-1,-1
2176,244,244.00,170.00,63.00,23.00,1,2,-1,-1
2176,246,434.00,168.00,50.00,21.00,1,2,-1,-1
2176,245,43.00,173.00,59.00,25.00,1,2,-1,-1
2177,257,590.00,165.00,50.00,195.00,1,6,-1,-1
2177,244,243.00,170.00,62.00,24.00,1,2,-1,-1
2177,246,432.00,169.00,51.00,21.00,1,2,-1,-1
2177,245,41.00,174.00,59.00,25.00,1,2,-1,-1
2178,259,539.00,172.00,46.00,18.00,1,2,-1,-1
2178,257,588.00,167.00,52.00,193.00,1,6,-1,-1
2178,244,242.00,171.00,61.00,23.00,1,2,-1,-1
2178,246,431.00,170.00,50.00,20.00,1,2,-1,-1
2178,245,39.00,174.00,59.00,26.00,1,2,-1,-1
2179,257,587.00,167.00,53.00,193.00,1,6,-1,-1
2179,246,428.00,170.00,51.00,22.00,1,2,-1,-1
2179,244,239.00,172.00,62.00,23.00,1,2,-1,-1
2179,245,37.00,174.00,59.00,26.00,1,2,-1,-1
2180,257,586.00,164.00,54.00,196.00,1,6,-1,-1
2180,246,428.00,172.00,49.00,20.00,1,2,-1,-1
2180,245,35.00,175.00,59.00,25.00,1,2,-1,-1
2180,244,238.00,172.00,62.00,24.00,1,2,-1,-1
2181,257,586.00,168.00,54.00,192.00,1,6,-1,-1
2181,246,426.00,172.00,50.00,21.00,1,2,-1,-1
2181,245,34.00,176.00,59.00,25.00,1,2,-1,-1
2181,244,237.00,173.00,61.00,24.00,1,2,-1,-1
2182,257,585.00,165.00,55.00,195.00,1,6,-1,-1
2182,246,424.00,172.00,51.00,21.00,1,2,-1,-1
2182,244,236.00,174.00,61.00,23.00,1,2,-1,-1
2182,245,32.00,176.00,59.00,26.00,1,2,-1,-1
2183,257,585.00,170.00,55.00,190.00,1,6,-1,-1
2183,246,424.00,173.00,50.00,21.00,1,2,-1,-1
2183,244,236.00,174.00,60.00,23.00,1,2,-1,-1
2183,245,31.00,176.00,59.00,25.00,1,2,-1,-1
2184,260,531.00,176.00,46.00,18.00,1,2,-1,-1
2184,257,585.00,168.00,55.00,192.00,1,6,-1,-1
2184,246,422.00,173.00,50.00,21.00,1,2,-1,-1
2184,244,235.00,174.00,60.00,24.00,1,2,-1,-1
2184,245,30.00,176.00,59.00,25.00,1,2,-1,-1
2185,260,530.00,176.00,46.00,19.00,1,2,-1,-1
2185,257,584.00,170.00,56.00,189.00,1,6,-1,-1
2185,246,422.00,174.00,50.00,21.00,1,2,-1,-1
2185,244,234.00,174.00,60.00,24.00,1,2,-1,-1
2185,245,29.00,176.00,59.00,25.00,1,2,-1,-1
2186,261,582.00,204.00,36.00,22.00,1,2,-1,-1
2186,257,584.00,164.00,56.00,194.00,1,6,-1,-1
2186,246,421.00,174.00,50.00,21.00,1,2,-1,-1
2186,244,234.00,175.00,58.00,24.00,1,2,-1,-1
2186,245,27.00,176.00,59.00,26.00,1,2,-1,-1
2187,262,528.00,177.00,44.00,19.00,1,2,-1,-1
2187,257,584.00,166.00,56.00,194.00,1,6,-1,-1
2187,244,232.00,175.00,60.00,24.00,1,2,-1,-1
2187,246,420.00,174.00,50.00,21.00,1,2,-1,-1
2187,245,26.00,176.00,60.00,26.00,1,2,-1,-1
2188,262,526.00,178.00,46.00,19.00,1,2,-1,-1
2188,257,583.00,167.00,57.00,193.00,1,6,-1,-1
2188,246,418.00,175.00,51.00,21.00,1,2,-1,-1
2188,244,230.00,175.00,61.00,24.00,1,2,-1,-1
2188,245,25.00,176.00,60.00,26.00,1,2,-1,-1
2189,257,583.00,167.00,57.00,192.00,1,6,-1,-1
2189,262,526.00,178.00,46.00,19.00,1,2,-1,-1
2189,246,417.00,175.00,51.00,21.00,1,2,-1,-1
2189,244,228.00,175.00,62.00,24.00,1,2,-1,-1
2189,245,24.00,176.00,60.00,26.00,1,2,-1,-1
2190,257,583.00,168.00,57.00,192.00,1,6,-1,-1
2190,246,417.00,175.00,50.00,22.00,1,2,-1,-1
2190,245,24.00,176.00,60.00,26.00,1,2,-1,-1
2190,244,228.00,175.00,62.00,24.00,1,2,-1,-1
2191,257,583.00,169.00,57.00,190.00,1,6,-1,-1
2191,246,416.00,176.00,51.00,22.00,1,2,-1,-1
2191,244,228.00,176.00,61.00,23.00,1,2,-1,-1
2191,245,23.00,176.00,60.00,25.00,1,2,-1,-1
2192,257,583.00,172.00,57.00,187.00,1,6,-1,-1
2192,246,416.00,176.00,50.00,22.00,1,2,-1,-1
2192,244,228.00,176.00,60.00,24.00,1,2,-1,-1
2192,245,22.00,176.00,60.00,26.00,1,2,-1,-1
2193,257,584.00,172.00,56.00,186.00,1,6,-1,-1
2193,246,416.00,176.00,49.00,22.00,1,2,-1,-1
2193,244,228.00,176.00,60.00,24.00,1,2,-1,-1
2193,245,22.00,176.00,59.00,26.00,1,2,-1,-1
2194,257,584.00,172.00,56.00,187.00,1,6,-1,-1
2194,246,415.00,177.00,49.00,21.00,1,2,-1,-1
2194,244,227.00,176.00,60.00,24.00,1,2,-1,-1
2194,245,21.00,176.00,60.00,26.00,1,2,-1,-1
2195,257,584.00,173.00,56.00,186.00,1,6,-1,-1
2195,246,415.00,177.00,49.00,22.00,1,2,-1,-1
2195,244,226.00,176.00,60.00,24.00,1,2,-1,-1
2195,245,21.00,176.00,59.00,25.00,1,2,-1,-1
2196,257,584.00,173.00,56.00,186.00,1,6,-1,-1
2196,246,414.00,177.00,49.00,22.00,1,2,-1,-1
2196,245,20.00,176.00,60.00,26.00,1,2,-1,-1
2196,244,228.00,177.00,58.00,23.00,1,2,-1,-1
2197,257,585.00,174.00,55.00,185.00,1,6,-1,-1
2197,246,413.00,178.00,50.00,22.00,1,2,-1,-1
2197,244,226.00,177.00,59.00,23.00,1,2,-1,-1
2197,245,19.00,176.00,59.00,26.00,1,2,-1,-1
2198,257,585.00,173.00,55.00,186.00,1,6,-1,-1
2198,246,412.00,179.00,50.00,21.00,1,2,-1,-1
2198,244,224.00,177.00,61.00,24.00,1,2,-1,-1
2198,245,19.00,176.00,59.00,26.00,1,2,-1,-1
2199,263,520.00,184.00,44.00,19.00,1,2,-1,-1
2199,257,584.00,173.00,56.00,187.00,1,6,-1,-1
2199,244,224.00,177.00,60.00,24.00,1,2,-1,-1
2199,246,411.00,180.00,50.00,20.00,1,2,-1,-1
2199,245,18.00,176.00,59.00,26.00,1,2,-1,-1
2200,263,520.00,184.00,44.00,19.00,1,2,-1,-1
2200,257,584.00,173.00,56.00,187.00,1,6,-1,-1
2200,246,411.00,180.00,50.00,21.00,1,2,-1,-1
2200,244,224.00,177.00,60.00,25.00,1,2,-1,-1
2200,245,18.00,177.00,59.00,25.00,1,2,-1,-1
2201,263,520.00,184.00,44.00,19.00,1,2,-1,-1
2201,257,586.00,174.00,54.00,186.00,1,6,-1,-1
2201,246,411.00,180.00,50.00,21.00,1,2,-1,-1
2201,244,223.00,178.00,61.00,24.00,1,2,-1,-1
2201,245,18.00,178.00,59.00,25.00,1,2,-1,-1
2202,263,520.00,184.00,44.00,19.00,1,2,-1,-1
2202,257,585.00,174.00,55.00,186.00,1,6,-1,-1
2202,246,410.00,180.00,50.00,21.00,1,2,-1,-1
2202,244,222.00,178.00,62.00,24.00,1,2,-1,-1
2202,245,17.00,178.00,59.00,25.00,1,2,-1,-1
2203,263,518.00,184.00,46.00,19.00,1,2,-1,-1
2203,257,586.00,175.00,54.00,185.00,1,6,-1,-1
2203,246,410.00,181.00,50.00,21.00,1,2,-1,-1
2203,244,221.00,178.00,61.00,24.00,1,2,-1,-1
2203,245,16.00,178.00,60.00,26.00,1,2,-1,-1
2204,257,586.00,174.00,54.00,186.00,1,6,-1,-1
2204,246,410.00,181.00,50.00,21.00,1,2,-1,-1
2204,244,220.00,178.00,62.00,25.00,1,2,-1,-1
2204,245,16.00,179.00,59.00,26.00,1,2,-1,-1
2205,257,587.00,174.00,53.00,186.00,1,6,-1,-1
2205,246,409.00,181.00,50.00,21.00,1,2,-1,-1
2205,245,16.00,180.00,59.00,25.00,1,2,-1,-1
2205,244,220.00,180.00,61.00,24.00,1,2,-1,-1
2206,264,516.00,185.00,46.00,19.00,1,2,-1,-1
2206,257,588.00,175.00,52.00,184.00,1,6,-1,-1
2206,245,16.00,180.00,58.00,26.00,1,2,-1,-1
2206,246,409.00,182.00,49.00,20.00,1,2,-1,-1
2206,244,220.00,180.00,61.00,24.00,1,2,-1,-1
2207,257,587.00,176.00,53.00,184.00,1,6,-1,-1
2207,246,408.00,183.00,50.00,20.00,1,2,-1,-1
2207,245,15.00,181.00,59.00,26.00,1,2,-1,-1
2207,244,220.00,181.00,61.00,24.00,1,2,-1,-1
2208,265,580.00,214.00,38.00,23.00,1,1,-1,-1
2208,257,586.00,176.00,54.00,184.00,1,6,-1,-1
2208,246,408.00,183.00,50.00,20.00,1,2,-1,-1
2208,245,15.00,182.00,59.00,25.00,1,2,-1,-1
2208,244,220.00,182.00,60.00,24.00,1,2,-1,-1
2209,257,588.00,177.00,52.00,183.00,1,6,-1,-1
2209,246,408.00,184.00,50.00,20.00,1,2,-1,-1
2209,244,220.00,182.00,60.00,24.00,1,2,-1,-1
2209,245,14.00,183.00,60.00,25.00,1,2,-1,-1
2210,266,580.00,215.00,37.00,22.00,1,1,-1,-1
2210,257,589.00,177.00,51.00,183.00,1,6,-1,-1
2210,246,408.00,184.00,49.00,20.00,1,2,-1,-1
2210,244,220.00,183.00,60.00,23.00,1,2,-1,-1
2210,245,14.00,183.00,60.00,26.00,1,2,-1,-1
2211,266,580.00,214.00,38.00,21.00,1,1,-1,-1
2211,257,590.00,176.00,50.00,184.00,1,6,-1,-1
2211,246,408.00,184.00,49.00,20.00,1,2,-1,-1
2211,244,220.00,183.00,60.00,23.00,1,2,-1,-1
2211,245,14.00,184.00,60.00,24.00,1,2,-1,-1
2212,257,587.00,176.00,53.00,184.00,1,6,-1,-1
2212,246,408.00,183.00,49.00,20.00,1,2,-1,-1
2212,244,220.00,182.00,60.00,24.00,1,2,-1,-1
2212,245,14.00,184.00,60.00,25.00,1,2,-1,-1
2213,267,516.00,185.00,44.00,19.00,1,2,-1,-1
2213,257,588.00,172.00,52.00,188.00,1,6,-1,-1
2213,246,408.00,182.00,49.00,21.00,1,2,-1,-1
2213,244,219.00,182.00,61.00,24.00,1,2,-1,-1
2213,245,14.00,183.00,60.00,25.00,1,2,-1,-1
2214,267,515.00,183.00,45.00,20.00,1,2,-1,-1
2214,257,588.00,170.00,52.00,189.00,1,6,-1,-1
2214,246,406.00,181.00,50.00,21.00,1,2,-1,-1
2214,244,219.00,181.00,60.00,24.00,1,2,-1,-1
2214,245,14.00,183.00,59.00,25.00,1,2,-1,-1
2215,257,587.00,166.00,53.00,194.00,1,6,-1,-1
2215,246,407.00,179.00,49.00,21.00,1,2,-1,-1
2215,245,14.00,182.00,59.00,24.00,1,2,-1,-1
2215,244,218.00,180.00,60.00,22.00,1,2,-1,-1
2216,257,592.00,161.00,48.00,199.00,1,6,-1,-1
2216,246,406.00,175.00,50.00,22.00,1,2,-1,-1
2216,244,219.00,177.00,59.00,23.00,1,2,-1,-1
2216,245,14.00,179.00,59.00,25.00,1,2,-1,-1
2217,268,514.00,175.00,46.00,19.00,1,2,-1,-1
2217,257,587.00,162.00,53.00,197.00,1,6,-1,-1
2217,246,405.00,172.00,51.00,22.00,1,2,-1,-1
2217,244,218.00,174.00,61.00,22.00,1,2,-1,-1
2217,245,12.00,176.00,60.00,26.00,1,2,-1,-1
2218,269,50.00,165.00,36.00,20.00,1,2,-1,-1
2218,257,586.00,160.00,54.00,198.00,1,6,-1,-1
2218,244,219.00,169.00,59.00,26.00,1,2,-1,-1
2218,246,405.00,170.00,50.00,21.00,1,2,-1,-1
2218,245,12.00,174.00,59.00,25.00,1,2,-1,-1
2219,257,586.00,148.00,54.00,210.00,1,6,-1,-1
2219,269,48.00,164.00,38.00,20.00,1,2,-1,-1
2219,246,404.00,162.00,51.00,28.00,1,2,-1,-1
2219,244,217.00,165.00,62.00,28.00,1,2,-1,-1
2219,245,11.00,171.00,59.00,26.00,1,2,-1,-1
2220,257,586.00,152.00,54.00,206.00,1,6,-1,-1
2220,246,398.00,154.00,54.00,32.00,1,2,-1,-1
2220,269,52.00,164.00,37.00,20.00,1,2,-1,-1
2220,244,218.00,160.00,62.00,31.00,1,2,-1,-1
2220,245,8.00,170.00,62.00,26.00,1,2,-1,-1
2221,245,8.00,169.00,62.00,23.00,1,2,-1,-1
2221,244,216.00,160.00,64.00,30.00,1,2,-1,-1
2221,269,43.00,164.00,47.00,21.00,1,2,-1,-1
2221,246,400.00,157.00,50.00,25.00,1,2,-1,-1
2222,270,576.00,190.00,36.00,23.00,1,8,-1,-1
2222,269,40.00,164.00,52.00,22.00,1,2,-1,-1
2222,244,232.00,158.00,52.00,24.00,1,2,-1,-1
2222,246,402.00,157.00,47.00,19.00,1,2,-1,-1
2223,269,34.00,164.00,60.00,22.00,1,2,-1,-1
2223,244,233.00,157.00,53.00,25.00,1,2,-1,-1
2223,246,400.00,156.00,50.00,20.00,1,2,-1,-1
2224,246,402.00,156.00,51.00,20.00,1,2,-1,-1
2224,269,39.00,161.00,73.00,25.00,1,2,-1,-1
2224,244,236.00,158.00,51.00,23.00,1,2,-1,-1
2225,246,405.00,156.00,48.00,20.00,1,2,-1,-1
2225,244,236.00,158.00,52.00,23.00,1,2,-1,-1
2225,269,44.00,164.00,53.00,22.00,1,2,-1,-1
2226,244,238.00,158.00,51.00,24.00,1,2,-1,-1
2226,246,406.00,157.00,47.00,20.00,1,2,-1,-1
2226,269,44.00,161.00,69.00,25.00,1,2,-1,-1
2227,246,407.00,157.00,47.00,20.00,1,2,-1,-1
2227,244,238.00,158.00,52.00,24.00,1,2,-1,-1
2227,269,44.00,164.00,54.00,22.00,1,2,-1,-1
2228,246,408.00,158.00,46.00,20.00,1,2,-1,-1
2228,244,238.00,158.00,52.00,24.00,1,2,-1,-1
2228,269,46.00,164.00,60.00,23.00,1,2,-1,-1
2229,271,513.00,157.00,36.00,19.00,1,2,-1,-1
2229,246,409.00,158.00,46.00,20.00,1,2,-1,-1
2229,269,33.00,165.00,66.00,22.00,1,2,-1,-1
2229,244,238.00,159.00,53.00,24.00,1,2,-1,-1
2230,271,514.00,158.00,36.00,19.00,1,2,-1,-1
2230,246,410.00,159.00,46.00,20.00,1,2,-1,-1
2230,269,33.00,166.00,69.00,21.00,1,2,-1,-1
2230,244,240.00,160.00,52.00,23.00,1,2,-1,-1
2231,271,514.00,158.00,36.00,19.00,1,2,-1,-1
2231,246,409.00,160.00,48.00,19.00,1,2,-1,-1
2231,244,241.00,161.00,52.00,23.00,1,2,-1,-1
2231,269,48.00,166.00,53.00,22.00,1,2,-1,-1
2232,246,409.00,161.00,48.00,19.00,1,2,-1,-1
2232,244,241.00,161.00,53.00,23.00,1,2,-1,-1
2232,269,45.00,166.00,57.00,22.00,1,2,-1,-1
2233,272,516.00,159.00,36.00,19.00,1,2,-1,-1
2233,246,410.00,162.00,48.00,18.00,1,2,-1,-1
2233,244,242.00,162.00,52.00,23.00,1,2,-1,-1
2233,269,50.00,166.00,52.00,23.00,1,2,-1,-1
2234,272,517.00,160.00,40.00,19.00,1,2,-1,-1
2234,246,411.00,162.00,47.00,19.00,1,2,-1,-1
2234,244,242.00,162.00,53.00,23.00,1,2,-1,-1
2234,269,51.00,166.00,52.00,23.00,1,2,-1,-1
2235,272,518.00,160.00,38.00,19.00,1,2,-1,-1
2235,246,412.00,162.00,47.00,19.00,1,2,-1,-1
2235,244,243.00,162.00,52.00,23.00,1,2,-1,-1
2235,269,52.00,167.00,51.00,22.00,1,2,-1,-1
2236,272,518.00,161.00,38.00,19.00,1,2,-1,-1
2236,244,244.00,162.00,52.00,23.00,1,2,-1,-1
2236,246,414.00,163.00,46.00,19.00,1,2,-1,-1
2236,269,53.00,167.00,51.00,22.00,1,2,-1,-1
2237,272,518.00,162.00,36.00,18.00,1,2,-1,-1
2237,244,245.00,163.00,52.00,22.00,1,2,-1,-1
2237,246,414.00,163.00,46.00,19.00,1,2,-1,-1
2237,269,54.00,167.00,51.00,22.00,1,2,-1,-1
2238,272,520.00,162.00,36.00,19.00,1,2,-1,-1
2238,244,245.00,162.00,53.00,24.00,1,2,-1,-1
2238,246,414.00,163.00,47.00,19.00,1,2,-1,-1
2238,269,55.00,167.00,51.00,22.00,1,2,-1,-1
2239,272,520.00,164.00,35.00,17.00,1,2,-1,-1
2239,244,245.00,164.00,54.00,22.00,1,2,-1,-1
2239,246,414.00,164.00,48.00,19.00,1,2,-1,-1
2239,269,56.00,167.00,50.00,22.00,1,2,-1,-1
2240,272,520.00,163.00,36.00,18.00,1,2,-1,-1
2240,246,415.00,164.00,47.00,19.00,1,2,-1,-1
2240,244,246.00,163.00,54.00,23.00,1,2,-1,-1
2240,269,56.00,167.00,51.00,22.00,1,2,-1,-1
2241,272,521.00,164.00,35.00,17.00,1,2,-1,-1
2241,244,248.00,164.00,52.00,22.00,1,2,-1,-1
2241,246,416.00,164.00,46.00,18.00,1,2,-1,-1
2241,269,57.00,167.00,50.00,22.00,1,2,-1,-1
2242,244,248.00,164.00,52.00,22.00,1,2,-1,-1
2242,246,417.00,164.00,46.00,18.00,1,2,-1,-1
2242,269,57.00,167.00,51.00,22.00,1,2,-1,-1
2243,273,522.00,164.00,34.00,18.00,1,2,-1,-1
2243,246,417.00,165.00,46.00,17.00,1,2,-1,-1
2243,244,248.00,164.00,53.00,22.00,1,2,-1,-1
2243,269,58.00,167.00,50.00,22.00,1,2,-1,-1
2244,244,249.00,164.00,52.00,22.00,1,2,-1,-1
2244,246,417.00,165.00,47.00,17.00,1,2,-1,-1
2244,269,58.00,167.00,51.00,22.00,1,2,-1,-1
2245,274,522.00,164.00,34.00,18.00,1,2,-1,-1
2245,244,249.00,164.00,52.00,23.00,1,2,-1,-1
2245,246,417.00,165.00,47.00,18.00,1,2,-1,-1
2245,269,58.00,167.00,51.00,22.00,1,2,-1,-1
2246,274,522.00,165.00,34.00,18.00,1,2,-1,-1
2246,244,250.00,164.00,51.00,23.00,1,2,-1,-1
2246,246,418.00,166.00,46.00,17.00,1,2,-1,-1
2246,269,58.00,167.00,51.00,22.00,1,2,-1,-1
2247,274,523.00,165.00,34.00,18.00,1,2,-1,-1
2247,244,250.00,165.00,51.00,22.00,1,2,-1,-1
2247,246,418.00,166.00,47.00,17.00,1,2,-1,-1
2247,269,59.00,167.00,51.00,22.00,1,2,-1,-1
2248,274,524.00,165.00,30.00,17.00,1,2,-1,-1
2248,246,418.00,166.00,46.00,18.00,1,2,-1,-1
2248,244,250.00,165.00,51.00,21.00,1,2,-1,-1
2248,269,59.00,167.00,51.00,22.00,1,2,-1,-1
2249,274,522.00,166.00,34.00,17.00,1,2,-1,-1
2249,246,418.00,166.00,46.00,18.00,1,2,-1,-1
2249,244,251.00,165.00,50.00,22.00,1,2,-1,-1
2249,269,59.00,167.00,51.00,22.00,1,2,-1,-1
2250,274,523.00,165.00,34.00,19.00,1,2,-1,-1
2250,244,251.00,166.00,50.00,21.00,1,2,-1,-1
2250,246,418.00,166.00,47.00,18.00,1,2,-1,-1
2250,269,60.00,167.00,50.00,23.00,1,2,-1,-1
2251,274,523.00,166.00,32.00,17.00,1,2,-1,-1
2251,244,252.00,166.00,50.00,21.00,1,2,-1,-1
2251,246,418.00,166.00,47.00,18.00,1,2,-1,-1
2251,269,59.00,168.00,51.00,22.00,1,2,-1,-1
2252,274,522.00,166.00,36.00,18.00,1,2,-1,-1
2252,244,251.00,166.00,51.00,22.00,1,2,-1,-1
2252,246,417.00,167.00,48.00,17.00,1,2,-1,-1
2252,269,59.00,168.00,51.00,22.00,1,2,-1,-1
2253,274,522.00,166.00,36.00,18.00,1,2,-1,-1
2253,244,251.00,166.00,51.00,22.00,1,2,-1,-1
2253,246,418.00,167.00,46.00,18.00,1,2,-1,-1
2253,269,59.00,168.00,51.00,22.00,1,2,-1,-1
2254,274,522.00,166.00,35.00,18.00,1,2,-1,-1
2254,244,251.00,166.00,51.00,22.00,1,2,-1,-1
2254,246,418.00,167.00,46.00,17.00,1,2,-1,-1
2254,269,59.00,168.00,51.00,23.00,1,2,-1,-1
2255,274,522.00,166.00,36.00,18.00,1,2,-1,-1
2255,244,251.00,167.00,51.00,21.00,1,2,-1,-1
2255,246,418.00,168.00,46.00,17.00,1,2,-1,-1
2255,269,59.00,169.00,51.00,22.00,1,2,-1,-1
2256,274,521.00,167.00,32.00,17.00,1,2,-1,-1
2256,246,416.00,168.00,47.00,17.00,1,2,-1,-1
2256,244,250.00,167.00,51.00,22.00,1,2,-1,-1
2256,269,57.00,169.00,52.00,22.00,1,2,-1,-1
2257,274,520.00,168.00,35.00,17.00,1,2,-1,-1
2257,244,250.00,168.00,50.00,22.00,1,2,-1,-1
2257,246,416.00,169.00,46.00,17.00,1,2,-1,-1
2257,269,56.00,169.00,52.00,23.00,1,2,-1,-1
2258,274,520.00,168.00,33.00,17.00,1,2,-1,-1
2258,244,250.00,168.00,50.00,22.00,1,2,-1,-1
2258,246,416.00,169.00,46.00,17.00,1,2,-1,-1
2258,269,56.00,170.00,52.00,22.00,1,2,-1,-1
2259,274,520.00,168.00,32.00,17.00,1,2,-1,-1
2259,244,250.00,168.00,50.00,22.00,1,2,-1,-1
2259,246,416.00,169.00,46.00,17.00,1,2,-1,-1
2259,269,56.00,170.00,52.00,22.00,1,2,-1,-1
2260,274,520.00,168.00,34.00,18.00,1,2,-1,-1
2260,246,416.00,169.00,45.00,17.00,1,2,-1,-1
2260,244,249.00,169.00,51.00,21.00,1,2,-1,-1
2260,269,56.00,170.00,52.00,22.00,1,2,-1,-1
2261,274,518.00,169.00,34.00,17.00,1,2,-1,-1
2261,246,415.00,170.00,46.00,17.00,1,2,-1,-1
2261,244,248.00,169.00,52.00,22.00,1,2,-1,-1
2261,269,56.00,170.00,52.00,22.00,1,2,-1,-1
2262,274,518.00,169.00,40.00,17.00,1,2,-1,-1
2262,244,249.00,169.00,51.00,22.00,1,2,-1,-1
2262,246,414.00,170.00,47.00,18.00,1,2,-1,-1
2262,269,57.00,171.00,51.00,22.00,1,2,-1,-1
2263,274,518.00,169.00,40.00,18.00,1,2,-1,-1
2263,244,249.00,169.00,50.00,22.00,1,2,-1,-1
2263,246,415.00,169.00,46.00,19.00,1,2,-1,-1
2263,269,57.00,171.00,51.00,22.00,1,2,-1,-1
2264,274,518.00,170.00,42.00,17.00,1,2,-1,-1
2264,244,249.00,169.00,51.00,22.00,1,2,-1,-1
2264,246,415.00,170.00,46.00,18.00,1,2,-1,-1
2264,269,57.00,171.00,52.00,22.00,1,2,-1,-1
2265,274,518.00,170.00,40.00,17.00,1,2,-1,-1
2265,244,250.00,169.00,50.00,22.00,1,2,-1,-1
2265,246,415.00,170.00,46.00,18.00,1,2,-1,-1
2265,269,57.00,171.00,52.00,22.00,1,2,-1,-1
2266,274,518.00,170.00,40.00,17.00,1,2,-1,-1
2266,244,250.00,170.00,50.00,22.00,1,2,-1,-1
2266,246,415.00,170.00,46.00,18.00,1,2,-1,-1
2266,269,58.00,171.00,51.00,22.00,1,2,-1,-1
2267,244,250.00,170.00,50.00,22.00,1,2,-1,-1
2267,246,416.00,170.00,45.00,18.00,1,2,-1,-1
2267,269,57.00,172.00,52.00,22.00,1,2,-1,-1
2268,244,250.00,170.00,50.00,22.00,1,2,-1,-1
2268,246,415.00,170.00,46.00,19.00,1,2,-1,-1
2268,269,57.00,171.00,52.00,23.00,1,2,-1,-1
2269,244,250.00,171.00,50.00,21.00,1,2,-1,-1
2269,246,416.00,171.00,45.00,17.00,1,2,-1,-1
2269,269,58.00,172.00,51.00,22.00,1,2,-1,-1
2270,275,517.00,172.00,43.00,17.00,1,2,-1,-1
2270,244,250.00,171.00,50.00,21.00,1,2,-1,-1
2270,246,415.00,170.00,46.00,19.00,1,2,-1,-1
2270,269,58.00,172.00,51.00,22.00,1,2,-1,-1
2271,244,250.00,171.00,50.00,21.00,1,2,-1,-1
2271,246,416.00,171.00,45.00,18.00,1,2,-1,-1
2271,269,58.00,172.00,51.00,23.00,1,2,-1,-1
2272,244,250.00,171.00,50.00,21.00,1,2,-1,-1
2272,246,416.00,171.00,45.00,18.00,1,2,-1,-1
2272,269,58.00,173.00,51.00,22.00,1,2,-1,-1
2273,276,518.00,171.00,42.00,17.00,1,2,-1,-1
2273,244,251.00,171.00,49.00,22.00,1,2,-1,-1
2273,246,416.00,171.00,45.00,18.00,1,2,-1,-1
2273,269,59.00,173.00,51.00,22.00,1,2,-1,-1
2274,244,251.00,171.00,49.00,21.00,1,2,-1,-1
2274,246,416.00,171.00,45.00,18.00,1,2,-1,-1
2274,269,59.00,173.00,51.00,23.00,1,2,-1,-1
2275,244,250.00,171.00,51.00,22.00,1,2,-1,-1
2275,246,416.00,172.00,46.00,17.00,1,2,-1,-1
2275,269,59.00,173.00,51.00,23.00,1,2,-1,-1
2276,277,519.00,170.00,39.00,18.00,1,2,-1,-1
2276,244,251.00,172.00,50.00,21.00,1,2,-1,-1
2276,246,416.00,172.00,46.00,17.00,1,2,-1,-1
2276,269,59.00,174.00,51.00,22.00,1,2,-1,-1
2277,277,519.00,171.00,42.00,17.00,1,2,-1,-1
2277,269,60.00,175.00,51.00,21.00,1,2,-1,-1
2277,244,251.00,172.00,50.00,21.00,1,2,-1,-1
2277,246,416.00,172.00,46.00,17.00,1,2,-1,-1
2278,277,519.00,171.00,42.00,17.00,1,2,-1,-1
2278,269,60.00,175.00,51.00,21.00,1,2,-1,-1
2278,244,251.00,172.00,50.00,21.00,1,2,-1,-1
2278,246,416.00,172.00,46.00,17.00,1,2,-1,-1
2279,277,520.00,171.00,42.00,17.00,1,2,-1,-1
2279,269,61.00,175.00,51.00,21.00,1,2,-1,-1
2279,244,252.00,172.00,50.00,21.00,1,2,-1,-1
2279,246,417.00,172.00,45.00,16.00,1,2,-1,-1
2280,269,62.00,175.00,51.00,22.00,1,2,-1,-1
2280,246,418.00,172.00,45.00,17.00,1,2,-1,-1
2280,244,252.00,172.00,50.00,21.00,1,2,-1,-1
2281,278,521.00,171.00,41.00,16.00,1,2,-1,-1
2281,269,64.00,176.00,50.00,22.00,1,2,-1,-1
2281,244,254.00,172.00,49.00,22.00,1,2,-1,-1
2281,246,419.00,172.00,45.00,17.00,1,2,-1,-1
2282,244,255.00,172.00,51.00,22.00,1,2,-1,-1
2282,246,421.00,172.00,45.00,17.00,1,2,-1,-1
2282,269,65.00,176.00,51.00,21.00,1,2,-1,-1
2283,244,258.00,172.00,50.00,22.00,1,2,-1,-1
2283,246,424.00,171.00,45.00,18.00,1,2,-1,-1
2283,269,69.00,176.00,50.00,22.00,1,2,-1,-1
2284,244,262.00,172.00,50.00,22.00,1,2,-1,-1
2284,269,73.00,176.00,51.00,22.00,1,2,-1,-1
2284,246,428.00,171.00,45.00,18.00,1,2,-1,-1
2285,269,76.00,176.00,52.00,23.00,1,2,-1,-1
2285,244,267.00,172.00,50.00,22.00,1,2,-1,-1
2285,246,432.00,171.00,45.00,17.00,1,2,-1,-1
2286,279,539.00,170.00,35.00,17.00,1,2,-1,-1
2286,244,271.00,172.00,51.00,22.00,1,2,-1,-1
2286,246,437.00,171.00,45.00,18.00,1,2,-1,-1
2286,269,82.00,176.00,50.00,22.00,1,2,-1,-1
2287,279,543.00,170.00,39.00,16.00,1,2,-1,-1
2287,246,441.00,171.00,46.00,17.00,1,2,-1,-1
2287,269,87.00,177.00,50.00,21.00,1,2,-1,-1
2287,244,276.00,172.00,50.00,22.00,1,2,-1,-1
2288,279,548.00,169.00,40.00,17.00,1,2,-1,-1
2288,244,279.00,173.00,52.00,21.00,1,2,-1,-1
2288,269,91.00,177.00,51.00,22.00,1,2,-1,-1
2288,246,446.00,171.00,45.00,18.00,1,2,-1,-1
2289,279,552.00,169.00,44.00,18.00,1,2,-1,-1
2289,244,284.00,172.00,50.00,22.00,1,2,-1,-1
2289,246,449.00,171.00,47.00,17.00,1,2,-1,-1
2289,269,97.00,177.00,49.00,22.00,1,2,-1,-1
2290,244,287.00,173.00,52.00,21.00,1,2,-1,-1
2290,246,454.00,171.00,45.00,17.00,1,2,-1,-1
2290,269,100.00,177.00,50.00,22.00,1,2,-1,-1
2291,280,560.00,168.00,43.00,18.00,1,2,-1,-1
2291,246,457.00,170.00,46.00,18.00,1,2,-1,-1
2291,244,292.00,172.00,51.00,22.00,1,2,-1,-1
2291,269,105.00,177.00,49.00,22.00,1,2,-1,-1
2292,280,564.00,169.00,45.00,18.00,1,2,-1,-1
2292,244,294.00,173.00,53.00,21.00,1,2,-1,-1
2292,246,461.00,170.00,45.00,18.00,1,2,-1,-1
2292,269,108.00,177.00,50.00,22.00,1,2,-1,-1
2293,280,566.00,169.00,43.00,17.00,1,2,-1,-1
2293,244,298.00,172.00,51.00,22.00,1,2,-1,-1
2293,246,464.00,170.00,46.00,18.00,1,2,-1,-1
2293,269,111.00,177.00,50.00,22.00,1,2,-1,-1
2294,244,300.00,173.00,52.00,21.00,1,2,-1,-1
2294,246,466.00,170.00,46.00,18.00,1,2,-1,-1
2294,269,114.00,177.00,49.00,22.00,1,2,-1,-1
2295,281,572.00,169.00,45.00,17.00,1,2,-1,-1
2295,244,303.00,173.00,51.00,21.00,1,2,-1,-1
2295,269,116.00,177.00,50.00,22.00,1,2,-1,-1
2295,246,469.00,170.00,46.00,18.00,1,2,-1,-1
2296,281,573.00,168.00,46.00,19.00,1,2,-1,-1
2296,244,304.00,173.00,51.00,21.00,1,2,-1,-1
2296,246,471.00,170.00,45.00,18.00,1,2,-1,-1
2296,269,118.00,177.00,50.00,22.00,1,2,-1,-1
2297,281,574.00,168.00,42.00,18.00,1,2,-1,-1
2297,246,472.00,170.00,46.00,18.00,1,2,-1,-1
2297,244,306.00,173.00,51.00,20.00,1,2,-1,-1
2297,269,119.00,177.00,51.00,22.00,1,2,-1,-1
2298,281,576.00,168.00,42.00,18.00,1,2,-1,-1
2298,246,473.00,170.00,45.00,18.00,1,2,-1,-1
2298,244,308.00,173.00,50.00,21.00,1,2,-1,-1
2298,269,121.00,177.00,50.00,22.00,1,2,-1,-1
2299,281,577.00,169.00,40.00,17.00,1,2,-1,-1
2299,246,474.00,170.00,46.00,18.00,1,2,-1,-1
2299,244,309.00,173.00,50.00,20.00,1,2,-1,-1
2299,269,122.00,177.00,50.00,22.00,1,2,-1,-1
2300,281,578.00,168.00,35.00,18.00,1,2,-1,-1
2300,244,309.00,173.00,51.00,21.00,1,2,-1,-1
2300,246,475.00,171.00,45.00,18.00,1,2,-1,-1
2300,269,123.00,177.00,49.00,22.00,1,2,-1,-1
2301,281,578.00,169.00,46.00,17.00,1,2,-1,-1
2301,244,310.00,173.00,51.00,21.00,1,2,-1,-1
2301,246,476.00,170.00,46.00,19.00,1,2,-1,-1
2301,269,123.00,177.00,50.00,22.00,1,2,-1,-1
2302,281,579.00,168.00,44.00,18.00,1,2,-1,-1
2302,244,310.00,173.00,51.00,21.00,1,2,-1,-1
2302,246,476.00,170.00,46.00,19.00,1,2,-1,-1
2302,269,124.00,178.00,50.00,22.00,1,2,-1,-1
2303,281,579.00,168.00,44.00,18.00,1,2,-1,-1
2303,244,311.00,174.00,51.00,20.00,1,2,-1,-1
2303,246,476.00,170.00,46.00,18.00,1,2,-1,-1
2303,269,124.00,178.00,50.00,22.00,1,2,-1,-1
2304,281,580.00,169.00,44.00,17.00,1,2,-1,-1
2304,244,311.00,174.00,51.00,20.00,1,2,-1,-1
2304,246,476.00,171.00,46.00,18.00,1,2,-1,-1
2304,269,125.00,178.00,49.00,22.00,1,2,-1,-1
2305,281,580.00,168.00,44.00,18.00,1,2,-1,-1
2305,244,311.00,174.00,51.00,20.00,1,2,-1,-1
2305,269,125.00,178.00,49.00,22.00,1,2,-1,-1
2305,246,476.00,171.00,46.00,18.00,1,2,-1,-1
2306,281,579.00,168.00,41.00,18.00,1,2,-1,-1
2306,269,125.00,178.00,49.00,22.00,1,2,-1,-1
2306,244,310.00,174.00,52.00,21.00,1,2,-1,-1
2306,246,476.00,170.00,46.00,19.00,1,2,-1,-1
2307,281,578.00,169.00,46.00,18.00,1,2,-1,-1
2307,269,124.00,178.00,50.00,22.00,1,2,-1,-1
2307,244,311.00,174.00,51.00,21.00,1,2,-1,-1
2307,246,476.00,170.00,46.00,19.00,1,2,-1,-1
2308,281,578.00,169.00,42.00,18.00,1,2,-1,-1
2308,269,124.00,178.00,49.00,22.00,1,2,-1,-1
2308,244,312.00,174.00,49.00,21.00,1,2,-1,-1
2308,246,476.00,170.00,45.00,19.00,1,2,-1,-1
2309,244,312.00,174.00,48.00,21.00,1,2,-1,-1
2309,246,476.00,171.00,44.00,18.00,1,2,-1,-1
2309,269,124.00,178.00,49.00,22.00,1,2,-1,-1
2310,282,577.00,169.00,42.00,17.00,1,2,-1,-1
2310,246,473.00,170.00,46.00,18.00,1,2,-1,-1
2310,244,311.00,174.00,48.00,21.00,1,2,-1,-1
2310,269,123.00,178.00,49.00,22.00,1,2,-1,-1
2311,283,0.00,170.00,10.00,10.00,1,2,-1,-1
2311,282,576.00,169.00,44.00,18.00,1,2,-1,-1
2311,246,473.00,170.00,45.00,19.00,1,2,-1,-1
2311,244,310.00,174.00,49.00,21.00,1,2,-1,-1
2311,269,122.00,178.00,50.00,22.00,1,2,-1,-1
2312,282,574.00,169.00,45.00,18.00,1,2,-1,-1
2312,244,308.00,174.00,49.00,21.00,1,2,-1,-1
2312,246,472.00,170.00,44.00,19.00,1,2,-1,-1
2312,269,120.00,178.00,49.00,22.00,1,2,-1,-1
2313,282,572.00,168.00,42.00,18.00,1,2,-1,-1
2313,269,119.00,179.00,48.00,21.00,1,2,-1,-1
2313,244,307.00,175.00,48.00,20.00,1,2,-1,-1
2313,246,470.00,170.00,45.00,19.00,1,2,-1,-1
2314,282,570.00,168.00,44.00,19.00,1,2,-1,-1
2314,246,468.00,170.00,45.00,19.00,1,2,-1,-1
2314,244,305.00,174.00,49.00,21.00,1,2,-1,-1
2314,269,117.00,178.00,49.00,22.00,1,2,-1,-1
2315,282,568.00,169.00,44.00,18.00,1,2,-1,-1
2315,244,302.00,175.00,50.00,20.00,1,2,-1,-1
2315,246,465.00,170.00,46.00,19.00,1,2,-1,-1
2315,269,115.00,179.00,49.00,21.00,1,2,-1,-1
2316,282,566.00,168.00,44.00,19.00,1,2,-1,-1
2316,244,301.00,175.00,49.00,20.00,1,2,-1,-1
2316,246,463.00,170.00,45.00,19.00,1,2,-1,-1
2316,269,113.00,179.00,49.00,21.00,1,2,-1,-1
2317,282,564.00,168.00,44.00,19.00,1,2,-1,-1
2317,244,300.00,175.00,48.00,20.00,1,2,-1,-1
2317,246,462.00,170.00,45.00,19.00,1,2,-1,-1
2317,269,112.00,179.00,48.00,21.00,1,2,-1,-1
2318,282,562.00,168.00,44.00,18.00,1,2,-1,-1
2318,244,299.00,174.00,47.00,21.00,1,2,-1,-1
2318,246,460.00,170.00,45.00,19.00,1,2,-1,-1
2318,269,110.00,178.00,48.00,22.00,1,2,-1,-1
2319,282,559.00,169.00,44.00,17.00,1,2,-1,-1
2319,246,457.00,170.00,45.00,19.00,1,2,-1,-1
2319,244,294.00,175.00,50.00,20.00,1,2,-1,-1
2319,269,107.00,179.00,49.00,21.00,1,2,-1,-1
2320,282,558.00,168.00,39.00,18.00,1,2,-1,-1
2320,246,455.00,170.00,46.00,19.00,1,2,-1,-1
2320,244,292.00,175.00,50.00,20.00,1,2,-1,-1
2320,269,106.00,179.00,48.00,21.00,1,2,-1,-1
2321,282,555.00,168.00,40.00,18.00,1,2,-1,-1
2321,246,454.00,170.00,44.00,18.00,1,2,-1,-1
2321,244,290.00,174.00,50.00,21.00,1,2,-1,-1
2321,269,104.00,179.00,48.00,21.00,1,2,-1,-1
2322,282,554.00,168.00,40.00,18.00,1,2,-1,-1
2322,246,452.00,170.00,45.00,18.00,1,2,-1,-1
2322,244,288.00,174.00,50.00,21.00,1,2,-1,-1
2322,269,102.00,179.00,48.00,21.00,1,2,-1,-1
2323,282,551.00,168.00,42.00,18.00,1,2,-1,-1
2323,246,450.00,170.00,45.00,18.00,1,2,-1,-1
2323,244,286.00,175.00,51.00,20.00,1,2,-1,-1
2323,269,100.00,179.00,49.00,21.00,1,2,-1,-1
2324,282,548.00,168.00,44.00,18.00,1,2,-1,-1
2324,246,448.00,170.00,45.00,18.00,1,2,-1,-1
2324,244,285.00,174.00,50.00,21.00,1,2,-1,-1
2324,269,98.00,179.00,49.00,21.00,1,2,-1,-1
2325,282,547.00,168.00,42.00,18.00,1,2,-1,-1
2325,246,447.00,170.00,44.00,18.00,1,2,-1,-1
2325,244,284.00,175.00,49.00,20.00,1,2,-1,-1
2325,269,96.00,179.00,49.00,21.00,1,2,-1,-1
2326,282,545.00,168.00,42.00,18.00,1,2,-1,-1
2326,246,445.00,170.00,43.00,18.00,1,2,-1,-1
2326,244,280.00,174.00,52.00,22.00,1,2,-1,-1
2326,269,94.00,179.00,49.00,21.00,1,2,-1,-1
2327,282,544.00,168.00,42.00,18.00,1,2,-1,-1
2327,246,443.00,170.00,44.00,18.00,1,2,-1,-1
2327,244,279.00,174.00,51.00,21.00,1,2,-1,-1
2327,269,92.00,179.00,49.00,21.00,1,2,-1,-1
2328,282,541.00,169.00,34.00,17.00,1,2,-1,-1
2328,246,440.00,170.00,45.00,18.00,1,2,-1,-1
2328,244,277.00,174.00,50.00,21.00,1,2,-1,-1
2328,269,90.00,179.00,49.00,21.00,1,2,-1,-1
2329,282,538.00,168.00,40.00,18.00,1,2,-1,-1
2329,244,275.00,175.00,51.00,20.00,1,2,-1,-1
2329,246,438.00,170.00,44.00,18.00,1,2,-1,-1
2329,269,88.00,180.00,49.00,20.00,1,2,-1,-1
2330,282,535.00,168.00,41.00,18.00,1,2,-1,-1
2330,246,435.00,170.00,45.00,18.00,1,2,-1,-1
2330,244,272.00,174.00,50.00,21.00,1,2,-1,-1
2330,269,84.00,179.00,50.00,22.00,1,2,-1,-1
2331,282,533.00,168.00,43.00,18.00,1,2,-1,-1
2331,246,432.00,170.00,45.00,18.00,1,2,-1,-1
2331,244,270.00,175.00,51.00,20.00,1,2,-1,-1
2331,269,82.00,179.00,50.00,21.00,1,2,-1,-1
2332,282,530.00,168.00,43.00,18.00,1,2,-1,-1
2332,246,430.00,170.00,45.00,19.00,1,2,-1,-1
2332,244,268.00,175.00,51.00,20.00,1,2,-1,-1
2332,269,80.00,179.00,50.00,22.00,1,2,-1,-1
2333,282,528.00,168.00,44.00,18.00,1,2,-1,-1
2333,269,77.00,179.00,50.00,21.00,1,2,-1,-1
2333,246,428.00,170.00,45.00,19.00,1,2,-1,-1
2333,244,267.00,174.00,49.00,21.00,1,2,-1,-1
2334,282,526.00,168.00,42.00,18.00,1,2,-1,-1
2334,246,425.00,170.00,45.00,18.00,1,2,-1,-1
2334,269,75.00,179.00,50.00,21.00,1,2,-1,-1
2334,244,264.00,175.00,50.00,20.00,1,2,-1,-1
2335,282,524.00,168.00,36.00,18.00,1,2,-1,-1
2335,244,261.00,174.00,50.00,21.00,1,2,-1,-1
2335,246,423.00,170.00,44.00,18.00,1,2,-1,-1
2335,269,73.00,180.00,50.00,20.00,1,2,-1,-1
2336,282,520.00,169.00,42.00,17.00,1,2,-1,-1
2336,246,420.00,170.00,45.00,18.00,1,2,-1,-1
2336,244,259.00,174.00,49.00,21.00,1,2,-1,-1
2336,269,70.00,179.00,49.00,21.00,1,2,-1,-1
2337,282,517.00,168.00,43.00,18.00,1,2,-1,-1
2337,244,258.00,174.00,47.00,21.00,1,2,-1,-1
2337,246,417.00,170.00,45.00,18.00,1,2,-1,-1
2337,269,67.00,179.00,50.00,21.00,1,2,-1,-1
2338,282,516.00,169.00,38.00,17.00,1,2,-1,-1
2338,246,415.00,170.00,45.00,18.00,1,2,-1,-1
2338,244,255.00,174.00,49.00,21.00,1,2,-1,-1
2338,269,65.00,179.00,50.00,21.00,1,2,-1,-1
2339,282,514.00,168.00,38.00,18.00,1,2,-1,-1
2339,246,414.00,169.00,44.00,19.00,1,2,-1,-1
2339,244,254.00,174.00,48.00,21.00,1,2,-1,-1
2339,269,64.00,179.00,49.00,21.00,1,2,-1,-1
2340,282,512.00,168.00,40.00,18.00,1,2,-1,-1
2340,246,412.00,170.00,45.00,18.00,1,2,-1,-1
2340,244,254.00,174.00,47.00,21.00,1,2,-1,-1
2340,269,62.00,179.00,49.00,21.00,1,2,-1,-1
2341,282,510.00,168.00,42.00,18.00,1,2,-1,-1
2341,246,410.00,169.00,45.00,19.00,1,2,-1,-1
2341,244,252.00,174.00,48.00,21.00,1,2,-1,-1
2341,269,61.00,179.00,49.00,21.00,1,2,-1,-1
2342,282,510.00,168.00,40.00,18.00,1,2,-1,-1
2342,244,251.00,174.00,47.00,21.00,1,2,-1,-1
2342,246,408.00,169.00,46.00,19.00,1,2,-1,-1
2342,269,59.00,179.00,50.00,21.00,1,2,-1,-1
2343,282,509.00,168.00,40.00,17.00,1,2,-1,-1
2343,244,250.00,174.00,47.00,21.00,1,2,-1,-1
2343,246,408.00,169.00,46.00,19.00,1,2,-1,-1
2343,269,59.00,179.00,49.00,21.00,1,2,-1,-1
2344,282,508.00,168.00,39.00,17.00,1,2,-1,-1
2344,244,250.00,173.00,48.00,21.00,1,2,-1,-1
2344,246,407.00,169.00,45.00,19.00,1,2,-1,-1
2344,269,58.00,179.00,50.00,21.00,1,2,-1,-1
2345,282,508.00,168.00,34.00,17.00,1,2,-1,-1
2345,244,248.00,173.00,48.00,21.00,1,2,-1,-1
2345,246,408.00,169.00,44.00,18.00,1,2,-1,-1
2345,269,58.00,178.00,49.00,22.00,1,2,-1,-1
2346,282,507.00,166.00,37.00,18.00,1,2,-1,-1
2346,244,248.00,172.00,48.00,22.00,1,2,-1,-1
2346,246,407.00,168.00,44.00,19.00,1,2,-1,-1
2346,269,58.00,178.00,49.00,22.00,1,2,-1,-1
2347,282,507.00,166.00,36.00,18.00,1,2,-1,-1
2347,244,248.00,172.00,48.00,21.00,1,2,-1,-1
2347,246,406.00,168.00,46.00,18.00,1,2,-1,-1
2347,269,58.00,178.00,49.00,21.00,1,2,-1,-1
2348,282,506.00,165.00,38.00,17.00,1,2,-1,-1
2348,244,247.00,171.00,49.00,21.00,1,2,-1,-1
2348,269,58.00,177.00,49.00,21.00,1,2,-1,-1
2348,246,406.00,167.00,46.00,18.00,1,2,-1,-1
2349,282,507.00,164.00,41.00,18.00,1,2,-1,-1
2349,244,248.00,171.00,48.00,20.00,1,2,-1,-1
2349,269,58.00,176.00,49.00,21.00,1,2,-1,-1
2349,246,406.00,166.00,46.00,19.00,1,2,-1,-1
2350,282,507.00,163.00,35.00,17.00,1,2,-1,-1
2350,269,59.00,175.00,49.00,21.00,1,2,-1,-1
2350,244,249.00,170.00,48.00,20.00,1,2,-1,-1
2350,246,407.00,166.00,45.00,18.00,1,2,-1,-1
2351,282,508.00,162.00,35.00,18.00,1,2,-1,-1
2351,269,60.00,175.00,49.00,21.00,1,2,-1,-1
2351,244,251.00,169.00,47.00,21.00,1,2,-1,-1
2351,246,408.00,165.00,44.00,18.00,1,2,-1,-1
2352,282,509.00,161.00,42.00,18.00,1,2,-1,-1
2352,269,61.00,174.00,49.00,21.00,1,2,-1,-1
2352,244,251.00,168.00,48.00,21.00,1,2,-1,-1
2352,246,408.00,164.00,45.00,18.00,1,2,-1,-1
2353,282,510.00,160.00,40.00,18.00,1,2,-1,-1
2353,269,62.00,174.00,49.00,20.00,1,2,-1,-1
2353,246,410.00,163.00,44.00,19.00,1,2,-1,-1
2353,244,252.00,167.00,48.00,22.00,1,2,-1,-1
2354,282,511.00,160.00,37.00,17.00,1,2,-1,-1
2354,269,63.00,173.00,50.00,21.00,1,2,-1,-1
2354,246,411.00,162.00,44.00,19.00,1,2,-1,-1
2354,244,253.00,167.00,47.00,21.00,1,2,-1,-1
2355,282,512.00,160.00,40.00,18.00,1,2,-1,-1
2355,269,65.00,172.00,49.00,21.00,1,2,-1,-1
2355,246,412.00,161.00,44.00,19.00,1,2,-1,-1
2355,244,254.00,166.00,47.00,21.00,1,2,-1,-1
2356,282,512.00,159.00,36.00,18.00,1,2,-1,-1
2356,269,65.00,172.00,50.00,21.00,1,2,-1,-1
2356,246,412.00,161.00,45.00,19.00,1,2,-1,-1
2356,244,255.00,166.00,47.00,21.00,1,2,-1,-1
2357,282,514.00,158.00,34.00,19.00,1,2,-1,-1
2357,246,413.00,160.00,44.00,20.00,1,2,-1,-1
2357,244,254.00,165.00,48.00,22.00,1,2,-1,-1
2357,269,65.00,171.00,50.00,21.00,1,2,-1,-1
2358,282,514.00,158.00,36.00,18.00,1,2,-1,-1
2358,246,412.00,161.00,45.00,18.00,1,2,-1,-1
2358,269,66.00,171.00,49.00,21.00,1,2,-1,-1
2358,244,254.00,165.00,48.00,21.00,1,2,-1,-1
2359,282,514.00,158.00,38.00,18.00,1,2,-1,-1
2359,246,412.00,160.00,45.00,19.00,1,2,-1,-1
2359,269,66.00,171.00,49.00,21.00,1,2,-1,-1
2359,244,254.00,165.00,48.00,21.00,1,2,-1,-1
2360,282,514.00,158.00,40.00,18.00,1,2,-1,-1
2360,269,66.00,170.00,49.00,22.00,1,2,-1,-1
2360,246,412.00,160.00,44.00,18.00,1,2,-1,-1
2360,244,254.00,164.00,48.00,22.00,1,2,-1,-1
2361,282,514.00,158.00,38.00,18.00,1,2,-1,-1
2361,269,65.00,170.00,50.00,22.00,1,2,-1,-1
2361,246,412.00,160.00,44.00,19.00,1,2,-1,-1
2361,244,255.00,165.00,47.00,21.00,1,2,-1,-1
2362,282,514.00,158.00,36.00,18.00,1,2,-1,-1
2362,246,412.00,160.00,44.00,18.00,1,2,-1,-1
2362,244,255.00,164.00,47.00,21.00,1,2,-1,-1
2362,269,66.00,170.00,49.00,21.00,1,2,-1,-1
2363,282,513.00,157.00,41.00,19.00,1,2,-1,-1
2363,246,412.00,160.00,44.00,18.00,1,2,-1,-1
2363,244,255.00,164.00,48.00,21.00,1,2,-1,-1
2363,269,66.00,170.00,49.00,21.00,1,2,-1,-1
2364,282,514.00,157.00,42.00,18.00,1,2,-1,-1
2364,246,412.00,160.00,44.00,18.00,1,2,-1,-1
2364,244,255.00,164.00,47.00,21.00,1,2,-1,-1
2364,269,66.00,170.00,49.00,21.00,1,2,-1,-1
2365,282,514.00,158.00,42.00,17.00,1,2,-1,-1
2365,246,412.00,160.00,45.00,18.00,1,2,-1,-1
2365,244,255.00,164.00,47.00,21.00,1,2,-1,-1
2365,269,66.00,169.00,49.00,22.00,1,2,-1,-1
2366,282,514.00,157.00,42.00,19.00,1,2,-1,-1
2366,246,412.00,160.00,44.00,18.00,1,2,-1,-1
2366,269,66.00,169.00,49.00,22.00,1,2,-1,-1
2366,244,255.00,164.00,47.00,21.00,1,2,-1,-1
2367,282,513.00,156.00,42.00,20.00,1,2,-1,-1
2367,246,411.00,160.00,46.00,18.00,1,2,-1,-1
2367,244,255.00,164.00,47.00,21.00,1,2,-1,-1
2367,269,66.00,169.00,49.00,22.00,1,2,-1,-1
2368,282,512.00,156.00,42.00,19.00,1,2,-1,-1
2368,246,411.00,160.00,45.00,18.00,1,2,-1,-1
2368,269,66.00,169.00,49.00,22.00,1,2,-1,-1
2368,244,255.00,164.00,47.00,21.00,1,2,-1,-1
2369,282,513.00,156.00,42.00,19.00,1,2,-1,-1
2369,269,66.00,169.00,49.00,21.00,1,2,-1,-1
2369,244,255.00,164.00,48.00,20.00,1,2,-1,-1
2369,246,412.00,160.00,45.00,18.00,1,2,-1,-1
2370,282,513.00,156.00,42.00,19.00,1,2,-1,-1
2370,269,67.00,169.00,48.00,21.00,1,2,-1,-1
2370,244,255.00,163.00,48.00,21.00,1,2,-1,-1
2370,246,412.00,159.00,45.00,19.00,1,2,-1,-1
2371,282,514.00,156.00,34.00,18.00,1,2,-1,-1
2371,269,67.00,169.00,49.00,21.00,1,2,-1,-1
2371,244,255.00,163.00,48.00,21.00,1,2,-1,-1
2371,246,412.00,159.00,45.00,18.00,1,2,-1,-1
2372,282,514.00,156.00,36.00,18.00,1,2,-1,-1
2372,269,68.00,169.00,48.00,20.00,1,2,-1,-1
2372,244,256.00,163.00,48.00,21.00,1,2,-1,-1
2372,246,413.00,159.00,45.00,18.00,1,2,-1,-1
2373,282,514.00,156.00,42.00,18.00,1,2,-1,-1
2373,269,69.00,168.00,48.00,21.00,1,2,-1,-1
2373,244,256.00,163.00,48.00,21.00,1,2,-1,-1
2373,246,413.00,159.00,45.00,18.00,1,2,-1,-1
2374,282,514.00,156.00,42.00,19.00,1,2,-1,-1
2374,269,70.00,168.00,48.00,21.00,1,2,-1,-1
2374,244,256.00,163.00,48.00,21.00,1,2,-1,-1
2374,246,414.00,159.00,44.00,18.00,1,2,-1,-1
2375,282,514.00,156.00,40.00,19.00,1,2,-1,-1
2375,269,70.00,168.00,48.00,21.00,1,2,-1,-1
2375,244,257.00,162.00,48.00,22.00,1,2,-1,-1
2375,246,414.00,159.00,44.00,18.00,1,2,-1,-1
2376,282,516.00,156.00,40.00,18.00,1,2,-1,-1
2376,244,257.00,162.00,48.00,22.00,1,2,-1,-1
2376,269,70.00,168.00,48.00,21.00,1,2,-1,-1
2376,246,414.00,158.00,44.00,19.00,1,2,-1,-1
2377,282,516.00,156.00,42.00,18.00,1,2,-1,-1
2377,244,258.00,162.00,48.00,22.00,1,2,-1,-1
2377,269,71.00,168.00,48.00,20.00,1,2,-1,-1
2377,246,415.00,158.00,44.00,19.00,1,2,-1,-1
2378,282,517.00,156.00,39.00,18.00,1,2,-1,-1
2378,244,259.00,162.00,47.00,22.00,1,2,-1,-1
2378,246,416.00,159.00,43.00,18.00,1,2,-1,-1
2378,269,72.00,168.00,47.00,21.00,1,2,-1,-1
2379,282,517.00,156.00,42.00,18.00,1,2,-1,-1
2379,246,416.00,159.00,44.00,18.00,1,2,-1,-1
2379,244,258.00,162.00,48.00,22.00,1,2,-1,-1
2379,269,72.00,168.00,48.00,20.00,1,2,-1,-1
2380,282,518.00,156.00,42.00,18.00,1,2,-1,-1
2380,246,416.00,159.00,44.00,18.00,1,2,-1,-1
2380,269,72.00,168.00,48.00,20.00,1,2,-1,-1
2380,244,260.00,162.00,47.00,22.00,1,2,-1,-1
2381,282,518.00,156.00,42.00,18.00,1,2,-1,-1
2381,246,416.00,159.00,44.00,18.00,1,2,-1,-1
2381,244,260.00,162.00,47.00,22.00,1,2,-1,-1
2381,269,72.00,168.00,48.00,20.00,1,2,-1,-1
2382,282,518.00,156.00,40.00,18.00,1,2,-1,-1
2382,246,417.00,159.00,43.00,18.00,1,2,-1,-1
2382,244,259.00,162.00,48.00,22.00,1,2,-1,-1
2382,269,73.00,168.00,47.00,20.00,1,2,-1,-1
2383,282,518.00,156.00,42.00,18.00,1,2,-1,-1
2383,246,416.00,159.00,44.00,18.00,1,2,-1,-1
2383,269,73.00,168.00,47.00,21.00,1,2,-1,-1
2383,244,260.00,163.00,48.00,21.00,1,2,-1,-1
2384,282,518.00,156.00,42.00,18.00,1,2,-1,-1
2384,244,260.00,163.00,48.00,21.00,1,2,-1,-1
2384,246,417.00,159.00,43.00,18.00,1,2,-1,-1
2384,269,74.00,168.00,46.00,20.00,1,2,-1,-1
2385,282,518.00,156.00,42.00,18.00,1,2,-1,-1
2385,244,261.00,163.00,47.00,21.00,1,2,-1,-1
2385,246,417.00,159.00,43.00,18.00,1,2,-1,-1
2385,269,74.00,168.00,46.00,20.00,1,2,-1,-1
2386,282,519.00,157.00,42.00,17.00,1,2,-1,-1
2386,269,74.00,168.00,47.00,21.00,1,2,-1,-1
2386,244,261.00,163.00,47.00,21.00,1,2,-1,-1
2386,246,417.00,159.00,43.00,18.00,1,2,-1,-1
2387,282,519.00,157.00,42.00,17.00,1,2,-1,-1
2387,246,417.00,159.00,43.00,18.00,1,2,-1,-1
2387,244,260.00,163.00,48.00,21.00,1,2,-1,-1
2387,269,74.00,168.00,46.00,21.00,1,2,-1,-1
2388,282,519.00,156.00,42.00,18.00,1,2,-1,-1
2388,246,416.00,159.00,44.00,18.00,1,2,-1,-1
2388,244,260.00,163.00,48.00,21.00,1,2,-1,-1
2388,269,74.00,168.00,46.00,21.00,1,2,-1,-1
2389,282,519.00,156.00,42.00,18.00,1,2,-1,-1
2389,246,417.00,159.00,43.00,18.00,1,2,-1,-1
2389,244,260.00,163.00,48.00,21.00,1,2,-1,-1
2389,269,74.00,168.00,46.00,21.00,1,2,-1,-1
2390,282,520.00,157.00,41.00,17.00,1,2,-1,-1
2390,246,419.00,160.00,41.00,18.00,1,2,-1,-1
2390,244,262.00,163.00,46.00,21.00,1,2,-1,-1
2390,269,74.00,168.00,46.00,21.00,1,2,-1,-1
2391,282,520.00,157.00,41.00,17.00,1,2,-1,-1
2391,269,74.00,169.00,47.00,20.00,1,2,-1,-1
2391,246,418.00,160.00,42.00,18.00,1,2,-1,-1
2391,244,262.00,164.00,46.00,21.00,1,2,-1,-1
2392,282,519.00,157.00,42.00,18.00,1,2,-1,-1
2392,269,74.00,169.00,47.00,21.00,1,2,-1,-1
2392,244,262.00,164.00,46.00,21.00,1,2,-1,-1
2392,246,416.00,160.00,44.00,17.00,1,2,-1,-1
2393,282,519.00,158.00,42.00,18.00,1,2,-1,-1
2393,269,74.00,169.00,47.00,21.00,1,2,-1,-1
2393,244,261.00,164.00,47.00,22.00,1,2,-1,-1
2393,246,415.00,160.00,45.00,18.00,1,2,-1,-1
2394,282,520.00,157.00,42.00,19.00,1,2,-1,-1
2394,269,74.00,169.00,48.00,22.00,1,2,-1,-1
2394,244,261.00,164.00,48.00,22.00,1,2,-1,-1
2394,246,414.00,160.00,46.00,19.00,1,2,-1,-1
2395,282,520.00,158.00,42.00,19.00,1,2,-1,-1
2395,269,74.00,170.00,48.00,22.00,1,2,-1,-1
2395,246,415.00,161.00,45.00,19.00,1,2,-1,-1
2395,244,261.00,165.00,48.00,21.00,1,2,-1,-1
2396,282,519.00,159.00,42.00,19.00,1,2,-1,-1
2396,269,74.00,170.00,48.00,22.00,1,2,-1,-1
2396,244,261.00,166.00,49.00,21.00,1,2,-1,-1
2396,246,414.00,161.00,46.00,19.00,1,2,-1,-1
2397,282,518.00,160.00,44.00,18.00,1,2,-1,-1
2397,269,75.00,170.00,47.00,22.00,1,2,-1,-1
2397,244,261.00,166.00,48.00,21.00,1,2,-1,-1
2397,246,415.00,162.00,45.00,19.00,1,2,-1,-1
2398,282,518.00,159.00,44.00,19.00,1,2,-1,-1
2398,244,261.00,167.00,48.00,21.00,1,2,-1,-1
2398,269,75.00,170.00,47.00,22.00,1,2,-1,-1
2398,246,415.00,162.00,45.00,19.00,1,2,-1,-1
2399,282,518.00,159.00,44.00,20.00,1,2,-1,-1
2399,269,75.00,171.00,47.00,22.00,1,2,-1,-1
2399,244,262.00,168.00,47.00,21.00,1,2,-1,-1
2399,246,415.00,163.00,45.00,19.00,1,2,-1,-1
2400,282,519.00,160.00,43.00,20.00,1,2,-1,-1
2400,269,74.00,171.00,48.00,23.00,1,2,-1,-1
2400,244,262.00,168.00,47.00,21.00,1,2,-1,-1
2400,246,415.00,164.00,45.00,18.00,1,2,-1,-1
2401,269,72.00,171.00,50.00,24.00,1,2,-1,-1
2401,282,520.00,162.00,42.00,18.00,1,2,-1,-1
2401,244,263.00,169.00,46.00,20.00,1,2,-1,-1
2401,246,416.00,164.00,44.00,18.00,1,2,-1,-1
2402,269,70.00,172.00,53.00,24.00,1,2,-1,-1
2402,282,520.00,162.00,42.00,19.00,1,2,-1,-1
2402,246,416.00,165.00,44.00,18.00,1,2,-1,-1
2402,244,263.00,169.00,47.00,21.00,1,2,-1,-1
2403,269,73.00,173.00,49.00,24.00,1,2,-1,-1
2403,282,520.00,163.00,42.00,18.00,1,2,-1,-1
2403,244,263.00,170.00,46.00,21.00,1,2,-1,-1
2403,246,416.00,165.00,43.00,18.00,1,2,-1,-1
2404,269,72.00,173.00,50.00,24.00,1,2,-1,-1
2404,282,520.00,164.00,42.00,18.00,1,2,-1,-1
2404,244,263.00,170.00,46.00,21.00,1,2,-1,-1
2404,246,416.00,166.00,43.00,17.00,1,2,-1,-1
2405,269,72.00,173.00,50.00,25.00,1,2,-1,-1
2405,282,520.00,163.00,41.00,19.00,1,2,-1,-1
2405,244,263.00,170.00,46.00,21.00,1,2,-1,-1
2405,246,415.00,166.00,44.00,18.00,1,2,-1,-1
2406,269,73.00,173.00,50.00,25.00,1,2,-1,-1
2406,282,520.00,163.00,42.00,19.00,1,2,-1,-1
2406,244,263.00,170.00,46.00,21.00,1,2,-1,-1
2406,246,416.00,166.00,43.00,18.00,1,2,-1,-1
2407,269,73.00,174.00,50.00,24.00,1,2,-1,-1
2407,282,520.00,164.00,42.00,18.00,1,2,-1,-1
2407,244,263.00,171.00,46.00,21.00,1,2,-1,-1
2407,246,416.00,167.00,43.00,17.00,1,2,-1,-1
2408,282,520.00,165.00,42.00,18.00,1,2,-1,-1
2408,269,74.00,175.00,49.00,24.00,1,2,-1,-1
2408,244,263.00,171.00,46.00,21.00,1,2,-1,-1
2408,246,416.00,167.00,43.00,18.00,1,2,-1,-1
2409,269,73.00,175.00,50.00,24.00,1,2,-1,-1
2409,244,263.00,172.00,45.00,21.00,1,2,-1,-1
2409,282,518.00,165.00,44.00,18.00,1,2,-1,-1
2409,246,415.00,168.00,44.00,17.00,1,2,-1,-1
2410,269,74.00,176.00,48.00,23.00,1,2,-1,-1
2410,244,263.00,172.00,45.00,21.00,1,2,-1,-1
2410,282,520.00,165.00,41.00,19.00,1,2,-1,-1
2410,246,416.00,168.00,43.00,18.00,1,2,-1,-1
2411,269,74.00,176.00,49.00,24.00,1,2,-1,-1
2411,244,262.00,172.00,46.00,22.00,1,2,-1,-1
2411,282,520.00,166.00,42.00,18.00,1,2,-1,-1
2411,246,412.00,169.00,47.00,18.00,1,2,-1,-1
2412,244,262.00,173.00,46.00,22.00,1,2,-1,-1
2412,282,520.00,166.00,40.00,19.00,1,2,-1,-1
2412,269,74.00,177.00,49.00,23.00,1,2,-1,-1
2412,246,414.00,169.00,44.00,19.00,1,2,-1,-1
2413,244,262.00,174.00,47.00,21.00,1,2,-1,-1
2413,282,519.00,167.00,41.00,19.00,1,2,-1,-1
2413,246,414.00,171.00,44.00,17.00,1,2,-1,-1
2413,269,73.00,176.00,50.00,25.00,1,2,-1,-1
2414,282,520.00,168.00,41.00,18.00,1,2,-1,-1
2414,269,73.00,177.00,50.00,24.00,1,2,-1,-1
2414,244,263.00,175.00,46.00,21.00,1,2,-1,-1
2414,246,414.00,171.00,44.00,18.00,1,2,-1,-1
2415,282,520.00,169.00,41.00,18.00,1,2,-1,-1
2415,269,74.00,178.00,49.00,24.00,1,2,-1,-1
2415,244,263.00,176.00,46.00,20.00,1,2,-1,-1
2415,246,414.00,172.00,44.00,18.00,1,2,-1,-1
2416,269,73.00,178.00,56.00,24.00,1,2,-1,-1
2416,282,520.00,169.00,42.00,19.00,1,2,-1,-1
2416,246,414.00,172.00,44.00,18.00,1,2,-1,-1
2416,244,263.00,177.00,46.00,20.00,1,2,-1,-1
2417,282,520.00,170.00,42.00,18.00,1,2,-1,-1
2417,246,413.00,172.00,45.00,19.00,1,2,-1,-1
2417,269,74.00,178.00,48.00,24.00,1,2,-1,-1
2417,244,263.00,177.00,45.00,21.00,1,2,-1,-1
2418,269,72.00,179.00,54.00,23.00,1,2,-1,-1
2418,282,520.00,169.00,42.00,20.00,1,2,-1,-1
2418,246,413.00,173.00,45.00,18.00,1,2,-1,-1
2418,244,263.00,178.00,45.00,20.00,1,2,-1,-1
2419,282,520.00,171.00,42.00,19.00,1,2,-1,-1
2419,269,72.00,180.00,51.00,23.00,1,2,-1,-1
2419,246,413.00,174.00,45.00,18.00,1,2,-1,-1
2419,244,262.00,178.00,46.00,21.00,1,2,-1,-1
2420,282,520.00,172.00,42.00,18.00,1,2,-1,-1
2420,269,72.00,180.00,51.00,23.00,1,2,-1,-1
2420,246,414.00,174.00,44.00,18.00,1,2,-1,-1
2420,244,263.00,178.00,46.00,21.00,1,2,-1,-1
2421,282,521.00,172.00,42.00,18.00,1,2,-1,-1
2421,269,72.00,180.00,50.00,22.00,1,2,-1,-1
2421,244,262.00,178.00,48.00,21.00,1,2,-1,-1
2421,246,413.00,174.00,46.00,18.00,1,2,-1,-1
2422,282,522.00,172.00,42.00,18.00,1,2,-1,-1
2422,269,73.00,179.00,51.00,24.00,1,2,-1,-1
2422,244,264.00,178.00,46.00,20.00,1,2,-1,-1
2422,246,413.00,174.00,47.00,18.00,1,2,-1,-1
2423,282,522.00,171.00,42.00,19.00,1,2,-1,-1
2423,269,73.00,179.00,50.00,23.00,1,2,-1,-1
2423,244,263.00,178.00,47.00,20.00,1,2,-1,-1
2423,246,413.00,174.00,47.00,18.00,1,2,-1,-1
2424,282,522.00,171.00,42.00,19.00,1,2,-1,-1
2424,269,70.00,178.00,55.00,24.00,1,2,-1,-1
2424,244,263.00,178.00,47.00,20.00,1,2,-1,-1
2424,246,413.00,174.00,47.00,18.00,1,2,-1,-1
2425,282,522.00,172.00,42.00,18.00,1,2,-1,-1
2425,269,71.00,178.00,53.00,24.00,1,2,-1,-1
2425,244,263.00,178.00,47.00,20.00,1,2,-1,-1
2425,246,413.00,174.00,47.00,18.00,1,2,-1,-1
2426,282,523.00,171.00,42.00,19.00,1,2,-1,-1
2426,269,71.00,178.00,53.00,24.00,1,2,-1,-1
2426,244,263.00,178.00,47.00,20.00,1,2,-1,-1
2426,246,413.00,174.00,47.00,18.00,1,2,-1,-1
2427,269,72.00,178.00,53.00,24.00,1,2,-1,-1
2427,282,524.00,172.00,42.00,18.00,1,2,-1,-1
2427,244,264.00,178.00,46.00,20.00,1,2,-1,-1
2427,246,414.00,173.00,46.00,19.00,1,2,-1,-1
2428,269,72.00,178.00,52.00,24.00,1,2,-1,-1
2428,282,524.00,172.00,42.00,18.00,1,2,-1,-1
2428,246,414.00,173.00,46.00,19.00,1,2,-1,-1
2428,244,263.00,178.00,47.00,20.00,1,2,-1,-1
2429,282,524.00,172.00,42.00,18.00,1,2,-1,-1
2429,269,72.00,178.00,52.00,24.00,1,2,-1,-1
2429,244,264.00,178.00,46.00,20.00,1,2,-1,-1
2429,246,413.00,173.00,47.00,19.00,1,2,-1,-1
2430,282,524.00,171.00,42.00,18.00,1,2,-1,-1
2430,269,72.00,177.00,52.00,25.00,1,2,-1,-1
2430,244,264.00,178.00,46.00,20.00,1,2,-1,-1
2430,246,413.00,173.00,48.00,19.00,1,2,-1,-1
2431,282,524.00,172.00,42.00,18.00,1,2,-1,-1
2431,269,72.00,177.00,53.00,25.00,1,2,-1,-1
2431,246,414.00,173.00,47.00,19.00,1,2,-1,-1
2431,244,264.00,178.00,46.00,20.00,1,2,-1,-1
2432,282,525.00,172.00,41.00,18.00,1,2,-1,-1
2432,269,71.00,177.00,54.00,25.00,1,2,-1,-1
2432,244,264.00,178.00,46.00,20.00,1,2,-1,-1
2432,246,413.00,173.00,47.00,19.00,1,2,-1,-1
2433,282,525.00,171.00,42.00,19.00,1,2,-1,-1
2433,269,71.00,178.00,53.00,24.00,1,2,-1,-1
2433,244,263.00,178.00,47.00,20.00,1,2,-1,-1
2433,246,413.00,174.00,48.00,18.00,1,2,-1,-1
2434,282,525.00,170.00,42.00,20.00,1,2,-1,-1
2434,269,71.00,178.00,54.00,24.00,1,2,-1,-1
2434,244,263.00,178.00,47.00,20.00,1,2,-1,-1
2434,246,413.00,174.00,48.00,18.00,1,2,-1,-1
2435,282,526.00,171.00,42.00,19.00,1,2,-1,-1
2435,269,71.00,178.00,53.00,24.00,1,2,-1,-1
2435,244,264.00,178.00,46.00,20.00,1,2,-1,-1
2435,246,414.00,174.00,47.00,18.00,1,2,-1,-1
2436,269,71.00,178.00,53.00,24.00,1,2,-1,-1
2436,282,526.00,171.00,43.00,19.00,1,2,-1,-1
2436,246,414.00,173.00,48.00,19.00,1,2,-1,-1
2436,244,264.00,178.00,47.00,20.00,1,2,-1,-1
2437,269,71.00,178.00,55.00,24.00,1,2,-1,-1
2437,282,526.00,171.00,44.00,19.00,1,2,-1,-1
2437,244,264.00,178.00,47.00,20.00,1,2,-1,-1
2437,246,414.00,174.00,48.00,18.00,1,2,-1,-1
2438,269,70.00,178.00,55.00,24.00,1,2,-1,-1
2438,282,528.00,172.00,42.00,18.00,1,2,-1,-1
2438,244,264.00,178.00,47.00,20.00,1,2,-1,-1
2438,246,414.00,174.00,48.00,18.00,1,2,-1,-1
2439,269,70.00,178.00,55.00,24.00,1,2,-1,-1
2439,282,528.00,172.00,42.00,18.00,1,2,-1,-1
2439,246,416.00,174.00,46.00,18.00,1,2,-1,-1
2439,244,264.00,178.00,47.00,21.00,1,2,-1,-1
2440,269,70.00,178.00,55.00,24.00,1,2,-1,-1
2440,282,526.00,172.00,44.00,19.00,1,2,-1,-1
2440,244,264.00,178.00,47.00,21.00,1,2,-1,-1
2440,246,415.00,174.00,47.00,18.00,1,2,-1,-1
2441,269,70.00,178.00,55.00,24.00,1,2,-1,-1
2441,282,528.00,173.00,42.00,18.00,1,2,-1,-1
2441,246,416.00,175.00,46.00,18.00,1,2,-1,-1
2441,244,264.00,178.00,48.00,21.00,1,2,-1,-1
2442,269,70.00,178.00,55.00,25.00,1,2,-1,-1
2442,282,528.00,173.00,42.00,17.00,1,2,-1,-1
2442,246,416.00,175.00,46.00,18.00,1,2,-1,-1
2442,244,264.00,178.00,48.00,21.00,1,2,-1,-1
2443,269,68.00,179.00,57.00,24.00,1,2,-1,-1
2443,282,528.00,173.00,42.00,18.00,1,2,-1,-1
2443,246,416.00,175.00,46.00,18.00,1,2,-1,-1
2443,244,264.00,178.00,48.00,21.00,1,2,-1,-1
2444,269,69.00,179.00,54.00,24.00,1,2,-1,-1
2444,282,528.00,174.00,42.00,17.00,1,2,-1,-1
2444,244,264.00,179.00,48.00,21.00,1,2,-1,-1
2444,246,416.00,176.00,46.00,17.00,1,2,-1,-1
2445,269,68.00,179.00,54.00,24.00,1,2,-1,-1
2445,282,529.00,174.00,42.00,17.00,1,2,-1,-1
2445,244,264.00,179.00,49.00,21.00,1,2,-1,-1
2445,246,415.00,176.00,47.00,17.00,1,2,-1,-1
2446,269,68.00,179.00,55.00,24.00,1,2,-1,-1
2446,282,529.00,174.00,43.00,17.00,1,2,-1,-1
2446,244,264.00,179.00,49.00,21.00,1,2,-1,-1
2446,246,415.00,176.00,47.00,17.00,1,2,-1,-1
2447,269,68.00,179.00,56.00,24.00,1,2,-1,-1
2447,282,530.00,173.00,42.00,18.00,1,2,-1,-1
2447,246,416.00,175.00,46.00,18.00,1,2,-1,-1
2447,244,264.00,178.00,51.00,21.00,1,2,-1,-1
2448,269,68.00,179.00,57.00,24.00,1,2,-1,-1
2448,282,530.00,173.00,43.00,18.00,1,2,-1,-1
2448,246,416.00,175.00,46.00,18.00,1,2,-1,-1
2448,244,264.00,178.00,48.00,21.00,1,2,-1,-1
2449,269,68.00,179.00,58.00,24.00,1,2,-1,-1
2449,282,531.00,173.00,42.00,17.00,1,2,-1,-1
2449,246,417.00,175.00,46.00,17.00,1,2,-1,-1
2449,244,265.00,178.00,47.00,21.00,1,2,-1,-1
2450,269,68.00,179.00,58.00,24.00,1,2,-1,-1
2450,282,532.00,173.00,42.00,18.00,1,2,-1,-1
2450,246,416.00,175.00,46.00,18.00,1,2,-1,-1
2450,244,266.00,178.00,46.00,21.00,1,2,-1,-1
2451,269,68.00,180.00,58.00,23.00,1,2,-1,-1
2451,282,532.00,174.00,42.00,17.00,1,2,-1,-1
2451,244,265.00,178.00,49.00,22.00,1,2,-1,-1
2451,246,416.00,175.00,47.00,18.00,1,2,-1,-1
2452,269,68.00,180.00,59.00,24.00,1,2,-1,-1
2452,282,532.00,174.00,42.00,17.00,1,2,-1,-1
2452,246,417.00,176.00,46.00,17.00,1,2,-1,-1
2452,244,266.00,179.00,50.00,21.00,1,2,-1,-1
2453,269,63.00,180.00,62.00,24.00,1,2,-1,-1
2453,282,532.00,174.00,44.00,18.00,1,2,-1,-1
2453,246,417.00,176.00,47.00,18.00,1,2,-1,-1
2453,244,266.00,179.00,49.00,21.00,1,2,-1,-1
2454,269,69.00,180.00,52.00,24.00,1,2,-1,-1
2454,282,532.00,174.00,44.00,18.00,1,2,-1,-1
2454,246,417.00,176.00,47.00,18.00,1,2,-1,-1
2454,244,266.00,180.00,50.00,21.00,1,2,-1,-1
2455,269,69.00,180.00,54.00,25.00,1,2,-1,-1
2455,282,534.00,174.00,44.00,18.00,1,2,-1,-1
2455,246,417.00,176.00,47.00,18.00,1,2,-1,-1
2455,244,266.00,180.00,50.00,21.00,1,2,-1,-1
2456,269,70.00,181.00,50.00,24.00,1,2,-1,-1
2456,282,534.00,174.00,44.00,19.00,1,2,-1,-1
2456,246,418.00,177.00,47.00,18.00,1,2,-1,-1
2456,244,267.00,180.00,49.00,21.00,1,2,-1,-1
2457,269,69.00,181.00,49.00,25.00,1,2,-1,-1
2457,246,417.00,177.00,48.00,19.00,1,2,-1,-1
2457,282,534.00,176.00,44.00,18.00,1,2,-1,-1
2457,244,268.00,181.00,49.00,21.00,1,2,-1,-1
2458,282,535.00,177.00,43.00,17.00,1,2,-1,-1
2458,246,419.00,178.00,46.00,18.00,1,2,-1,-1
2458,269,70.00,182.00,48.00,25.00,1,2,-1,-1
2458,244,268.00,182.00,48.00,21.00,1,2,-1,-1
2459,282,536.00,177.00,44.00,18.00,1,2,-1,-1
2459,246,418.00,178.00,48.00,19.00,1,2,-1,-1
2459,269,70.00,183.00,48.00,25.00,1,2,-1,-1
2459,244,268.00,182.00,49.00,21.00,1,2,-1,-1
2460,282,537.00,177.00,43.00,18.00,1,2,-1,-1
2460,246,419.00,179.00,47.00,19.00,1,2,-1,-1
2460,269,71.00,184.00,47.00,24.00,1,2,-1,-1
2460,244,269.00,183.00,49.00,21.00,1,2,-1,-1
2461,282,538.00,178.00,43.00,17.00,1,2,-1,-1
2461,269,71.00,184.00,47.00,24.00,1,2,-1,-1
2461,246,421.00,180.00,45.00,18.00,1,2,-1,-1
2461,244,269.00,183.00,49.00,21.00,1,2,-1,-1
2462,269,70.00,184.00,48.00,25.00,1,2,-1,-1
2462,282,538.00,178.00,44.00,18.00,1,2,-1,-1
2462,246,420.00,180.00,47.00,18.00,1,2,-1,-1
2462,244,269.00,184.00,47.00,21.00,1,2,-1,-1
2463,269,71.00,184.00,47.00,27.00,1,2,-1,-1
2463,282,540.00,179.00,42.00,18.00,1,2,-1,-1
2463,244,269.00,185.00,47.00,20.00,1,2,-1,-1
2463,246,420.00,181.00,47.00,18.00,1,2,-1,-1
2464,282,539.00,180.00,42.00,17.00,1,2,-1,-1
2464,269,70.00,186.00,47.00,24.00,1,2,-1,-1
2464,244,269.00,186.00,47.00,20.00,1,2,-1,-1
2464,246,421.00,182.00,46.00,17.00,1,2,-1,-1
2465,282,540.00,181.00,43.00,17.00,1,2,-1,-1
2465,269,68.00,186.00,50.00,25.00,1,2,-1,-1
2465,244,269.00,186.00,47.00,21.00,1,2,-1,-1
2465,246,422.00,183.00,46.00,17.00,1,2,-1,-1
2466,282,540.00,182.00,43.00,16.00,1,2,-1,-1
2466,269,61.00,187.00,57.00,24.00,1,2,-1,-1
2466,244,269.00,187.00,47.00,20.00,1,2,-1,-1
2466,246,420.00,183.00,48.00,18.00,1,2,-1,-1
2467,269,62.00,187.00,56.00,25.00,1,2,-1,-1
2467,282,540.00,183.00,43.00,16.00,1,2,-1,-1
2467,244,269.00,187.00,47.00,21.00,1,2,-1,-1
2467,246,420.00,184.00,47.00,17.00,1,2,-1,-1
2468,269,68.00,188.00,49.00,24.00,1,2,-1,-1
2468,244,270.00,188.00,46.00,20.00,1,2,-1,-1
2468,282,540.00,183.00,43.00,16.00,1,2,-1,-1
2468,246,420.00,184.00,47.00,18.00,1,2,-1,-1
2469,269,68.00,189.00,51.00,24.00,1,2,-1,-1
2469,244,270.00,188.00,46.00,21.00,1,2,-1,-1
2469,246,420.00,184.00,47.00,18.00,1,2,-1,-1
2469,282,540.00,183.00,44.00,16.00,1,2,-1,-1
2470,269,68.00,189.00,53.00,25.00,1,2,-1,-1
2470,244,269.00,188.00,47.00,21.00,1,2,-1,-1
2470,246,420.00,185.00,47.00,18.00,1,2,-1,-1
2470,282,540.00,184.00,44.00,16.00,1,2,-1,-1
2471,269,67.00,190.00,50.00,25.00,1,2,-1,-1
2471,246,414.00,185.00,52.00,19.00,1,2,-1,-1
2471,244,270.00,189.00,46.00,21.00,1,2,-1,-1
2471,282,540.00,184.00,44.00,17.00,1,2,-1,-1
2472,269,66.00,190.00,63.00,24.00,1,2,-1,-1
2472,246,416.00,185.00,50.00,18.00,1,2,-1,-1
2472,244,269.00,189.00,47.00,21.00,1,2,-1,-1
2472,282,540.00,184.00,44.00,17.00,1,2,-1,-1
2473,284,67.00,189.00,48.00,25.00,1,8,-1,-1
2473,269,67.00,189.00,49.00,25.00,1,2,-1,-1
2473,246,420.00,185.00,46.00,18.00,1,2,-1,-1
2473,244,270.00,188.00,46.00,21.00,1,2,-1,-1
2473,282,541.00,184.00,43.00,17.00,1,2,-1,-1
2474,269,66.00,189.00,53.00,25.00,1,2,-1,-1
2474,244,270.00,188.00,46.00,21.00,1,2,-1,-1
2474,246,420.00,185.00,46.00,18.00,1,2,-1,-1
2474,282,541.00,184.00,44.00,17.00,1,2,-1,-1
2475,285,66.00,189.00,47.00,25.00,1,8,-1,-1
2475,286,220.00,193.00,24.00,17.00,1,2,-1,-1
2475,244,270.00,188.00,46.00,21.00,1,2,-1,-1
2475,246,420.00,185.00,46.00,18.00,1,2,-1,-1
2475,282,542.00,184.00,44.00,17.00,1,2,-1,-1
2476,287,66.00,189.00,49.00,26.00,1,2,-1,-1
2476,246,421.00,185.00,45.00,18.00,1,2,-1,-1
2476,244,270.00,188.00,46.00,21.00,1,2,-1,-1
2476,282,542.00,184.00,44.00,17.00,1,2,-1,-1
2477,287,65.00,190.00,49.00,25.00,1,2,-1,-1
2477,246,420.00,186.00,47.00,17.00,1,2,-1,-1
2477,244,269.00,188.00,47.00,22.00,1,2,-1,-1
2477,282,541.00,184.00,45.00,17.00,1,2,-1,-1
2478,287,66.00,190.00,48.00,25.00,1,2,-1,-1
2478,246,416.00,186.00,51.00,18.00,1,2,-1,-1
2478,244,269.00,189.00,47.00,21.00,1,2,-1,-1
2478,282,542.00,185.00,44.00,17.00,1,2,-1,-1
2479,288,65.00,190.00,48.00,25.00,1,8,-1,-1
2479,287,65.00,190.00,48.00,25.00,1,2,-1,-1
2479,246,420.00,186.00,47.00,18.00,1,2,-1,-1
2479,244,269.00,189.00,47.00,22.00,1,2,-1,-1
2479,282,542.00,185.00,44.00,17.00,1,2,-1,-1
2480,287,65.00,189.00,47.00,26.00,1,2,-1,-1
2480,288,64.00,189.00,49.00,26.00,1,8,-1,-1
2480,246,416.00,186.00,50.00,18.00,1,2,-1,-1
2480,282,542.00,185.00,44.00,18.00,1,2,-1,-1
2480,244,269.00,189.00,47.00,22.00,1,2,-1,-1
2481,287,64.00,189.00,48.00,26.00,1,2,-1,-1
2481,288,64.00,190.00,48.00,26.00,1,8,-1,-1
2481,246,420.00,186.00,46.00,19.00,1,2,-1,-1
2481,282,542.00,185.00,44.00,18.00,1,2,-1,-1
2481,244,269.00,190.00,46.00,21.00,1,2,-1,-1
2482,288,65.00,189.00,48.00,27.00,1,8,-1,-1
2482,246,421.00,187.00,45.00,18.00,1,2,-1,-1
2482,282,542.00,185.00,46.00,18.00,1,2,-1,-1
2482,244,269.00,189.00,47.00,22.00,1,2,-1,-1
2483,289,65.00,190.00,47.00,25.00,1,2,-1,-1
2483,288,65.00,190.00,48.00,25.00,1,8,-1,-1
2483,282,542.00,186.00,45.00,18.00,1,2,-1,-1
2483,246,420.00,187.00,46.00,18.00,1,2,-1,-1
2483,244,269.00,190.00,47.00,22.00,1,2,-1,-1
2484,288,65.00,190.00,49.00,26.00,1,8,-1,-1
2484,246,419.00,188.00,47.00,18.00,1,2,-1,-1
2484,244,270.00,190.00,46.00,21.00,1,2,-1,-1
2484,282,542.00,186.00,45.00,17.00,1,2,-1,-1
2485,288,66.00,191.00,47.00,24.00,1,8,-1,-1
2485,290,65.00,191.00,49.00,25.00,1,2,-1,-1
2485,246,417.00,188.00,49.00,18.00,1,2,-1,-1
2485,244,270.00,191.00,46.00,21.00,1,2,-1,-1
2485,282,542.00,186.00,45.00,18.00,1,2,-1,-1
2486,290,65.00,192.00,49.00,24.00,1,2,-1,-1
2486,246,416.00,188.00,50.00,18.00,1,2,-1,-1
2486,282,542.00,187.00,44.00,17.00,1,2,-1,-1
2486,244,269.00,191.00,47.00,21.00,1,2,-1,-1
2487,290,65.00,191.00,49.00,25.00,1,2,-1,-1
2487,246,418.00,188.00,48.00,18.00,1,2,-1,-1
2487,282,542.00,187.00,44.00,18.00,1,2,-1,-1
2487,244,269.00,191.00,47.00,21.00,1,2,-1,-1
2488,290,65.00,190.00,49.00,26.00,1,2,-1,-1
2488,291,65.00,191.00,49.00,25.00,1,8,-1,-1
2488,282,542.00,187.00,44.00,17.00,1,2,-1,-1
2488,246,421.00,189.00,45.00,17.00,1,2,-1,-1
2488,244,270.00,191.00,46.00,21.00,1,2,-1,-1
2489,290,66.00,191.00,49.00,24.00,1,2,-1,-1
2489,282,544.00,186.00,44.00,18.00,1,2,-1,-1
2489,246,422.00,188.00,44.00,18.00,1,2,-1,-1
2489,244,267.00,190.00,50.00,21.00,1,2,-1,-1
2490,290,67.00,189.00,48.00,26.00,1,2,-1,-1
2490,282,543.00,185.00,46.00,18.00,1,2,-1,-1
2490,244,270.00,190.00,48.00,20.00,1,2,-1,-1
2490,246,423.00,187.00,44.00,18.00,1,2,-1,-1
2491,290,69.00,188.00,49.00,25.00,1,2,-1,-1
2491,282,546.00,184.00,44.00,18.00,1,2,-1,-1
2491,246,424.00,186.00,45.00,17.00,1,2,-1,-1
2491,244,268.00,188.00,52.00,21.00,1,2,-1,-1
2492,292,70.00,186.00,48.00,26.00,1,8,-1,-1
2492,290,70.00,186.00,48.00,26.00,1,2,-1,-1
2492,282,547.00,183.00,44.00,17.00,1,2,-1,-1
2492,244,268.00,187.00,52.00,21.00,1,2,-1,-1
2492,246,426.00,185.00,44.00,17.00,1,2,-1,-1
2493,290,70.00,186.00,48.00,26.00,1,2,-1,-1
2493,282,548.00,182.00,44.00,17.00,1,2,-1,-1
2493,246,425.00,184.00,45.00,17.00,1,2,-1,-1
2493,244,268.00,186.00,52.00,21.00,1,2,-1,-1
2494,290,70.00,186.00,48.00,26.00,1,2,-1,-1
2494,282,546.00,181.00,46.00,19.00,1,2,-1,-1
2494,246,425.00,184.00,45.00,17.00,1,2,-1,-1
2494,244,267.00,186.00,54.00,21.00,1,2,-1,-1
2495,290,70.00,186.00,48.00,26.00,1,2,-1,-1
2495,282,546.00,182.00,44.00,17.00,1,2,-1,-1
2495,246,425.00,183.00,44.00,18.00,1,2,-1,-1
2495,244,265.00,186.00,56.00,21.00,1,2,-1,-1
2496,290,70.00,186.00,48.00,25.00,1,2,-1,-1
2496,282,546.00,181.00,45.00,18.00,1,2,-1,-1
2496,246,424.00,183.00,45.00,18.00,1,2,-1,-1
2496,244,265.00,186.00,56.00,20.00,1,2,-1,-1
2497,290,70.00,185.00,48.00,25.00,1,2,-1,-1
2497,293,70.00,185.00,48.00,25.00,1,8,-1,-1
2497,282,545.00,180.00,46.00,19.00,1,2,-1,-1
2497,246,424.00,182.00,45.00,18.00,1,2,-1,-1
2497,244,266.00,185.00,54.00,21.00,1,2,-1,-1
2498,290,70.00,185.00,48.00,24.00,1,2,-1,-1
2498,293,71.00,185.00,47.00,24.00,1,8,-1,-1
2498,282,546.00,179.00,44.00,19.00,1,2,-1,-1
2498,246,424.00,181.00,45.00,19.00,1,2,-1,-1
2498,244,266.00,185.00,54.00,21.00,1,2,-1,-1
2499,282,548.00,177.00,42.00,20.00,1,2,-1,-1
2499,290,71.00,185.00,47.00,24.00,1,2,-1,-1
2499,246,423.00,181.00,45.00,18.00,1,2,-1,-1
2499,244,265.00,184.00,55.00,21.00,1,2,-1,-1
2500,294,71.00,185.00,47.00,24.00,1,8,-1,-1
2500,290,70.00,185.00,48.00,24.00,1,2,-1,-1
2500,282,548.00,177.00,42.00,20.00,1,2,-1,-1
2500,246,423.00,180.00,45.00,18.00,1,2,-1,-1
2500,244,265.00,184.00,55.00,21.00,1,2,-1,-1
2501,282,546.00,177.00,44.00,20.00,1,2,-1,-1
2501,290,70.00,185.00,48.00,24.00,1,2,-1,-1
2501,246,423.00,181.00,44.00,17.00,1,2,-1,-1
2501,244,264.00,184.00,56.00,21.00,1,2,-1,-1
2502,295,69.00,186.00,46.00,23.00,1,8,-1,-1
2502,290,69.00,186.00,47.00,23.00,1,2,-1,-1
2502,282,542.00,178.00,47.00,19.00,1,2,-1,-1
2502,246,421.00,181.00,46.00,17.00,1,2,-1,-1
2502,244,262.00,184.00,57.00,21.00,1,2,-1,-1
2503,282,542.00,178.00,46.00,19.00,1,2,-1,-1
2503,290,68.00,186.00,48.00,24.00,1,2,-1,-1
2503,246,421.00,181.00,44.00,17.00,1,2,-1,-1
2503,244,261.00,184.00,57.00,21.00,1,2,-1,-1
2504,290,68.00,186.00,47.00,24.00,1,2,-1,-1
2504,296,68.00,186.00,47.00,24.00,1,8,-1,-1
2504,282,540.00,178.00,47.00,19.00,1,2,-1,-1
2504,244,265.00,184.00,53.00,22.00,1,2,-1,-1
2504,246,420.00,181.00,45.00,18.00,1,2,-1,-1
2505,296,67.00,187.00,47.00,23.00,1,8,-1,-1
2505,290,67.00,187.00,47.00,23.00,1,2,-1,-1
2505,282,540.00,178.00,47.00,19.00,1,2,-1,-1
2505,246,419.00,181.00,45.00,18.00,1,2,-1,-1
2505,244,262.00,184.00,56.00,22.00,1,2,-1,-1
2506,290,66.00,189.00,48.00,22.00,1,2,-1,-1
2506,282,538.00,178.00,48.00,19.00,1,2,-1,-1
2506,246,418.00,181.00,45.00,18.00,1,2,-1,-1
2506,244,261.00,184.00,56.00,22.00,1,2,-1,-1
2507,282,538.00,178.00,48.00,19.00,1,2,-1,-1
2507,290,67.00,189.00,46.00,21.00,1,2,-1,-1
2507,246,419.00,181.00,44.00,18.00,1,2,-1,-1
2507,244,261.00,184.00,56.00,22.00,1,2,-1,-1
2508,290,67.00,189.00,47.00,22.00,1,2,-1,-1
2508,282,538.00,178.00,47.00,20.00,1,2,-1,-1
2508,244,263.00,184.00,55.00,22.00,1,2,-1,-1
2508,246,418.00,181.00,45.00,18.00,1,2,-1,-1
2509,282,538.00,178.00,47.00,19.00,1,2,-1,-1
2509,290,67.00,189.00,47.00,21.00,1,2,-1,-1
2509,244,259.00,184.00,59.00,22.00,1,2,-1,-1
2509,246,419.00,182.00,43.00,17.00,1,2,-1,-1
2510,282,541.00,178.00,45.00,19.00,1,2,-1,-1
2510,290,67.00,189.00,48.00,22.00,1,2,-1,-1
2510,246,419.00,181.00,44.00,18.00,1,2,-1,-1
2510,244,271.00,185.00,47.00,21.00,1,2,-1,-1
2511,282,545.00,178.00,40.00,19.00,1,2,-1,-1
2511,290,67.00,190.00,47.00,20.00,1,2,-1,-1
2511,244,268.00,185.00,50.00,21.00,1,2,-1,-1
2511,246,419.00,182.00,44.00,17.00,1,2,-1,-1
2512,282,540.00,178.00,46.00,19.00,1,2,-1,-1
2512,290,67.00,189.00,48.00,21.00,1,2,-1,-1
2512,297,67.00,189.00,48.00,21.00,1,8,-1,-1
2512,244,269.00,185.00,49.00,21.00,1,2,-1,-1
2512,246,420.00,182.00,43.00,17.00,1,2,-1,-1
2513,282,542.00,178.00,44.00,19.00,1,2,-1,-1
2513,297,68.00,189.00,47.00,21.00,1,8,-1,-1
2513,290,68.00,189.00,47.00,21.00,1,2,-1,-1
2513,244,266.00,185.00,53.00,20.00,1,2,-1,-1
2513,246,420.00,181.00,43.00,18.00,1,2,-1,-1
2514,282,544.00,177.00,43.00,20.00,1,2,-1,-1
2514,290,68.00,188.00,47.00,22.00,1,2,-1,-1
2514,297,68.00,188.00,48.00,22.00,1,8,-1,-1
2514,244,265.00,184.00,55.00,22.00,1,2,-1,-1
2514,246,420.00,181.00,44.00,18.00,1,2,-1,-1
2515,282,541.00,177.00,46.00,20.00,1,2,-1,-1
2515,290,69.00,189.00,47.00,21.00,1,2,-1,-1
2515,246,420.00,181.00,45.00,18.00,1,2,-1,-1
2515,244,274.00,184.00,46.00,22.00,1,2,-1,-1
2516,282,545.00,178.00,42.00,19.00,1,2,-1,-1
2516,290,68.00,188.00,46.00,22.00,1,2,-1,-1
2516,298,68.00,189.00,47.00,21.00,1,8,-1,-1
2516,246,420.00,181.00,44.00,18.00,1,2,-1,-1
2516,244,274.00,185.00,46.00,21.00,1,2,-1,-1
2517,282,552.00,178.00,34.00,19.00,1,2,-1,-1
2517,298,68.00,189.00,47.00,20.00,1,8,-1,-1
2517,290,69.00,189.00,44.00,21.00,1,2,-1,-1
2517,244,270.00,185.00,51.00,21.00,1,2,-1,-1
2517,246,420.00,181.00,44.00,18.00,1,2,-1,-1
2518,282,544.00,179.00,42.00,19.00,1,2,-1,-1
2518,298,69.00,190.00,46.00,19.00,1,8,-1,-1
2518,246,421.00,181.00,44.00,18.00,1,2,-1,-1
2518,244,274.00,185.00,47.00,21.00,1,2,-1,-1
2519,282,542.00,178.00,44.00,20.00,1,2,-1,-1
2519,298,69.00,190.00,48.00,20.00,1,8,-1,-1
2519,244,274.00,185.00,47.00,21.00,1,2,-1,-1
2519,246,421.00,182.00,43.00,18.00,1,2,-1,-1
2520,282,551.00,179.00,35.00,19.00,1,2,-1,-1
2520,298,69.00,191.00,48.00,20.00,1,8,-1,-1
2520,246,420.00,182.00,44.00,18.00,1,2,-1,-1
2520,244,273.00,185.00,49.00,21.00,1,2,-1,-1
2521,282,552.00,179.00,34.00,19.00,1,2,-1,-1
2521,298,69.00,190.00,48.00,21.00,1,8,-1,-1
2521,246,421.00,182.00,43.00,18.00,1,2,-1,-1
2521,244,274.00,185.00,48.00,21.00,1,2,-1,-1
2522,282,551.00,179.00,35.00,19.00,1,2,-1,-1
2522,299,69.00,191.00,48.00,20.00,1,2,-1,-1
2522,298,69.00,192.00,48.00,19.00,1,8,-1,-1
2522,246,420.00,182.00,44.00,18.00,1,2,-1,-1
2522,244,276.00,185.00,46.00,21.00,1,2,-1,-1
2523,282,542.00,178.00,44.00,20.00,1,2,-1,-1
2523,299,69.00,190.00,45.00,20.00,1,2,-1,-1
2523,298,69.00,191.00,45.00,19.00,1,8,-1,-1
2523,246,420.00,182.00,43.00,18.00,1,2,-1,-1
2523,244,275.00,185.00,46.00,21.00,1,2,-1,-1
2524,299,68.00,190.00,48.00,21.00,1,2,-1,-1
2524,282,539.00,178.00,47.00,20.00,1,2,-1,-1
2524,298,68.00,191.00,48.00,20.00,1,8,-1,-1
2524,246,420.00,182.00,43.00,17.00,1,2,-1,-1
2524,244,274.00,185.00,47.00,21.00,1,2,-1,-1
2525,299,68.00,191.00,48.00,20.00,1,2,-1,-1
2525,282,540.00,178.00,44.00,20.00,1,2,-1,-1
2525,298,68.00,192.00,48.00,19.00,1,8,-1,-1
2525,246,420.00,182.00,43.00,17.00,1,2,-1,-1
2525,244,275.00,185.00,46.00,21.00,1,2,-1,-1
2526,298,68.00,192.00,47.00,19.00,1,8,-1,-1
2526,282,540.00,178.00,44.00,19.00,1,2,-1,-1
2526,299,68.00,191.00,47.00,20.00,1,2,-1,-1
2526,246,420.00,182.00,42.00,17.00,1,2,-1,-1
2526,244,276.00,185.00,44.00,21.00,1,2,-1,-1
2527,298,68.00,191.00,47.00,20.00,1,8,-1,-1
2527,282,540.00,178.00,44.00,19.00,1,2,-1,-1
2527,299,68.00,191.00,47.00,20.00,1,2,-1,-1
2527,246,420.00,182.00,42.00,17.00,1,2,-1,-1
2527,244,275.00,185.00,45.00,21.00,1,2,-1,-1
2528,298,68.00,192.00,47.00,18.00,1,8,-1,-1
2528,282,540.00,178.00,44.00,19.00,1,2,-1,-1
2528,299,68.00,190.00,47.00,21.00,1,2,-1,-1
2528,246,419.00,182.00,43.00,18.00,1,2,-1,-1
2528,244,274.00,185.00,46.00,21.00,1,2,-1,-1
2529,298,68.00,191.00,47.00,20.00,1,8,-1,-1
2529,282,540.00,178.00,44.00,19.00,1,2,-1,-1
2529,299,68.00,191.00,47.00,20.00,1,2,-1,-1
2529,246,419.00,182.00,43.00,17.00,1,2,-1,-1
2529,244,275.00,185.00,45.00,21.00,1,2,-1,-1
2530,282,540.00,179.00,44.00,18.00,1,2,-1,-1
2530,298,68.00,192.00,47.00,19.00,1,8,-1,-1
2530,299,68.00,191.00,47.00,20.00,1,2,-1,-1
2530,246,418.00,182.00,44.00,18.00,1,2,-1,-1
2530,244,275.00,185.00,45.00,21.00,1,2,-1,-1
2531,282,551.00,179.00,31.00,18.00,1,2,-1,-1
2531,298,68.00,192.00,47.00,19.00,1,8,-1,-1
2531,299,68.00,191.00,47.00,20.00,1,2,-1,-1
2531,246,418.00,182.00,44.00,18.00,1,2,-1,-1
2531,244,274.00,185.00,46.00,21.00,1,2,-1,-1
2532,282,550.00,179.00,32.00,19.00,1,2,-1,-1
2532,298,68.00,192.00,47.00,19.00,1,8,-1,-1
2532,299,68.00,192.00,47.00,19.00,1,2,-1,-1
2532,246,418.00,182.00,44.00,18.00,1,2,-1,-1
2532,244,276.00,185.00,44.00,22.00,1,2,-1,-1
2533,298,68.00,192.00,46.00,19.00,1,8,-1,-1
2533,282,552.00,180.00,30.00,18.00,1,2,-1,-1
2533,299,68.00,192.00,46.00,19.00,1,2,-1,-1
2533,244,276.00,185.00,45.00,22.00,1,2,-1,-1
2533,246,418.00,182.00,44.00,18.00,1,2,-1,-1
2534,282,552.00,180.00,30.00,18.00,1,2,-1,-1
2534,298,68.00,192.00,47.00,19.00,1,8,-1,-1
2534,299,68.00,192.00,47.00,20.00,1,2,-1,-1
2534,244,276.00,186.00,45.00,21.00,1,2,-1,-1
2534,246,418.00,183.00,43.00,18.00,1,2,-1,-1
2535,282,552.00,181.00,31.00,18.00,1,2,-1,-1
2535,298,68.00,192.00,47.00,20.00,1,8,-1,-1
2535,299,69.00,191.00,46.00,21.00,1,2,-1,-1
2535,246,418.00,183.00,44.00,18.00,1,2,-1,-1
2535,244,276.00,186.00,46.00,21.00,1,2,-1,-1
2536,282,552.00,181.00,31.00,18.00,1,2,-1,-1
2536,298,68.00,192.00,47.00,20.00,1,8,-1,-1
2536,299,69.00,192.00,46.00,20.00,1,2,-1,-1
2536,244,275.00,186.00,47.00,22.00,1,2,-1,-1
2536,246,418.00,184.00,44.00,18.00,1,2,-1,-1
2537,299,69.00,192.00,46.00,20.00,1,2,-1,-1
2537,298,69.00,192.00,45.00,20.00,1,8,-1,-1
2537,282,552.00,181.00,32.00,18.00,1,2,-1,-1
2537,244,276.00,187.00,46.00,21.00,1,2,-1,-1
2537,246,418.00,183.00,44.00,18.00,1,2,-1,-1
2538,298,69.00,193.00,47.00,19.00,1,8,-1,-1
2538,299,69.00,193.00,47.00,19.00,1,2,-1,-1
2538,244,276.00,187.00,46.00,21.00,1,2,-1,-1
2538,246,418.00,184.00,44.00,18.00,1,2,-1,-1
2539,300,538.00,183.00,17.00,14.00,1,2,-1,-1
2539,301,554.00,182.00,30.00,18.00,1,2,-1,-1
2539,298,69.00,193.00,47.00,19.00,1,8,-1,-1
2539,299,70.00,193.00,46.00,20.00,1,2,-1,-1
2539,244,276.00,187.00,46.00,21.00,1,2,-1,-1
2539,246,419.00,185.00,43.00,17.00,1,2,-1,-1
2540,298,70.00,193.00,47.00,19.00,1,8,-1,-1
2540,299,70.00,193.00,47.00,20.00,1,2,-1,-1
2540,244,277.00,188.00,46.00,21.00,1,2,-1,-1
2540,246,418.00,185.00,44.00,17.00,1,2,-1,-1
2541,298,69.00,193.00,47.00,19.00,1,8,-1,-1
2541,299,70.00,193.00,46.00,19.00,1,2,-1,-1
2541,244,278.00,188.00,45.00,21.00,1,2,-1,-1
2541,246,419.00,185.00,43.00,18.00,1,2,-1,-1
2542,298,69.00,193.00,47.00,19.00,1,8,-1,-1
2542,299,70.00,193.00,47.00,19.00,1,2,-1,-1
2542,244,277.00,188.00,46.00,21.00,1,2,-1,-1
2542,246,420.00,185.00,42.00,18.00,1,2,-1,-1
2543,298,70.00,193.00,46.00,19.00,1,8,-1,-1
2543,244,278.00,188.00,46.00,21.00,1,2,-1,-1
2543,299,70.00,194.00,46.00,18.00,1,2,-1,-1
2543,246,419.00,185.00,43.00,18.00,1,2,-1,-1
2544,298,70.00,193.00,47.00,19.00,1,8,-1,-1
2544,244,278.00,188.00,46.00,21.00,1,2,-1,-1
2544,299,70.00,193.00,47.00,19.00,1,2,-1,-1
2544,246,419.00,185.00,43.00,18.00,1,2,-1,-1
2545,244,277.00,188.00,47.00,21.00,1,2,-1,-1
2545,299,70.00,194.00,46.00,19.00,1,2,-1,-1
2545,246,419.00,185.00,43.00,18.00,1,2,-1,-1
2546,302,70.00,193.00,46.00,19.00,1,8,-1,-1
2546,299,70.00,194.00,47.00,18.00,1,2,-1,-1
2546,244,278.00,188.00,46.00,21.00,1,2,-1,-1
2546,246,419.00,185.00,43.00,18.00,1,2,-1,-1
2547,302,70.00,193.00,46.00,19.00,1,8,-1,-1
2547,244,278.00,187.00,46.00,22.00,1,2,-1,-1
2547,299,70.00,193.00,46.00,19.00,1,2,-1,-1
2547,246,419.00,185.00,43.00,18.00,1,2,-1,-1
2548,302,70.00,193.00,46.00,19.00,1,8,-1,-1
2548,244,278.00,187.00,46.00,22.00,1,2,-1,-1
2548,299,71.00,193.00,45.00,19.00,1,2,-1,-1
2548,246,419.00,185.00,43.00,18.00,1,2,-1,-1
2549,302,70.00,193.00,46.00,19.00,1,8,-1,-1
2549,244,278.00,188.00,46.00,21.00,1,2,-1,-1
2549,299,70.00,193.00,46.00,19.00,1,2,-1,-1
2549,246,419.00,185.00,43.00,18.00,1,2,-1,-1
2550,302,70.00,193.00,46.00,19.00,1,8,-1,-1
2550,244,279.00,187.00,45.00,22.00,1,2,-1,-1
2550,299,70.00,193.00,47.00,19.00,1,2,-1,-1
2550,246,419.00,185.00,42.00,18.00,1,2,-1,-1
2551,302,70.00,192.00,47.00,20.00,1,8,-1,-1
2551,244,279.00,187.00,45.00,22.00,1,2,-1,-1
2551,299,71.00,192.00,46.00,20.00,1,2,-1,-1
2551,246,419.00,185.00,42.00,18.00,1,2,-1,-1
2552,302,70.00,192.00,47.00,20.00,1,8,-1,-1
2552,299,71.00,192.00,46.00,20.00,1,2,-1,-1
2552,244,279.00,188.00,45.00,21.00,1,2,-1,-1
2552,246,419.00,185.00,42.00,18.00,1,2,-1,-1
2553,303,538.00,182.00,45.00,18.00,1,2,-1,-1
2553,302,70.00,193.00,47.00,18.00,1,8,-1,-1
2553,299,71.00,192.00,46.00,20.00,1,2,-1,-1
2553,244,279.00,187.00,46.00,21.00,1,2,-1,-1
2553,246,419.00,185.00,42.00,17.00,1,2,-1,-1
2554,303,539.00,182.00,43.00,18.00,1,2,-1,-1
2554,302,70.00,191.00,48.00,20.00,1,8,-1,-1
2554,299,71.00,191.00,47.00,21.00,1,2,-1,-1
2554,244,279.00,187.00,46.00,22.00,1,2,-1,-1
2554,246,418.00,185.00,43.00,17.00,1,2,-1,-1
2555,303,544.00,182.00,38.00,19.00,1,2,-1,-1
2555,299,71.00,192.00,46.00,20.00,1,2,-1,-1
2555,244,280.00,187.00,44.00,21.00,1,2,-1,-1
2555,246,419.00,185.00,42.00,18.00,1,2,-1,-1
2556,303,538.00,182.00,44.00,18.00,1,2,-1,-1
2556,304,70.00,192.00,46.00,19.00,1,8,-1,-1
2556,299,71.00,192.00,46.00,20.00,1,2,-1,-1
2556,244,280.00,187.00,44.00,21.00,1,2,-1,-1
2556,246,419.00,185.00,42.00,17.00,1,2,-1,-1
2557,303,540.00,182.00,44.00,19.00,1,2,-1,-1
2557,299,71.00,192.00,47.00,20.00,1,2,-1,-1
2557,244,279.00,187.00,46.00,21.00,1,2,-1,-1
2557,246,419.00,185.00,42.00,17.00,1,2,-1,-1
2558,303,540.00,182.00,42.00,19.00,1,2,-1,-1
2558,299,71.00,192.00,46.00,20.00,1,2,-1,-1
2558,244,280.00,187.00,44.00,21.00,1,2,-1,-1
2558,246,419.00,185.00,42.00,18.00,1,2,-1,-1
2559,303,540.00,183.00,42.00,19.00,1,2,-1,-1
2559,305,70.00,192.00,46.00,19.00,1,8,-1,-1
2559,299,70.00,192.00,47.00,20.00,1,2,-1,-1
2559,244,280.00,187.00,44.00,22.00,1,2,-1,-1
2559,246,419.00,185.00,41.00,18.00,1,2,-1,-1
2560,303,540.00,182.00,43.00,19.00,1,2,-1,-1
2560,299,70.00,192.00,47.00,20.00,1,2,-1,-1
2560,244,279.00,187.00,46.00,22.00,1,2,-1,-1
2560,246,419.00,185.00,42.00,18.00,1,2,-1,-1
2561,303,538.00,182.00,44.00,19.00,1,2,-1,-1
2561,299,70.00,192.00,47.00,20.00,1,2,-1,-1
2561,244,278.00,187.00,47.00,21.00,1,2,-1,-1
2561,246,419.00,185.00,41.00,18.00,1,2,-1,-1
2562,303,539.00,182.00,44.00,19.00,1,2,-1,-1
2562,299,70.00,191.00,47.00,21.00,1,2,-1,-1
2562,244,278.00,187.00,47.00,21.00,1,2,-1,-1
2562,246,419.00,185.00,41.00,18.00,1,2,-1,-1
2563,303,543.00,182.00,39.00,18.00,1,2,-1,-1
2563,299,70.00,191.00,47.00,21.00,1,2,-1,-1
2563,244,279.00,187.00,46.00,21.00,1,2,-1,-1
2563,246,419.00,185.00,41.00,17.00,1,2,-1,-1
2564,303,538.00,182.00,46.00,18.00,1,2,-1,-1
2564,299,70.00,191.00,46.00,21.00,1,2,-1,-1
2564,244,278.00,187.00,47.00,21.00,1,2,-1,-1
2564,246,419.00,185.00,42.00,17.00,1,2,-1,-1
2565,303,540.00,182.00,42.00,18.00,1,2,-1,-1
2565,299,70.00,191.00,38.00,20.00,1,2,-1,-1
2565,244,279.00,186.00,46.00,22.00,1,2,-1,-1
2565,246,419.00,184.00,41.00,18.00,1,2,-1,-1
2566,303,538.00,181.00,44.00,19.00,1,2,-1,-1
2566,299,70.00,191.00,38.00,20.00,1,2,-1,-1
2566,244,279.00,187.00,47.00,21.00,1,2,-1,-1
2566,246,419.00,184.00,42.00,18.00,1,2,-1,-1
2567,303,539.00,181.00,43.00,19.00,1,2,-1,-1
2567,299,70.00,191.00,38.00,20.00,1,2,-1,-1
2567,244,279.00,187.00,46.00,21.00,1,2,-1,-1
2567,246,419.00,184.00,42.00,18.00,1,2,-1,-1
2568,303,538.00,181.00,44.00,19.00,1,2,-1,-1
2568,299,70.00,191.00,37.00,20.00,1,2,-1,-1
2568,244,279.00,187.00,46.00,21.00,1,2,-1,-1
2568,246,418.00,184.00,42.00,18.00,1,2,-1,-1
2569,303,538.00,181.00,43.00,19.00,1,2,-1,-1
2569,299,70.00,191.00,39.00,20.00,1,2,-1,-1
2569,244,279.00,186.00,47.00,22.00,1,2,-1,-1
2569,246,419.00,184.00,42.00,18.00,1,2,-1,-1
2570,303,538.00,182.00,42.00,19.00,1,2,-1,-1
2570,299,70.00,192.00,38.00,19.00,1,2,-1,-1
2570,246,418.00,184.00,42.00,18.00,1,2,-1,-1
2570,244,280.00,187.00,46.00,21.00,1,2,-1,-1
2571,299,69.00,191.00,38.00,20.00,1,2,-1,-1
2571,244,279.00,187.00,47.00,21.00,1,2,-1,-1
2571,246,418.00,185.00,42.00,17.00,1,2,-1,-1
2572,306,540.00,183.00,39.00,18.00,1,2,-1,-1
2572,299,70.00,191.00,37.00,19.00,1,2,-1,-1
2572,244,279.00,187.00,47.00,21.00,1,2,-1,-1
2572,246,418.00,185.00,42.00,18.00,1,2,-1,-1
2573,306,538.00,182.00,42.00,19.00,1,2,-1,-1
2573,299,70.00,191.00,37.00,20.00,1,2,-1,-1
2573,244,279.00,187.00,47.00,21.00,1,2,-1,-1
2573,246,418.00,185.00,42.00,18.00,1,2,-1,-1
2574,306,538.00,182.00,42.00,19.00,1,2,-1,-1
2574,299,69.00,191.00,39.00,20.00,1,2,-1,-1
2574,244,280.00,187.00,46.00,21.00,1,2,-1,-1
2574,246,418.00,185.00,42.00,18.00,1,2,-1,-1
2575,306,538.00,182.00,42.00,19.00,1,2,-1,-1
2575,299,69.00,191.00,38.00,20.00,1,2,-1,-1
2575,244,280.00,188.00,46.00,21.00,1,2,-1,-1
2575,246,418.00,185.00,42.00,18.00,1,2,-1,-1
2576,306,538.00,183.00,42.00,18.00,1,2,-1,-1
2576,299,69.00,192.00,38.00,19.00,1,2,-1,-1
2576,244,280.00,188.00,46.00,22.00,1,2,-1,-1
2576,246,418.00,186.00,42.00,17.00,1,2,-1,-1
2577,306,536.00,183.00,42.00,19.00,1,2,-1,-1
2577,299,69.00,192.00,38.00,20.00,1,2,-1,-1
2577,244,279.00,188.00,47.00,22.00,1,2,-1,-1
2577,246,418.00,186.00,42.00,17.00,1,2,-1,-1
2578,306,534.00,182.00,44.00,20.00,1,2,-1,-1
2578,299,67.00,192.00,41.00,19.00,1,2,-1,-1
2578,244,279.00,189.00,46.00,21.00,1,2,-1,-1
2578,246,418.00,186.00,42.00,18.00,1,2,-1,-1
2579,306,534.00,183.00,42.00,19.00,1,2,-1,-1
2579,299,69.00,192.00,40.00,20.00,1,2,-1,-1
2579,244,279.00,189.00,46.00,21.00,1,2,-1,-1
2579,246,417.00,186.00,42.00,18.00,1,2,-1,-1
2580,306,535.00,182.00,43.00,20.00,1,2,-1,-1
2580,299,69.00,192.00,38.00,20.00,1,2,-1,-1
2580,244,280.00,189.00,45.00,21.00,1,2,-1,-1
2580,246,418.00,186.00,42.00,18.00,1,2,-1,-1
2581,306,535.00,182.00,43.00,20.00,1,2,-1,-1
2581,299,62.00,193.00,47.00,20.00,1,2,-1,-1
2581,244,280.00,190.00,45.00,20.00,1,2,-1,-1
2581,246,417.00,186.00,43.00,18.00,1,2,-1,-1
2582,306,535.00,181.00,42.00,21.00,1,2,-1,-1
2582,299,54.00,193.00,54.00,20.00,1,2,-1,-1
2582,244,280.00,190.00,45.00,21.00,1,2,-1,-1
2582,246,417.00,187.00,43.00,17.00,1,2,-1,-1
2583,306,534.00,183.00,42.00,19.00,1,2,-1,-1
2583,299,62.00,194.00,44.00,19.00,1,2,-1,-1
2583,244,280.00,190.00,45.00,21.00,1,2,-1,-1
2583,246,417.00,187.00,42.00,18.00,1,2,-1,-1
2584,306,534.00,183.00,42.00,20.00,1,2,-1,-1
2584,299,63.00,194.00,45.00,19.00,1,2,-1,-1
2584,244,280.00,190.00,45.00,22.00,1,2,-1,-1
2584,246,417.00,187.00,42.00,18.00,1,2,-1,-1
2585,306,534.00,184.00,42.00,19.00,1,2,-1,-1
2585,299,56.00,193.00,49.00,20.00,1,2,-1,-1
2585,244,279.00,191.00,46.00,21.00,1,2,-1,-1
2585,246,416.00,188.00,42.00,17.00,1,2,-1,-1
2586,306,534.00,186.00,38.00,17.00,1,2,-1,-1
2586,299,53.00,194.00,52.00,20.00,1,2,-1,-1
2586,244,279.00,191.00,45.00,21.00,1,2,-1,-1
2586,246,416.00,188.00,41.00,18.00,1,2,-1,-1
2587,306,534.00,186.00,40.00,18.00,1,2,-1,-1
2587,299,50.00,194.00,55.00,20.00,1,2,-1,-1
2587,244,278.00,192.00,46.00,20.00,1,2,-1,-1
2587,246,416.00,188.00,41.00,18.00,1,2,-1,-1
2588,306,534.00,186.00,39.00,18.00,1,2,-1,-1
2588,299,56.00,194.00,49.00,20.00,1,2,-1,-1
2588,244,278.00,192.00,46.00,20.00,1,2,-1,-1
2588,246,416.00,189.00,42.00,17.00,1,2,-1,-1
2589,299,66.00,195.00,38.00,20.00,1,2,-1,-1
2589,306,534.00,187.00,42.00,18.00,1,2,-1,-1
2589,244,279.00,192.00,45.00,20.00,1,2,-1,-1
2589,246,416.00,189.00,41.00,18.00,1,2,-1,-1
2590,306,534.00,187.00,38.00,19.00,1,2,-1,-1
2590,299,67.00,196.00,37.00,19.00,1,2,-1,-1
2590,246,415.00,189.00,43.00,18.00,1,2,-1,-1
2590,244,279.00,193.00,45.00,20.00,1,2,-1,-1
2591,306,534.00,189.00,38.00,17.00,1,2,-1,-1
2591,299,67.00,196.00,37.00,20.00,1,2,-1,-1
2591,246,415.00,190.00,42.00,18.00,1,2,-1,-1
2591,244,280.00,194.00,44.00,20.00,1,2,-1,-1
2592,306,533.00,190.00,39.00,17.00,1,2,-1,-1
2592,299,67.00,197.00,37.00,20.00,1,2,-1,-1
2592,246,415.00,191.00,41.00,18.00,1,2,-1,-1
2592,244,280.00,194.00,44.00,20.00,1,2,-1,-1
2593,306,532.00,190.00,42.00,17.00,1,2,-1,-1
2593,299,60.00,198.00,44.00,20.00,1,2,-1,-1
2593,246,414.00,192.00,42.00,18.00,1,2,-1,-1
2593,244,280.00,195.00,44.00,20.00,1,2,-1,-1
2594,306,532.00,191.00,38.00,17.00,1,2,-1,-1
2594,299,62.00,199.00,40.00,20.00,1,2,-1,-1
2594,246,414.00,192.00,42.00,19.00,1,2,-1,-1
2594,244,279.00,196.00,45.00,20.00,1,2,-1,-1
2595,306,532.00,191.00,36.00,18.00,1,2,-1,-1
2595,299,52.00,200.00,50.00,20.00,1,2,-1,-1
2595,246,414.00,194.00,42.00,18.00,1,2,-1,-1
2595,244,278.00,197.00,46.00,20.00,1,2,-1,-1
2596,306,531.00,192.00,42.00,18.00,1,2,-1,-1
2596,299,51.00,200.00,51.00,20.00,1,2,-1,-1
2596,246,414.00,194.00,41.00,18.00,1,2,-1,-1
2596,244,278.00,197.00,45.00,21.00,1,2,-1,-1
2597,306,531.00,192.00,35.00,18.00,1,2,-1,-1
2597,299,51.00,200.00,51.00,21.00,1,2,-1,-1
2597,246,414.00,194.00,41.00,19.00,1,2,-1,-1
2597,244,278.00,198.00,44.00,20.00,1,2,-1,-1
2598,306,530.00,192.00,41.00,19.00,1,2,-1,-1
2598,299,50.00,200.00,52.00,22.00,1,2,-1,-1
2598,246,414.00,195.00,40.00,18.00,1,2,-1,-1
2598,244,278.00,198.00,45.00,22.00,1,2,-1,-1
2599,306,530.00,193.00,34.00,17.00,1,2,-1,-1
2599,299,49.00,201.00,53.00,22.00,1,2,-1,-1
2599,246,412.00,196.00,42.00,17.00,1,2,-1,-1
2599,244,277.00,199.00,44.00,21.00,1,2,-1,-1
2600,306,528.00,193.00,41.00,18.00,1,2,-1,-1
2600,299,55.00,204.00,47.00,20.00,1,2,-1,-1
2600,246,411.00,196.00,42.00,18.00,1,2,-1,-1
2600,244,275.00,200.00,46.00,21.00,1,2,-1,-1
2601,306,527.00,194.00,42.00,18.00,1,2,-1,-1
2601,299,59.00,206.00,40.00,18.00,1,2,-1,-1
2601,246,410.00,197.00,42.00,18.00,1,2,-1,-1
2601,244,275.00,200.00,45.00,21.00,1,2,-1,-1
2602,306,526.00,194.00,42.00,18.00,1,2,-1,-1
2602,299,58.00,206.00,41.00,19.00,1,2,-1,-1
2602,246,409.00,197.00,41.00,19.00,1,2,-1,-1
2602,244,274.00,201.00,45.00,20.00,1,2,-1,-1
2603,306,525.00,195.00,42.00,18.00,1,2,-1,-1
2603,299,42.00,206.00,56.00,20.00,1,2,-1,-1
2603,246,407.00,198.00,41.00,18.00,1,2,-1,-1
2603,244,273.00,202.00,44.00,20.00,1,2,-1,-1
2604,306,524.00,195.00,42.00,17.00,1,2,-1,-1
2604,299,41.00,206.00,54.00,20.00,1,2,-1,-1
2604,246,406.00,198.00,41.00,18.00,1,2,-1,-1
2604,244,271.00,201.00,45.00,22.00,1,2,-1,-1
2605,306,521.00,195.00,41.00,17.00,1,2,-1,-1
2605,246,404.00,198.00,42.00,18.00,1,2,-1,-1
2605,299,40.00,206.00,53.00,21.00,1,2,-1,-1
2605,244,270.00,202.00,44.00,21.00,1,2,-1,-1
2606,306,518.00,195.00,44.00,17.00,1,2,-1,-1
2606,299,47.00,208.00,47.00,20.00,1,2,-1,-1
2606,246,402.00,198.00,43.00,18.00,1,2,-1,-1
2606,244,268.00,202.00,45.00,21.00,1,2,-1,-1
2607,306,518.00,195.00,42.00,17.00,1,2,-1,-1
2607,299,46.00,208.00,46.00,20.00,1,2,-1,-1
2607,244,267.00,202.00,45.00,22.00,1,2,-1,-1
2607,246,401.00,198.00,42.00,18.00,1,2,-1,-1
2608,306,516.00,194.00,41.00,18.00,1,2,-1,-1
2608,299,49.00,209.00,42.00,19.00,1,2,-1,-1
2608,244,266.00,202.00,44.00,22.00,1,2,-1,-1
2608,246,400.00,198.00,42.00,18.00,1,2,-1,-1
2609,306,516.00,195.00,40.00,17.00,1,2,-1,-1
2609,299,50.00,209.00,39.00,19.00,1,2,-1,-1
2609,244,267.00,202.00,43.00,21.00,1,2,-1,-1
2609,246,399.00,198.00,42.00,18.00,1,2,-1,-1
2610,306,514.00,194.00,42.00,17.00,1,2,-1,-1
2610,299,38.00,208.00,50.00,20.00,1,2,-1,-1
2610,244,265.00,202.00,45.00,21.00,1,2,-1,-1
2610,246,398.00,198.00,42.00,17.00,1,2,-1,-1
2611,299,38.00,208.00,52.00,19.00,1,2,-1,-1
2611,306,514.00,193.00,42.00,18.00,1,2,-1,-1
2611,244,265.00,202.00,44.00,20.00,1,2,-1,-1
2611,246,398.00,197.00,41.00,17.00,1,2,-1,-1
2612,299,39.00,207.00,50.00,19.00,1,2,-1,-1
2612,306,514.00,192.00,42.00,18.00,1,2,-1,-1
2612,244,265.00,201.00,44.00,20.00,1,2,-1,-1
2612,246,398.00,196.00,40.00,18.00,1,2,-1,-1
2613,306,514.00,192.00,42.00,17.00,1,2,-1,-1
2613,299,51.00,206.00,38.00,19.00,1,2,-1,-1
2613,246,398.00,194.00,40.00,19.00,1,2,-1,-1
2613,244,264.00,200.00,45.00,20.00,1,2,-1,-1
2614,299,39.00,204.00,49.00,20.00,1,2,-1,-1
2614,306,514.00,190.00,42.00,18.00,1,2,-1,-1
2614,246,397.00,194.00,41.00,17.00,1,2,-1,-1
2614,244,265.00,198.00,44.00,21.00,1,2,-1,-1
2615,299,39.00,204.00,49.00,20.00,1,2,-1,-1
2615,306,512.00,188.00,42.00,17.00,1,2,-1,-1
2615,246,396.00,192.00,41.00,18.00,1,2,-1,-1
2615,244,264.00,197.00,44.00,21.00,1,2,-1,-1
2616,299,40.00,204.00,47.00,20.00,1,2,-1,-1
2616,306,510.00,186.00,42.00,18.00,1,2,-1,-1
2616,246,394.00,190.00,41.00,18.00,1,2,-1,-1
2616,244,262.00,196.00,43.00,21.00,1,2,-1,-1
2617,306,509.00,184.00,41.00,17.00,1,2,-1,-1
2617,299,43.00,204.00,42.00,20.00,1,2,-1,-1
2617,246,393.00,189.00,40.00,17.00,1,2,-1,-1
2617,244,261.00,195.00,43.00,21.00,1,2,-1,-1
2618,299,34.00,202.00,49.00,21.00,1,2,-1,-1
2618,306,507.00,182.00,41.00,17.00,1,2,-1,-1
2618,244,259.00,194.00,43.00,20.00,1,2,-1,-1
2618,246,391.00,188.00,41.00,17.00,1,2,-1,-1
2619,299,34.00,202.00,45.00,21.00,1,2,-1,-1
2619,306,504.00,181.00,41.00,17.00,1,2,-1,-1
2619,246,388.00,186.00,41.00,18.00,1,2,-1,-1
2619,244,257.00,193.00,43.00,21.00,1,2,-1,-1
2620,306,500.00,180.00,40.00,18.00,1,2,-1,-1
2620,299,33.00,203.00,43.00,20.00,1,2,-1,-1
2620,246,384.00,186.00,41.00,18.00,1,2,-1,-1
2620,244,253.00,193.00,43.00,20.00,1,2,-1,-1
2621,299,28.00,202.00,42.00,20.00,1,2,-1,-1
2621,306,495.00,179.00,41.00,17.00,1,2,-1,-1
2621,246,379.00,186.00,41.00,17.00,1,2,-1,-1
2621,244,248.00,193.00,44.00,20.00,1,2,-1,-1
2622,306,491.00,179.00,40.00,17.00,1,2,-1,-1
2622,299,25.00,202.00,42.00,20.00,1,2,-1,-1
2622,244,243.00,192.00,45.00,21.00,1,2,-1,-1
2622,246,375.00,185.00,41.00,17.00,1,2,-1,-1
2623,306,488.00,178.00,40.00,17.00,1,2,-1,-1
2623,244,243.00,191.00,43.00,20.00,1,2,-1,-1
2623,299,23.00,201.00,40.00,20.00,1,2,-1,-1
2623,246,372.00,184.00,42.00,17.00,1,2,-1,-1
2624,299,21.00,200.00,41.00,20.00,1,2,-1,-1
2624,246,372.00,182.00,42.00,17.00,1,2,-1,-1
2624,306,488.00,175.00,40.00,18.00,1,2,-1,-1
2624,244,242.00,189.00,43.00,21.00,1,2,-1,-1
2625,307,20.00,196.00,45.00,20.00,1,8,-1,-1
2625,299,19.00,196.00,46.00,20.00,1,2,-1,-1
2625,246,372.00,177.00,41.00,18.00,1,2,-1,-1
2625,306,487.00,172.00,41.00,16.00,1,2,-1,-1
2625,244,242.00,185.00,43.00,21.00,1,2,-1,-1
2626,307,21.00,192.00,40.00,19.00,1,8,-1,-1
2626,299,20.00,192.00,42.00,20.00,1,2,-1,-1
2626,306,485.00,166.00,41.00,18.00,1,2,-1,-1
2626,246,370.00,174.00,42.00,17.00,1,2,-1,-1
2626,244,239.00,180.00,45.00,21.00,1,2,-1,-1
2627,306,485.00,162.00,40.00,17.00,1,2,-1,-1
2627,299,20.00,188.00,44.00,19.00,1,2,-1,-1
2627,246,369.00,169.00,41.00,18.00,1,2,-1,-1
2627,244,238.00,176.00,45.00,22.00,1,2,-1,-1
2628,306,482.00,160.00,41.00,18.00,1,2,-1,-1
2628,299,20.00,184.00,44.00,21.00,1,2,-1,-1
2628,244,239.00,174.00,43.00,21.00,1,2,-1,-1
2628,246,367.00,167.00,43.00,18.00,1,2,-1,-1
2629,306,480.00,160.00,42.00,18.00,1,2,-1,-1
2629,299,18.00,184.00,45.00,20.00,1,2,-1,-1
2629,244,238.00,174.00,42.00,21.00,1,2,-1,-1
2629,246,367.00,166.00,41.00,19.00,1,2,-1,-1
2630,306,480.00,161.00,40.00,17.00,1,2,-1,-1
2630,244,238.00,174.00,42.00,22.00,1,2,-1,-1
2630,299,18.00,184.00,45.00,20.00,1,2,-1,-1
2630,246,366.00,167.00,42.00,18.00,1,2,-1,-1
2631,244,237.00,174.00,43.00,23.00,1,2,-1,-1
2631,306,480.00,162.00,41.00,18.00,1,2,-1,-1
2631,246,366.00,168.00,41.00,18.00,1,2,-1,-1
2631,299,18.00,184.00,45.00,20.00,1,2,-1,-1
2632,306,482.00,164.00,40.00,16.00,1,2,-1,-1
2632,244,238.00,175.00,42.00,22.00,1,2,-1,-1
2632,299,18.00,184.00,45.00,20.00,1,2,-1,-1
2632,246,367.00,169.00,40.00,18.00,1,2,-1,-1
2633,306,483.00,164.00,41.00,17.00,1,2,-1,-1
2633,244,238.00,175.00,44.00,22.00,1,2,-1,-1
2633,246,368.00,169.00,41.00,18.00,1,2,-1,-1
2633,299,20.00,184.00,44.00,20.00,1,2,-1,-1
2634,299,22.00,183.00,44.00,20.00,1,2,-1,-1
2634,306,486.00,164.00,40.00,17.00,1,2,-1,-1
2634,244,242.00,175.00,42.00,21.00,1,2,-1,-1
2634,246,370.00,169.00,42.00,18.00,1,2,-1,-1
2635,299,25.00,182.00,45.00,21.00,1,2,-1,-1
2635,244,244.00,174.00,42.00,23.00,1,2,-1,-1
2635,306,488.00,165.00,40.00,17.00,1,2,-1,-1
2635,246,372.00,169.00,42.00,18.00,1,2,-1,-1
2636,299,29.00,182.00,43.00,20.00,1,2,-1,-1
2636,306,492.00,166.00,40.00,18.00,1,2,-1,-1
2636,244,248.00,175.00,42.00,22.00,1,2,-1,-1
2636,246,376.00,170.00,41.00,18.00,1,2,-1,-1
2637,246,380.00,171.00,41.00,18.00,1,2,-1,-1
2637,306,493.00,167.00,43.00,18.00,1,2,-1,-1
2637,299,32.00,183.00,45.00,19.00,1,2,-1,-1
2637,244,252.00,176.00,42.00,21.00,1,2,-1,-1
2638,306,497.00,169.00,41.00,17.00,1,2,-1,-1
2638,246,382.00,174.00,40.00,17.00,1,2,-1,-1
2638,299,34.00,184.00,45.00,20.00,1,2,-1,-1
2638,244,253.00,178.00,43.00,21.00,1,2,-1,-1
2639,246,382.00,175.00,42.00,18.00,1,2,-1,-1
2639,306,497.00,171.00,40.00,18.00,1,2,-1,-1
2639,299,35.00,184.00,44.00,22.00,1,2,-1,-1
2639,244,253.00,179.00,43.00,22.00,1,2,-1,-1
2640,246,383.00,176.00,40.00,18.00,1,2,-1,-1
2640,299,35.00,186.00,44.00,22.00,1,2,-1,-1
2640,306,498.00,173.00,39.00,17.00,1,2,-1,-1
2640,244,253.00,181.00,43.00,21.00,1,2,-1,-1
2641,306,499.00,174.00,39.00,17.00,1,2,-1,-1
2641,299,36.00,188.00,43.00,20.00,1,2,-1,-1
2641,246,382.00,178.00,42.00,17.00,1,2,-1,-1
2641,244,254.00,182.00,42.00,21.00,1,2,-1,-1
2642,299,36.00,190.00,43.00,18.00,1,2,-1,-1
2642,246,384.00,177.00,40.00,19.00,1,2,-1,-1
2642,306,499.00,175.00,39.00,17.00,1,2,-1,-1
2642,244,254.00,182.00,43.00,22.00,1,2,-1,-1
2643,299,36.00,190.00,44.00,19.00,1,2,-1,-1
2643,306,498.00,175.00,40.00,17.00,1,2,-1,-1
2643,246,384.00,178.00,40.00,18.00,1,2,-1,-1
2643,244,255.00,183.00,42.00,22.00,1,2,-1,-1
2644,299,36.00,190.00,42.00,19.00,1,2,-1,-1
2644,306,498.00,175.00,40.00,17.00,1,2,-1,-1
2644,246,384.00,178.00,40.00,18.00,1,2,-1,-1
2644,244,255.00,183.00,42.00,22.00,1,2,-1,-1
2645,299,35.00,190.00,45.00,20.00,1,2,-1,-1
2645,246,383.00,178.00,41.00,18.00,1,2,-1,-1
2645,306,498.00,175.00,40.00,17.00,1,2,-1,-1
2645,244,255.00,183.00,41.00,22.00,1,2,-1,-1
2646,299,35.00,191.00,45.00,20.00,1,2,-1,-1
2646,246,382.00,178.00,41.00,18.00,1,2,-1,-1
2646,306,496.00,175.00,40.00,17.00,1,2,-1,-1
2646,244,254.00,183.00,42.00,22.00,1,2,-1,-1
2647,299,33.00,192.00,46.00,21.00,1,2,-1,-1
2647,306,494.00,174.00,40.00,17.00,1,2,-1,-1
2647,246,382.00,178.00,40.00,18.00,1,2,-1,-1
2647,244,253.00,183.00,42.00,22.00,1,2,-1,-1
2648,306,494.00,174.00,40.00,17.00,1,2,-1,-1
2648,299,32.00,192.00,46.00,20.00,1,2,-1,-1
2648,246,380.00,177.00,40.00,19.00,1,2,-1,-1
2648,244,251.00,183.00,43.00,22.00,1,2,-1,-1
2649,299,31.00,192.00,45.00,20.00,1,2,-1,-1
2649,306,493.00,174.00,39.00,16.00,1,2,-1,-1
2649,246,379.00,177.00,40.00,19.00,1,2,-1,-1
2649,244,250.00,183.00,43.00,22.00,1,2,-1,-1
2650,308,29.00,193.00,45.00,19.00,1,8,-1,-1
2650,299,29.00,193.00,45.00,19.00,1,2,-1,-1
2650,306,491.00,172.00,39.00,17.00,1,2,-1,-1
2650,246,377.00,177.00,40.00,18.00,1,2,-1,-1
2650,244,248.00,182.00,44.00,23.00,1,2,-1,-1
2651,299,28.00,192.00,44.00,20.00,1,2,-1,-1
2651,246,375.00,176.00,41.00,18.00,1,2,-1,-1
2651,306,488.00,172.00,40.00,16.00,1,2,-1,-1
2651,244,247.00,181.00,43.00,24.00,1,2,-1,-1
2652,299,26.00,192.00,44.00,18.00,1,2,-1,-1
2652,306,486.00,169.00,40.00,17.00,1,2,-1,-1
2652,246,374.00,175.00,40.00,17.00,1,2,-1,-1
2652,244,245.00,180.00,43.00,23.00,1,2,-1,-1
2653,299,25.00,191.00,44.00,19.00,1,2,-1,-1
2653,306,485.00,168.00,39.00,17.00,1,2,-1,-1
2653,246,372.00,174.00,41.00,17.00,1,2,-1,-1
2653,244,244.00,179.00,43.00,23.00,1,2,-1,-1
2654,299,22.00,190.00,43.00,20.00,1,2,-1,-1
2654,306,483.00,166.00,40.00,18.00,1,2,-1,-1
2654,246,370.00,172.00,42.00,19.00,1,2,-1,-1
2654,244,244.00,179.00,42.00,22.00,1,2,-1,-1
2655,299,21.00,190.00,42.00,18.00,1,2,-1,-1
2655,306,482.00,166.00,39.00,18.00,1,2,-1,-1
2655,246,368.00,172.00,41.00,18.00,1,2,-1,-1
2655,244,243.00,178.00,41.00,22.00,1,2,-1,-1
2656,299,19.00,189.00,44.00,19.00,1,2,-1,-1
2656,306,480.00,166.00,40.00,18.00,1,2,-1,-1
2656,246,368.00,172.00,40.00,18.00,1,2,-1,-1
2656,244,240.00,178.00,43.00,23.00,1,2,-1,-1
2657,306,478.00,166.00,40.00,17.00,1,2,-1,-1
2657,299,18.00,189.00,43.00,19.00,1,2,-1,-1
2657,246,366.00,172.00,40.00,18.00,1,2,-1,-1
2657,244,238.00,178.00,43.00,22.00,1,2,-1,-1
2658,306,477.00,166.00,39.00,17.00,1,2,-1,-1
2658,299,16.00,189.00,43.00,19.00,1,2,-1,-1
2658,246,364.00,172.00,40.00,18.00,1,2,-1,-1
2658,244,237.00,178.00,43.00,22.00,1,2,-1,-1
2659,299,14.00,188.00,42.00,20.00,1,2,-1,-1
2659,306,478.00,166.00,36.00,16.00,1,2,-1,-1
2659,246,363.00,172.00,40.00,17.00,1,2,-1,-1
2659,244,236.00,178.00,42.00,22.00,1,2,-1,-1
2660,299,13.00,189.00,42.00,19.00,1,2,-1,-1
2660,306,474.00,166.00,38.00,16.00,1,2,-1,-1
2660,246,362.00,171.00,40.00,18.00,1,2,-1,-1
2660,244,234.00,177.00,42.00,23.00,1,2,-1,-1
2661,309,11.00,188.00,44.00,20.00,1,8,-1,-1
2661,299,11.00,189.00,44.00,19.00,1,2,-1,-1
2661,306,472.00,165.00,38.00,17.00,1,2,-1,-1
2661,246,360.00,171.00,40.00,18.00,1,2,-1,-1
2661,244,233.00,178.00,42.00,22.00,1,2,-1,-1
2662,299,10.00,189.00,44.00,19.00,1,2,-1,-1
2662,306,470.00,166.00,39.00,16.00,1,2,-1,-1
2662,246,359.00,172.00,40.00,18.00,1,2,-1,-1
2662,244,231.00,178.00,43.00,22.00,1,2,-1,-1
2663,306,470.00,166.00,38.00,17.00,1,2,-1,-1
2663,246,358.00,172.00,40.00,18.00,1,2,-1,-1
2663,244,230.00,178.00,43.00,22.00,1,2,-1,-1
2664,310,7.00,190.00,44.00,18.00,1,8,-1,-1
2664,306,469.00,167.00,37.00,17.00,1,2,-1,-1
2664,246,357.00,173.00,41.00,17.00,1,2,-1,-1
2664,244,229.00,178.00,43.00,23.00,1,2,-1,-1
2665,306,468.00,167.00,38.00,17.00,1,2,-1,-1
2665,246,357.00,172.00,40.00,18.00,1,2,-1,-1
2665,244,230.00,178.00,42.00,22.00,1,2,-1,-1
2666,311,10.00,186.00,45.00,20.00,1,2,-1,-1
2666,306,470.00,165.00,39.00,17.00,1,2,-1,-1
2666,244,232.00,176.00,41.00,22.00,1,2,-1,-1
2666,246,358.00,170.00,40.00,18.00,1,2,-1,-1
2667,311,11.00,183.00,44.00,21.00,1,2,-1,-1
2667,306,470.00,164.00,39.00,17.00,1,2,-1,-1
2667,244,231.00,174.00,43.00,23.00,1,2,-1,-1
2667,246,358.00,169.00,41.00,19.00,1,2,-1,-1
2668,311,10.00,181.00,44.00,20.00,1,2,-1,-1
2668,306,470.00,163.00,39.00,17.00,1,2,-1,-1
2668,244,230.00,173.00,43.00,22.00,1,2,-1,-1
2668,246,358.00,168.00,40.00,18.00,1,2,-1,-1
2669,306,470.00,161.00,37.00,17.00,1,2,-1,-1
2669,244,232.00,170.00,42.00,23.00,1,2,-1,-1
2669,246,358.00,166.00,40.00,18.00,1,2,-1,-1
2670,312,10.00,175.00,44.00,20.00,1,2,-1,-1
2670,246,358.00,161.00,40.00,19.00,1,2,-1,-1
2670,306,470.00,158.00,37.00,16.00,1,2,-1,-1
2670,244,230.00,166.00,43.00,22.00,1,2,-1,-1
2671,312,10.00,170.00,43.00,20.00,1,2,-1,-1
2671,306,470.00,152.00,37.00,17.00,1,2,-1,-1
2671,244,231.00,162.00,42.00,22.00,1,2,-1,-1
2671,246,358.00,157.00,40.00,17.00,1,2,-1,-1
2672,306,470.00,145.00,37.00,18.00,1,2,-1,-1
2672,244,230.00,155.00,42.00,23.00,1,2,-1,-1
2672,246,358.00,151.00,40.00,18.00,1,2,-1,-1
2673,306,471.00,138.00,35.00,17.00,1,2,-1,-1
2673,313,10.00,157.00,44.00,19.00,1,2,-1,-1
2673,246,358.00,143.00,40.00,18.00,1,2,-1,-1
2673,244,232.00,147.00,41.00,22.00,1,2,-1,-1
2674,306,472.00,133.00,35.00,17.00,1,2,-1,-1
2674,313,11.00,151.00,45.00,21.00,1,2,-1,-1
2674,244,233.00,143.00,41.00,23.00,1,2,-1,-1
2674,246,358.00,138.00,41.00,18.00,1,2,-1,-1
2675,306,469.00,130.00,37.00,19.00,1,2,-1,-1
2675,313,10.00,150.00,47.00,21.00,1,2,-1,-1
2675,246,358.00,136.00,40.00,20.00,1,2,-1,-1
2675,244,235.00,141.00,39.00,24.00,1,2,-1,-1
2676,306,469.00,132.00,36.00,19.00,1,2,-1,-1
2676,313,9.00,151.00,46.00,21.00,1,2,-1,-1
2676,246,358.00,138.00,40.00,18.00,1,2,-1,-1
2676,244,236.00,142.00,37.00,24.00,1,2,-1,-1
2677,306,468.00,133.00,37.00,19.00,1,2,-1,-1
2677,313,8.00,153.00,45.00,19.00,1,2,-1,-1
2677,246,357.00,139.00,40.00,18.00,1,2,-1,-1
2677,244,232.00,143.00,40.00,23.00,1,2,-1,-1
2678,313,6.00,153.00,50.00,20.00,1,2,-1,-1
2678,246,355.00,138.00,41.00,19.00,1,2,-1,-1
2678,244,236.00,143.00,35.00,23.00,1,2,-1,-1
2679,314,464.00,131.00,38.00,19.00,1,2,-1,-1
2679,313,6.00,153.00,46.00,20.00,1,2,-1,-1
2679,246,354.00,138.00,41.00,18.00,1,2,-1,-1
2679,244,234.00,142.00,36.00,23.00,1,2,-1,-1
2680,314,462.00,129.00,38.00,19.00,1,2,-1,-1
2680,313,6.00,153.00,43.00,19.00,1,2,-1,-1
2680,246,354.00,136.00,41.00,18.00,1,2,-1,-1
2680,244,235.00,142.00,35.00,22.00,1,2,-1,-1
2681,314,462.00,129.00,38.00,18.00,1,2,-1,-1
2681,313,6.00,153.00,43.00,19.00,1,2,-1,-1
2681,246,353.00,136.00,41.00,18.00,1,2,-1,-1
2681,244,234.00,141.00,35.00,22.00,1,2,-1,-1
2682,314,462.00,128.00,37.00,19.00,1,2,-1,-1
2682,313,6.00,153.00,43.00,19.00,1,2,-1,-1
2682,246,354.00,135.00,40.00,18.00,1,2,-1,-1
2682,244,234.00,141.00,35.00,22.00,1,2,-1,-1
2683,314,463.00,128.00,37.00,19.00,1,2,-1,-1
2683,313,6.00,151.00,48.00,22.00,1,2,-1,-1
2683,244,237.00,141.00,33.00,22.00,1,2,-1,-1
2683,246,354.00,135.00,40.00,19.00,1,2,-1,-1
2684,315,583.00,107.00,57.00,33.00,1,2,-1,-1
2684,314,465.00,127.00,38.00,20.00,1,2,-1,-1
2684,313,9.00,150.00,50.00,24.00,1,2,-1,-1
2684,246,356.00,135.00,40.00,18.00,1,2,-1,-1
2684,244,238.00,141.00,34.00,21.00,1,2,-1,-1
2685,316,469.00,182.00,35.00,23.00,1,2,-1,-1
2685,314,469.00,128.00,38.00,20.00,1,2,-1,-1
2685,313,17.00,153.00,45.00,20.00,1,2,-1,-1
2685,246,363.00,136.00,40.00,18.00,1,2,-1,-1
2685,244,245.00,142.00,34.00,21.00,1,2,-1,-1
2686,313,27.00,153.00,42.00,21.00,1,2,-1,-1
2686,246,371.00,135.00,40.00,20.00,1,2,-1,-1
2686,244,253.00,142.00,34.00,22.00,1,2,-1,-1
2687,313,33.00,154.00,43.00,20.00,1,2,-1,-1
2687,317,631.00,74.00,9.00,17.00,1,2,-1,-1
2687,318,570.00,183.00,39.00,17.00,1,2,-1,-1
2687,319,467.00,185.00,37.00,18.00,1,2,-1,-1
2687,246,378.00,138.00,39.00,18.00,1,2,-1,-1
2687,244,259.00,144.00,34.00,20.00,1,2,-1,-1
2688,320,45.00,188.00,32.00,22.00,1,2,-1,-1
2688,318,570.00,182.00,40.00,18.00,1,2,-1,-1
2688,244,270.00,145.00,30.00,21.00,1,2,-1,-1
2688,246,384.00,141.00,40.00,17.00,1,2,-1,-1
2688,319,466.00,184.00,38.00,20.00,1,2,-1,-1
2689,320,40.00,187.00,37.00,23.00,1,2,-1,-1
2689,244,272.00,148.00,34.00,22.00,1,2,-1,-1
2689,318,570.00,182.00,38.00,18.00,1,2,-1,-1
2689,246,393.00,144.00,39.00,20.00,1,2,-1,-1
2689,319,466.00,184.00,37.00,20.00,1,2,-1,-1
2690,320,40.00,188.00,37.00,22.00,1,2,-1,-1
2690,244,277.00,150.00,35.00,21.00,1,2,-1,-1
2690,246,396.00,148.00,39.00,17.00,1,2,-1,-1
2690,318,570.00,182.00,38.00,18.00,1,2,-1,-1
2690,319,466.00,185.00,37.00,19.00,1,2,-1,-1
2691,320,40.00,188.00,38.00,23.00,1,2,-1,-1
2691,244,277.00,149.00,36.00,22.00,1,2,-1,-1
2691,318,570.00,183.00,38.00,17.00,1,2,-1,-1
2691,246,398.00,148.00,38.00,17.00,1,2,-1,-1
2691,319,466.00,185.00,37.00,19.00,1,2,-1,-1
2692,320,40.00,189.00,36.00,22.00,1,2,-1,-1
2692,318,566.00,184.00,42.00,16.00,1,2,-1,-1
2692,319,466.00,186.00,36.00,18.00,1,2,-1,-1
2693,320,41.00,191.00,35.00,20.00,1,2,-1,-1
2693,321,398.00,148.00,36.00,17.00,1,2,-1,-1
2693,318,564.00,184.00,43.00,16.00,1,2,-1,-1
2693,319,466.00,187.00,35.00,17.00,1,2,-1,-1
2694,322,280.00,190.00,34.00,22.00,1,2,-1,-1
2694,320,40.00,190.00,35.00,21.00,1,2,-1,-1
2694,318,563.00,184.00,44.00,16.00,1,2,-1,-1
2694,321,398.00,143.00,36.00,19.00,1,2,-1,-1
2694,319,465.00,186.00,36.00,19.00,1,2,-1,-1
2695,320,40.00,190.00,35.00,21.00,1,2,-1,-1
2695,318,564.00,184.00,44.00,16.00,1,2,-1,-1
2695,319,465.00,187.00,36.00,18.00,1,2,-1,-1
2696,323,280.00,192.00,33.00,20.00,1,2,-1,-1
2696,324,110.00,161.00,18.00,9.00,1,2,-1,-1
2696,318,562.00,184.00,45.00,16.00,1,2,-1,-1
2696,320,39.00,190.00,35.00,21.00,1,2,-1,-1
2696,319,465.00,188.00,35.00,16.00,1,2,-1,-1
2697,323,278.00,192.00,34.00,20.00,1,2,-1,-1
2697,318,562.00,184.00,44.00,16.00,1,2,-1,-1
2697,320,39.00,190.00,34.00,20.00,1,2,-1,-1
2697,319,465.00,187.00,35.00,16.00,1,2,-1,-1
2698,323,278.00,191.00,32.00,20.00,1,2,-1,-1
2698,318,561.00,183.00,45.00,16.00,1,2,-1,-1
2698,320,38.00,189.00,34.00,21.00,1,2,-1,-1
2698,319,464.00,187.00,35.00,15.00,1,2,-1,-1
2699,325,123.00,166.00,21.00,12.00,1,2,-1,-1
2699,319,463.00,186.00,36.00,17.00,1,2,-1,-1
2699,318,560.00,181.00,46.00,18.00,1,2,-1,-1
2699,320,38.00,188.00,34.00,20.00,1,2,-1,-1
2700,319,461.00,184.00,37.00,18.00,1,2,-1,-1
2700,318,558.00,181.00,46.00,17.00,1,2,-1,-1
2700,320,37.00,188.00,34.00,20.00,1,2,-1,-1
2701,319,461.00,184.00,37.00,17.00,1,2,-1,-1
2701,318,558.00,181.00,46.00,17.00,1,2,-1,-1
2701,320,36.00,188.00,35.00,19.00,1,2,-1,-1
2702,318,558.00,180.00,45.00,17.00,1,2,-1,-1
2702,319,461.00,184.00,36.00,17.00,1,2,-1,-1
2702,320,37.00,187.00,34.00,20.00,1,2,-1,-1
2703,319,460.00,184.00,37.00,17.00,1,2,-1,-1
2703,318,558.00,180.00,44.00,17.00,1,2,-1,-1
2703,320,37.00,187.00,34.00,20.00,1,2,-1,-1
2704,318,557.00,179.00,45.00,18.00,1,2,-1,-1
2704,320,37.00,186.00,34.00,20.00,1,2,-1,-1
2704,319,461.00,184.00,36.00,16.00,1,2,-1,-1
2705,320,37.00,187.00,35.00,19.00,1,2,-1,-1
2705,318,556.00,179.00,46.00,17.00,1,2,-1,-1
2705,319,460.00,183.00,36.00,17.00,1,2,-1,-1
2706,326,277.00,187.00,32.00,20.00,1,2,-1,-1
2706,320,38.00,186.00,34.00,19.00,1,2,-1,-1
2706,318,558.00,178.00,44.00,18.00,1,2,-1,-1
2706,319,460.00,182.00,36.00,18.00,1,2,-1,-1
2707,320,40.00,185.00,33.00,19.00,1,2,-1,-1
2707,318,557.00,178.00,46.00,18.00,1,2,-1,-1
2707,319,460.00,182.00,36.00,17.00,1,2,-1,-1
2708,320,40.00,184.00,34.00,20.00,1,2,-1,-1
2708,318,557.00,178.00,46.00,18.00,1,2,-1,-1
2708,319,460.00,182.00,36.00,17.00,1,2,-1,-1
2709,327,278.00,187.00,31.00,19.00,1,2,-1,-1
2709,320,40.00,185.00,34.00,19.00,1,2,-1,-1
2709,318,556.00,179.00,46.00,17.00,1,2,-1,-1
2709,319,460.00,183.00,36.00,17.00,1,2,-1,-1
2710,318,556.00,180.00,46.00,17.00,1,2,-1,-1
2710,320,40.00,187.00,34.00,18.00,1,2,-1,-1
2710,319,461.00,184.00,36.00,16.00,1,2,-1,-1
2711,320,41.00,186.00,33.00,20.00,1,2,-1,-1
2711,319,460.00,184.00,37.00,17.00,1,2,-1,-1
2711,318,557.00,180.00,45.00,17.00,1,2,-1,-1
2712,320,41.00,186.00,34.00,19.00,1,2,-1,-1
2712,319,462.00,184.00,36.00,16.00,1,2,-1,-1
2712,318,556.00,180.00,46.00,17.00,1,2,-1,-1
2713,328,279.00,187.00,33.00,20.00,1,2,-1,-1
2713,319,462.00,183.00,37.00,17.00,1,2,-1,-1
2713,318,558.00,179.00,46.00,17.00,1,2,-1,-1
2713,320,42.00,185.00,34.00,19.00,1,2,-1,-1
2714,329,112.00,156.00,16.00,10.00,1,2,-1,-1
2714,318,560.00,179.00,46.00,16.00,1,2,-1,-1
2714,320,44.00,185.00,34.00,19.00,1,2,-1,-1
2714,319,464.00,182.00,36.00,17.00,1,2,-1,-1
2715,318,560.00,178.00,48.00,17.00,1,2,-1,-1
2715,320,46.00,185.00,33.00,18.00,1,2,-1,-1
2715,319,466.00,182.00,36.00,17.00,1,2,-1,-1
2716,318,562.00,178.00,47.00,18.00,1,2,-1,-1
2716,320,46.00,184.00,34.00,19.00,1,2,-1,-1
2716,319,466.00,182.00,36.00,17.00,1,2,-1,-1
2717,330,285.00,186.00,30.00,18.00,1,2,-1,-1
2717,318,564.00,178.00,46.00,17.00,1,2,-1,-1
2717,320,46.00,184.00,34.00,19.00,1,2,-1,-1
2717,319,466.00,182.00,37.00,17.00,1,2,-1,-1
2718,320,46.00,185.00,34.00,18.00,1,2,-1,-1
2718,318,564.00,178.00,46.00,18.00,1,2,-1,-1
2718,319,467.00,182.00,37.00,17.00,1,2,-1,-1
2719,320,47.00,185.00,34.00,19.00,1,2,-1,-1
2719,318,564.00,179.00,46.00,17.00,1,2,-1,-1
2719,319,468.00,183.00,36.00,17.00,1,2,-1,-1
2720,320,46.00,186.00,35.00,18.00,1,2,-1,-1
2720,318,562.00,180.00,48.00,16.00,1,2,-1,-1
2720,319,467.00,183.00,36.00,17.00,1,2,-1,-1
2721,320,47.00,186.00,35.00,18.00,1,2,-1,-1
2721,318,566.00,180.00,44.00,16.00,1,2,-1,-1
2721,319,468.00,184.00,35.00,16.00,1,2,-1,-1
2722,320,47.00,186.00,35.00,18.00,1,2,-1,-1
2722,318,566.00,180.00,44.00,16.00,1,2,-1,-1
2722,319,468.00,184.00,35.00,16.00,1,2,-1,-1
2723,331,285.00,188.00,31.00,19.00,1,2,-1,-1
2723,320,46.00,186.00,35.00,19.00,1,2,-1,-1
2723,318,569.00,181.00,40.00,15.00,1,2,-1,-1
2723,319,468.00,184.00,36.00,16.00,1,2,-1,-1
2724,320,47.00,187.00,34.00,19.00,1,2,-1,-1
2724,318,566.00,180.00,43.00,16.00,1,2,-1,-1
2724,319,468.00,184.00,36.00,16.00,1,2,-1,-1
2725,320,47.00,186.00,35.00,19.00,1,2,-1,-1
2725,318,570.00,179.00,40.00,17.00,1,2,-1,-1
2725,319,468.00,183.00,36.00,17.00,1,2,-1,-1
2726,320,48.00,186.00,33.00,18.00,1,2,-1,-1
2726,318,566.00,179.00,44.00,16.00,1,2,-1,-1
2726,319,468.00,183.00,36.00,16.00,1,2,-1,-1
2727,320,47.00,185.00,35.00,19.00,1,2,-1,-1
2727,318,568.00,178.00,42.00,17.00,1,2,-1,-1
2727,319,468.00,182.00,36.00,16.00,1,2,-1,-1
2728,318,570.00,178.00,40.00,16.00,1,2,-1,-1
2728,320,46.00,185.00,35.00,19.00,1,2,-1,-1
2728,319,467.00,182.00,36.00,16.00,1,2,-1,-1
2729,318,570.00,178.00,40.00,16.00,1,2,-1,-1
2729,320,46.00,185.00,34.00,20.00,1,2,-1,-1
2729,319,467.00,182.00,36.00,16.00,1,2,-1,-1
2730,318,568.00,178.00,42.00,16.00,1,2,-1,-1
2730,320,46.00,185.00,34.00,19.00,1,2,-1,-1
2730,319,467.00,182.00,36.00,16.00,1,2,-1,-1
2731,318,566.00,177.00,44.00,16.00,1,2,-1,-1
2731,320,45.00,185.00,35.00,19.00,1,2,-1,-1
2731,319,466.00,181.00,36.00,16.00,1,2,-1,-1
2732,318,563.00,177.00,47.00,16.00,1,2,-1,-1
2732,320,45.00,186.00,34.00,18.00,1,2,-1,-1
2732,319,466.00,180.00,36.00,17.00,1,2,-1,-1
2733,318,567.00,176.00,42.00,17.00,1,2,-1,-1
2733,319,471.00,181.00,31.00,17.00,1,2,-1,-1
2733,320,45.00,186.00,33.00,18.00,1,2,-1,-1
2734,318,566.00,176.00,43.00,17.00,1,2,-1,-1
2734,320,44.00,185.00,34.00,19.00,1,2,-1,-1
2734,319,465.00,180.00,37.00,18.00,1,2,-1,-1
2735,318,558.00,176.00,50.00,17.00,1,2,-1,-1
2735,320,43.00,185.00,35.00,19.00,1,2,-1,-1
2735,319,464.00,180.00,37.00,17.00,1,2,-1,-1
2736,318,558.00,176.00,50.00,17.00,1,2,-1,-1
2736,320,43.00,185.00,35.00,19.00,1,2,-1,-1
2736,319,464.00,180.00,37.00,17.00,1,2,-1,-1
2737,318,556.00,176.00,52.00,17.00,1,2,-1,-1
2737,320,43.00,186.00,34.00,18.00,1,2,-1,-1
2737,319,464.00,180.00,36.00,17.00,1,2,-1,-1
2738,318,556.00,176.00,52.00,17.00,1,2,-1,-1
2738,320,42.00,185.00,35.00,19.00,1,2,-1,-1
2738,319,464.00,180.00,36.00,17.00,1,2,-1,-1
2739,318,556.00,175.00,52.00,18.00,1,2,-1,-1
2739,320,42.00,185.00,34.00,18.00,1,2,-1,-1
2739,319,464.00,180.00,36.00,17.00,1,2,-1,-1
2740,318,558.00,175.00,50.00,18.00,1,2,-1,-1
2740,320,42.00,185.00,34.00,18.00,1,2,-1,-1
2740,319,464.00,180.00,36.00,17.00,1,2,-1,-1
2741,318,557.00,175.00,51.00,18.00,1,2,-1,-1
2741,320,42.00,185.00,34.00,18.00,1,2,-1,-1
2741,319,463.00,179.00,37.00,18.00,1,2,-1,-1
2742,318,557.00,175.00,51.00,18.00,1,2,-1,-1
2742,320,42.00,185.00,34.00,18.00,1,2,-1,-1
2742,319,464.00,179.00,36.00,18.00,1,2,-1,-1
2743,318,556.00,175.00,52.00,18.00,1,2,-1,-1
2743,320,42.00,185.00,34.00,18.00,1,2,-1,-1
2743,319,464.00,179.00,36.00,18.00,1,2,-1,-1
2744,318,556.00,175.00,51.00,17.00,1,2,-1,-1
2744,320,42.00,185.00,34.00,17.00,1,2,-1,-1
2744,319,464.00,180.00,36.00,16.00,1,2,-1,-1
2745,318,556.00,175.00,52.00,18.00,1,2,-1,-1
2745,320,42.00,185.00,34.00,17.00,1,2,-1,-1
2745,319,464.00,179.00,36.00,18.00,1,2,-1,-1
2746,318,556.00,175.00,52.00,17.00,1,2,-1,-1
2746,320,42.00,184.00,34.00,18.00,1,2,-1,-1
2746,319,464.00,179.00,36.00,18.00,1,2,-1,-1
2747,318,556.00,175.00,53.00,18.00,1,2,-1,-1
2747,320,42.00,185.00,34.00,17.00,1,2,-1,-1
2747,319,464.00,179.00,36.00,18.00,1,2,-1,-1
2748,318,556.00,175.00,52.00,18.00,1,2,-1,-1
2748,320,42.00,184.00,34.00,19.00,1,2,-1,-1
2748,319,464.00,179.00,36.00,17.00,1,2,-1,-1
2749,318,556.00,175.00,53.00,18.00,1,2,-1,-1
2749,320,42.00,184.00,35.00,18.00,1,2,-1,-1
2749,319,464.00,179.00,36.00,17.00,1,2,-1,-1
2750,318,556.00,175.00,52.00,18.00,1,2,-1,-1
2750,320,42.00,184.00,35.00,18.00,1,2,-1,-1
2750,319,464.00,179.00,37.00,17.00,1,2,-1,-1
2751,318,556.00,175.00,52.00,17.00,1,2,-1,-1
2751,320,43.00,184.00,34.00,18.00,1,2,-1,-1
2751,319,464.00,179.00,36.00,17.00,1,2,-1,-1
2752,318,555.00,175.00,53.00,17.00,1,2,-1,-1
2752,320,43.00,184.00,34.00,18.00,1,2,-1,-1
2752,319,464.00,179.00,37.00,17.00,1,2,-1,-1
2753,318,557.00,175.00,52.00,17.00,1,2,-1,-1
2753,320,43.00,184.00,34.00,18.00,1,2,-1,-1
2753,319,464.00,179.00,37.00,17.00,1,2,-1,-1
2754,318,557.00,174.00,52.00,19.00,1,2,-1,-1
2754,320,43.00,184.00,34.00,18.00,1,2,-1,-1
2754,319,465.00,179.00,36.00,17.00,1,2,-1,-1
2755,318,558.00,174.00,50.00,18.00,1,2,-1,-1
2755,320,43.00,184.00,33.00,18.00,1,2,-1,-1
2755,319,464.00,179.00,37.00,17.00,1,2,-1,-1
2756,318,565.00,175.00,44.00,18.00,1,2,-1,-1
2756,320,43.00,184.00,34.00,18.00,1,2,-1,-1
2756,319,465.00,179.00,36.00,17.00,1,2,-1,-1
2757,318,565.00,174.00,44.00,18.00,1,2,-1,-1
2757,320,43.00,184.00,34.00,17.00,1,2,-1,-1
2757,319,465.00,179.00,36.00,17.00,1,2,-1,-1
2758,318,555.00,175.00,53.00,17.00,1,2,-1,-1
2758,320,42.00,184.00,35.00,18.00,1,2,-1,-1
2758,319,464.00,179.00,37.00,17.00,1,2,-1,-1
2759,318,556.00,175.00,52.00,17.00,1,2,-1,-1
2759,320,42.00,184.00,34.00,18.00,1,2,-1,-1
2759,319,464.00,179.00,37.00,17.00,1,2,-1,-1
2760,318,556.00,174.00,52.00,18.00,1,2,-1,-1
2760,320,42.00,184.00,34.00,18.00,1,2,-1,-1
2760,319,464.00,179.00,37.00,17.00,1,2,-1,-1
2761,318,556.00,174.00,52.00,18.00,1,2,-1,-1
2761,320,42.00,184.00,33.00,17.00,1,2,-1,-1
2761,319,464.00,179.00,36.00,17.00,1,2,-1,-1
2762,318,556.00,174.00,52.00,18.00,1,2,-1,-1
2762,320,42.00,184.00,34.00,17.00,1,2,-1,-1
2762,319,464.00,179.00,36.00,17.00,1,2,-1,-1
2763,320,42.00,184.00,33.00,17.00,1,2,-1,-1
2763,318,555.00,174.00,52.00,17.00,1,2,-1,-1
2763,319,464.00,178.00,36.00,17.00,1,2,-1,-1
2764,318,556.00,174.00,52.00,17.00,1,2,-1,-1
2764,320,41.00,183.00,34.00,18.00,1,2,-1,-1
2764,319,464.00,178.00,35.00,17.00,1,2,-1,-1
2765,320,41.00,183.00,34.00,18.00,1,2,-1,-1
2765,318,554.00,174.00,53.00,17.00,1,2,-1,-1
2765,319,464.00,178.00,36.00,17.00,1,2,-1,-1
2766,332,127.00,160.00,12.00,10.00,1,2,-1,-1
2766,318,552.00,173.00,55.00,17.00,1,2,-1,-1
2766,320,40.00,183.00,34.00,18.00,1,2,-1,-1
2766,319,463.00,178.00,36.00,16.00,1,2,-1,-1
2767,318,558.00,173.00,48.00,17.00,1,2,-1,-1
2767,320,40.00,182.00,33.00,18.00,1,2,-1,-1
2767,319,463.00,178.00,35.00,16.00,1,2,-1,-1
2768,320,38.00,182.00,35.00,18.00,1,2,-1,-1
2768,318,556.00,173.00,50.00,17.00,1,2,-1,-1
2768,319,462.00,177.00,36.00,17.00,1,2,-1,-1
2769,318,554.00,172.00,52.00,18.00,1,2,-1,-1
2769,319,462.00,177.00,36.00,16.00,1,2,-1,-1
2769,320,38.00,182.00,34.00,18.00,1,2,-1,-1
2770,333,123.00,159.00,13.00,11.00,1,2,-1,-1
2770,318,562.00,172.00,42.00,18.00,1,2,-1,-1
2770,319,460.00,176.00,37.00,17.00,1,2,-1,-1
2770,320,37.00,182.00,35.00,18.00,1,2,-1,-1
2771,318,562.00,172.00,41.00,18.00,1,2,-1,-1
2771,320,36.00,181.00,35.00,19.00,1,2,-1,-1
2771,319,459.00,176.00,37.00,17.00,1,2,-1,-1
2772,318,562.00,171.00,40.00,18.00,1,2,-1,-1
2772,320,36.00,181.00,35.00,19.00,1,2,-1,-1
2772,319,459.00,175.00,37.00,17.00,1,2,-1,-1
2773,318,562.00,171.00,40.00,17.00,1,2,-1,-1
2773,320,35.00,181.00,35.00,18.00,1,2,-1,-1
2773,319,458.00,175.00,37.00,17.00,1,2,-1,-1
2774,318,559.00,171.00,42.00,17.00,1,2,-1,-1
2774,320,34.00,180.00,35.00,18.00,1,2,-1,-1
2774,319,458.00,174.00,36.00,17.00,1,2,-1,-1
2775,318,562.00,170.00,39.00,18.00,1,2,-1,-1
2775,320,34.00,179.00,36.00,19.00,1,2,-1,-1
2775,319,458.00,174.00,36.00,17.00,1,2,-1,-1
2776,318,563.00,168.00,38.00,19.00,1,2,-1,-1
2776,320,34.00,179.00,35.00,18.00,1,2,-1,-1
2776,319,458.00,173.00,36.00,17.00,1,2,-1,-1
2777,318,560.00,168.00,42.00,18.00,1,2,-1,-1
2777,320,34.00,178.00,35.00,19.00,1,2,-1,-1
2777,319,458.00,173.00,36.00,17.00,1,2,-1,-1
2778,318,556.00,168.00,45.00,18.00,1,2,-1,-1
2778,320,34.00,178.00,34.00,18.00,1,2,-1,-1
2778,319,457.00,172.00,37.00,18.00,1,2,-1,-1
2779,334,274.00,178.00,36.00,20.00,1,2,-1,-1
2779,318,560.00,167.00,42.00,19.00,1,2,-1,-1
2779,320,34.00,177.00,35.00,19.00,1,2,-1,-1
2779,319,457.00,172.00,37.00,17.00,1,2,-1,-1
2780,318,561.00,167.00,40.00,19.00,1,2,-1,-1
2780,320,34.00,177.00,35.00,19.00,1,2,-1,-1
2780,319,457.00,172.00,37.00,17.00,1,2,-1,-1
2781,320,34.00,177.00,35.00,18.00,1,2,-1,-1
2781,318,562.00,166.00,39.00,19.00,1,2,-1,-1
2781,319,457.00,171.00,37.00,18.00,1,2,-1,-1
2782,335,272.00,177.00,39.00,21.00,1,2,-1,-1
2782,320,34.00,177.00,35.00,17.00,1,2,-1,-1
2782,318,562.00,166.00,38.00,19.00,1,2,-1,-1
2782,319,457.00,171.00,37.00,17.00,1,2,-1,-1
2783,335,272.00,176.00,39.00,22.00,1,2,-1,-1
2783,320,34.00,176.00,35.00,18.00,1,2,-1,-1
2783,318,563.00,165.00,38.00,20.00,1,2,-1,-1
2783,319,457.00,171.00,37.00,17.00,1,2,-1,-1
2784,335,272.00,176.00,40.00,22.00,1,2,-1,-1
2784,318,563.00,165.00,38.00,19.00,1,2,-1,-1
2784,320,34.00,176.00,35.00,18.00,1,2,-1,-1
2784,319,457.00,170.00,37.00,18.00,1,2,-1,-1
2785,335,272.00,176.00,39.00,21.00,1,2,-1,-1
2785,320,35.00,176.00,33.00,18.00,1,2,-1,-1
2785,318,563.00,166.00,38.00,18.00,1,2,-1,-1
2785,319,458.00,170.00,36.00,18.00,1,2,-1,-1
2786,320,35.00,176.00,34.00,18.00,1,2,-1,-1
2786,318,563.00,166.00,38.00,18.00,1,2,-1,-1
2786,319,458.00,171.00,36.00,17.00,1,2,-1,-1
2787,336,272.00,176.00,39.00,21.00,1,2,-1,-1
2787,320,35.00,176.00,34.00,17.00,1,2,-1,-1
2787,318,563.00,165.00,38.00,19.00,1,2,-1,-1
2787,319,458.00,170.00,36.00,18.00,1,2,-1,-1
2788,336,272.00,176.00,41.00,21.00,1,2,-1,-1
2788,320,35.00,175.00,34.00,18.00,1,2,-1,-1
2788,318,564.00,165.00,38.00,19.00,1,2,-1,-1
2788,319,458.00,170.00,36.00,17.00,1,2,-1,-1
2789,336,273.00,176.00,40.00,21.00,1,2,-1,-1
2789,318,564.00,166.00,38.00,17.00,1,2,-1,-1
2789,320,35.00,175.00,35.00,18.00,1,2,-1,-1
2789,319,458.00,170.00,37.00,17.00,1,2,-1,-1
2790,336,273.00,176.00,39.00,21.00,1,2,-1,-1
2790,318,564.00,165.00,38.00,18.00,1,2,-1,-1
2790,320,36.00,175.00,34.00,18.00,1,2,-1,-1
2790,319,458.00,170.00,37.00,17.00,1,2,-1,-1
2791,336,273.00,176.00,41.00,21.00,1,2,-1,-1
2791,318,564.00,165.00,38.00,18.00,1,2,-1,-1
2791,320,36.00,175.00,34.00,18.00,1,2,-1,-1
2791,319,459.00,170.00,36.00,17.00,1,2,-1,-1
2792,336,273.00,175.00,40.00,21.00,1,2,-1,-1
2792,318,564.00,164.00,40.00,19.00,1,2,-1,-1
2792,320,36.00,174.00,34.00,19.00,1,2,-1,-1
2792,319,459.00,169.00,36.00,18.00,1,2,-1,-1
2793,336,274.00,175.00,39.00,21.00,1,2,-1,-1
2793,318,565.00,165.00,38.00,17.00,1,2,-1,-1
2793,320,36.00,174.00,35.00,18.00,1,2,-1,-1
2793,319,459.00,170.00,37.00,16.00,1,2,-1,-1
2794,336,274.00,175.00,38.00,21.00,1,2,-1,-1
2794,318,564.00,165.00,40.00,17.00,1,2,-1,-1
2794,320,37.00,174.00,35.00,18.00,1,2,-1,-1
2794,319,460.00,169.00,37.00,16.00,1,2,-1,-1
2795,336,276.00,175.00,38.00,21.00,1,2,-1,-1
2795,318,565.00,164.00,41.00,18.00,1,2,-1,-1
2795,320,38.00,174.00,35.00,18.00,1,2,-1,-1
2795,319,461.00,169.00,37.00,16.00,1,2,-1,-1
2796,337,124.00,152.00,12.00,10.00,1,2,-1,-1
2796,336,276.00,175.00,40.00,20.00,1,2,-1,-1
2796,320,39.00,174.00,34.00,18.00,1,2,-1,-1
2796,319,462.00,169.00,37.00,16.00,1,2,-1,-1
2796,318,570.00,164.00,36.00,18.00,1,2,-1,-1
2797,336,277.00,175.00,38.00,20.00,1,2,-1,-1
2797,320,41.00,174.00,34.00,18.00,1,2,-1,-1
2797,318,570.00,164.00,38.00,18.00,1,2,-1,-1
2797,319,463.00,169.00,37.00,16.00,1,2,-1,-1
2798,338,125.00,152.00,12.00,10.00,1,2,-1,-1
2798,336,277.00,175.00,39.00,20.00,1,2,-1,-1
2798,320,42.00,175.00,33.00,17.00,1,2,-1,-1
2798,318,571.00,164.00,38.00,18.00,1,2,-1,-1
2798,319,464.00,169.00,37.00,16.00,1,2,-1,-1
2799,338,126.00,152.00,13.00,10.00,1,2,-1,-1
2799,336,278.00,174.00,40.00,21.00,1,2,-1,-1
2799,320,42.00,174.00,35.00,18.00,1,2,-1,-1
2799,318,572.00,163.00,39.00,19.00,1,2,-1,-1
2799,319,464.00,169.00,38.00,15.00,1,2,-1,-1
2800,336,280.00,174.00,40.00,22.00,1,2,-1,-1
2800,320,43.00,174.00,35.00,18.00,1,2,-1,-1
2800,318,574.00,164.00,38.00,18.00,1,2,-1,-1
2800,319,466.00,169.00,36.00,16.00,1,2,-1,-1
2801,339,127.00,151.00,13.00,10.00,1,2,-1,-1
2801,336,282.00,174.00,38.00,21.00,1,2,-1,-1
2801,318,574.00,163.00,38.00,18.00,1,2,-1,-1
2801,320,44.00,174.00,35.00,18.00,1,2,-1,-1
2801,319,467.00,168.00,37.00,17.00,1,2,-1,-1
2802,339,127.00,151.00,14.00,10.00,1,2,-1,-1
2802,336,282.00,174.00,38.00,21.00,1,2,-1,-1
2802,318,575.00,163.00,39.00,18.00,1,2,-1,-1
2802,319,468.00,168.00,37.00,17.00,1,2,-1,-1
2802,320,45.00,174.00,35.00,18.00,1,2,-1,-1
2803,339,128.00,152.00,13.00,10.00,1,2,-1,-1
2803,336,282.00,174.00,40.00,21.00,1,2,-1,-1
2803,319,468.00,168.00,37.00,17.00,1,2,-1,-1
2803,318,576.00,162.00,40.00,19.00,1,2,-1,-1
2803,320,45.00,174.00,35.00,18.00,1,2,-1,-1
2804,339,128.00,152.00,14.00,10.00,1,2,-1,-1
2804,336,284.00,174.00,38.00,21.00,1,2,-1,-1
2804,318,576.00,163.00,40.00,18.00,1,2,-1,-1
2804,319,468.00,168.00,38.00,17.00,1,2,-1,-1
2804,320,46.00,174.00,34.00,18.00,1,2,-1,-1
2805,339,127.00,152.00,15.00,10.00,1,2,-1,-1
2805,336,284.00,174.00,37.00,21.00,1,2,-1,-1
2805,318,576.00,163.00,40.00,18.00,1,2,-1,-1
2805,320,46.00,174.00,35.00,18.00,1,2,-1,-1
2805,319,469.00,168.00,37.00,16.00,1,2,-1,-1
2806,339,128.00,152.00,14.00,10.00,1,2,-1,-1
2806,336,285.00,174.00,36.00,20.00,1,2,-1,-1
2806,320,46.00,174.00,35.00,18.00,1,2,-1,-1
2806,318,577.00,163.00,39.00,18.00,1,2,-1,-1
2806,319,470.00,168.00,36.00,16.00,1,2,-1,-1
2807,339,128.00,152.00,14.00,10.00,1,2,-1,-1
2807,336,285.00,174.00,37.00,21.00,1,2,-1,-1
2807,318,576.00,163.00,40.00,18.00,1,2,-1,-1
2807,320,46.00,174.00,36.00,18.00,1,2,-1,-1
2807,319,470.00,169.00,37.00,16.00,1,2,-1,-1
2808,339,128.00,152.00,14.00,10.00,1,2,-1,-1
2808,336,285.00,174.00,37.00,21.00,1,2,-1,-1
2808,320,46.00,174.00,36.00,18.00,1,2,-1,-1
2808,318,576.00,163.00,40.00,18.00,1,2,-1,-1
2808,319,470.00,169.00,37.00,15.00,1,2,-1,-1
2809,339,127.00,152.00,15.00,10.00,1,2,-1,-1
2809,336,285.00,174.00,37.00,21.00,1,2,-1,-1
2809,320,46.00,174.00,36.00,18.00,1,2,-1,-1
2809,318,577.00,163.00,39.00,18.00,1,2,-1,-1
2809,319,470.00,169.00,37.00,16.00,1,2,-1,-1
2810,336,284.00,174.00,38.00,21.00,1,2,-1,-1
2810,318,576.00,163.00,40.00,18.00,1,2,-1,-1
2810,320,46.00,174.00,35.00,18.00,1,2,-1,-1
2810,319,470.00,169.00,37.00,15.00,1,2,-1,-1
2811,336,284.00,174.00,38.00,22.00,1,2,-1,-1
2811,318,576.00,163.00,40.00,19.00,1,2,-1,-1
2811,320,46.00,174.00,36.00,18.00,1,2,-1,-1
2811,319,469.00,169.00,38.00,16.00,1,2,-1,-1
2812,336,284.00,175.00,38.00,20.00,1,2,-1,-1
2812,320,46.00,174.00,35.00,18.00,1,2,-1,-1
2812,318,576.00,163.00,40.00,19.00,1,2,-1,-1
2812,319,469.00,168.00,37.00,17.00,1,2,-1,-1
2813,318,574.00,163.00,40.00,19.00,1,2,-1,-1
2813,336,284.00,175.00,38.00,20.00,1,2,-1,-1
2813,320,46.00,174.00,35.00,18.00,1,2,-1,-1
2813,319,470.00,169.00,36.00,16.00,1,2,-1,-1
2814,336,283.00,174.00,39.00,22.00,1,2,-1,-1
2814,318,576.00,163.00,38.00,19.00,1,2,-1,-1
2814,320,46.00,174.00,35.00,18.00,1,2,-1,-1
2814,319,469.00,168.00,37.00,17.00,1,2,-1,-1
2815,336,283.00,175.00,38.00,20.00,1,2,-1,-1
2815,318,576.00,163.00,39.00,19.00,1,2,-1,-1
2815,320,45.00,174.00,35.00,18.00,1,2,-1,-1
2815,319,469.00,169.00,37.00,15.00,1,2,-1,-1
2816,340,127.00,152.00,13.00,10.00,1,2,-1,-1
2816,336,282.00,174.00,40.00,22.00,1,2,-1,-1
2816,318,575.00,163.00,40.00,19.00,1,2,-1,-1
2816,320,45.00,174.00,35.00,18.00,1,2,-1,-1
2816,319,468.00,169.00,37.00,16.00,1,2,-1,-1
2817,340,127.00,152.00,13.00,9.00,1,2,-1,-1
2817,336,282.00,174.00,40.00,21.00,1,2,-1,-1
2817,318,576.00,164.00,40.00,18.00,1,2,-1,-1
2817,319,468.00,168.00,37.00,17.00,1,2,-1,-1
2817,320,45.00,174.00,35.00,18.00,1,2,-1,-1
2818,340,127.00,152.00,13.00,9.00,1,2,-1,-1
2818,336,282.00,174.00,40.00,21.00,1,2,-1,-1
2818,318,576.00,164.00,38.00,17.00,1,2,-1,-1
2818,320,45.00,174.00,35.00,18.00,1,2,-1,-1
2818,319,468.00,168.00,37.00,17.00,1,2,-1,-1
2819,340,126.00,152.00,13.00,9.00,1,2,-1,-1
2819,336,282.00,174.00,38.00,21.00,1,2,-1,-1
2819,318,575.00,164.00,39.00,18.00,1,2,-1,-1
2819,320,44.00,174.00,36.00,18.00,1,2,-1,-1
2819,319,468.00,168.00,36.00,17.00,1,2,-1,-1
2820,336,280.00,174.00,39.00,21.00,1,2,-1,-1
2820,318,575.00,163.00,39.00,19.00,1,2,-1,-1
2820,319,468.00,168.00,37.00,17.00,1,2,-1,-1
2820,320,44.00,174.00,36.00,17.00,1,2,-1,-1
2821,336,281.00,174.00,39.00,21.00,1,2,-1,-1
2821,318,574.00,163.00,40.00,19.00,1,2,-1,-1
2821,320,44.00,174.00,35.00,18.00,1,2,-1,-1
2821,319,467.00,168.00,37.00,17.00,1,2,-1,-1
2822,341,126.00,152.00,13.00,10.00,1,2,-1,-1
2822,336,282.00,174.00,38.00,21.00,1,2,-1,-1
2822,318,574.00,163.00,41.00,19.00,1,2,-1,-1
2822,320,44.00,174.00,35.00,18.00,1,2,-1,-1
2822,319,468.00,168.00,36.00,17.00,1,2,-1,-1
2823,341,126.00,152.00,13.00,9.00,1,2,-1,-1
2823,336,281.00,174.00,39.00,21.00,1,2,-1,-1
2823,318,574.00,163.00,42.00,19.00,1,2,-1,-1
2823,320,44.00,174.00,35.00,18.00,1,2,-1,-1
2823,319,468.00,168.00,36.00,16.00,1,2,-1,-1
2824,341,126.00,152.00,13.00,10.00,1,2,-1,-1
2824,336,281.00,174.00,39.00,21.00,1,2,-1,-1
2824,318,574.00,163.00,41.00,19.00,1,2,-1,-1
2824,320,44.00,174.00,36.00,18.00,1,2,-1,-1
2824,319,468.00,168.00,36.00,16.00,1,2,-1,-1
2825,341,126.00,152.00,13.00,9.00,1,2,-1,-1
2825,336,282.00,174.00,38.00,21.00,1,2,-1,-1
2825,318,574.00,163.00,42.00,19.00,1,2,-1,-1
2825,320,44.00,174.00,36.00,18.00,1,2,-1,-1
2825,319,468.00,168.00,36.00,17.00,1,2,-1,-1
2826,341,126.00,152.00,13.00,9.00,1,2,-1,-1
2826,336,281.00,174.00,39.00,21.00,1,2,-1,-1
2826,320,44.00,174.00,36.00,18.00,1,2,-1,-1
2826,318,576.00,163.00,40.00,19.00,1,2,-1,-1
2826,319,468.00,168.00,36.00,17.00,1,2,-1,-1
2827,341,126.00,152.00,13.00,10.00,1,2,-1,-1
2827,336,282.00,174.00,38.00,21.00,1,2,-1,-1
2827,318,576.00,164.00,40.00,18.00,1,2,-1,-1
2827,319,468.00,168.00,37.00,17.00,1,2,-1,-1
2827,320,45.00,174.00,35.00,18.00,1,2,-1,-1
2828,336,281.00,175.00,39.00,20.00,1,2,-1,-1
2828,320,45.00,174.00,35.00,19.00,1,2,-1,-1
2828,318,576.00,164.00,41.00,18.00,1,2,-1,-1
2828,319,469.00,169.00,37.00,16.00,1,2,-1,-1
2829,336,282.00,174.00,39.00,22.00,1,2,-1,-1
2829,318,576.00,164.00,40.00,19.00,1,2,-1,-1
2829,320,45.00,174.00,36.00,18.00,1,2,-1,-1
2829,319,469.00,169.00,37.00,16.00,1,2,-1,-1
2830,342,126.00,153.00,13.00,9.00,1,2,-1,-1
2830,336,282.00,174.00,38.00,21.00,1,2,-1,-1
2830,320,45.00,174.00,35.00,18.00,1,2,-1,-1
2830,318,576.00,164.00,41.00,19.00,1,2,-1,-1
2830,319,468.00,169.00,38.00,17.00,1,2,-1,-1
2831,336,281.00,175.00,40.00,21.00,1,2,-1,-1
2831,320,45.00,175.00,35.00,18.00,1,2,-1,-1
2831,318,577.00,164.00,40.00,19.00,1,2,-1,-1
2831,319,469.00,169.00,37.00,17.00,1,2,-1,-1
2832,336,281.00,175.00,40.00,21.00,1,2,-1,-1
2832,320,45.00,175.00,35.00,18.00,1,2,-1,-1
2832,318,577.00,164.00,40.00,19.00,1,2,-1,-1
2832,319,469.00,169.00,37.00,17.00,1,2,-1,-1
2833,336,281.00,175.00,40.00,21.00,1,2,-1,-1
2833,318,577.00,165.00,40.00,18.00,1,2,-1,-1
2833,320,45.00,175.00,35.00,18.00,1,2,-1,-1
2833,319,470.00,170.00,36.00,16.00,1,2,-1,-1
2834,336,282.00,175.00,39.00,21.00,1,2,-1,-1
2834,318,576.00,165.00,40.00,19.00,1,2,-1,-1
2834,320,45.00,175.00,35.00,18.00,1,2,-1,-1
2834,319,470.00,170.00,36.00,16.00,1,2,-1,-1
2835,336,282.00,175.00,39.00,21.00,1,2,-1,-1
2835,320,45.00,175.00,36.00,19.00,1,2,-1,-1
2835,318,576.00,165.00,40.00,19.00,1,2,-1,-1
2835,319,470.00,170.00,36.00,16.00,1,2,-1,-1
2836,336,281.00,175.00,40.00,21.00,1,2,-1,-1
2836,320,44.00,176.00,36.00,18.00,1,2,-1,-1
2836,318,576.00,165.00,41.00,19.00,1,2,-1,-1
2836,319,469.00,170.00,37.00,17.00,1,2,-1,-1
2837,336,281.00,175.00,39.00,21.00,1,2,-1,-1
2837,319,469.00,170.00,37.00,17.00,1,2,-1,-1
2837,320,45.00,176.00,35.00,17.00,1,2,-1,-1
2837,318,576.00,166.00,41.00,18.00,1,2,-1,-1
2838,336,281.00,175.00,39.00,21.00,1,2,-1,-1
2838,319,468.00,170.00,37.00,18.00,1,2,-1,-1
2838,320,44.00,175.00,36.00,19.00,1,2,-1,-1
2838,318,576.00,165.00,41.00,19.00,1,2,-1,-1
2839,336,281.00,176.00,39.00,20.00,1,2,-1,-1
2839,318,576.00,165.00,40.00,20.00,1,2,-1,-1
2839,319,469.00,170.00,35.00,18.00,1,2,-1,-1
2839,320,44.00,175.00,36.00,19.00,1,2,-1,-1
2840,336,280.00,176.00,39.00,20.00,1,2,-1,-1
2840,320,44.00,176.00,36.00,18.00,1,2,-1,-1
2840,318,576.00,166.00,40.00,19.00,1,2,-1,-1
2840,319,468.00,170.00,36.00,18.00,1,2,-1,-1
2841,336,279.00,176.00,40.00,21.00,1,2,-1,-1
2841,318,574.00,166.00,40.00,19.00,1,2,-1,-1
2841,320,43.00,175.00,36.00,19.00,1,2,-1,-1
2841,319,468.00,170.00,36.00,18.00,1,2,-1,-1
2842,318,574.00,166.00,38.00,19.00,1,2,-1,-1
2842,336,279.00,176.00,40.00,21.00,1,2,-1,-1
2842,320,43.00,175.00,35.00,19.00,1,2,-1,-1
2842,319,467.00,170.00,37.00,18.00,1,2,-1,-1
2843,318,574.00,166.00,32.00,18.00,1,2,-1,-1
2843,336,277.00,176.00,41.00,21.00,1,2,-1,-1
2843,320,42.00,175.00,36.00,19.00,1,2,-1,-1
2843,319,466.00,170.00,37.00,18.00,1,2,-1,-1
2844,336,276.00,176.00,41.00,21.00,1,2,-1,-1
2844,318,572.00,166.00,34.00,19.00,1,2,-1,-1
2844,320,41.00,175.00,35.00,19.00,1,2,-1,-1
2844,319,465.00,171.00,37.00,18.00,1,2,-1,-1
2845,318,572.00,166.00,36.00,20.00,1,2,-1,-1
2845,336,276.00,176.00,40.00,22.00,1,2,-1,-1
2845,320,40.00,175.00,35.00,19.00,1,2,-1,-1
2845,319,464.00,171.00,37.00,18.00,1,2,-1,-1
2846,318,571.00,167.00,36.00,19.00,1,2,-1,-1
2846,336,274.00,176.00,40.00,22.00,1,2,-1,-1
2846,320,40.00,176.00,35.00,18.00,1,2,-1,-1
2846,319,464.00,171.00,36.00,18.00,1,2,-1,-1
2847,318,570.00,166.00,35.00,20.00,1,2,-1,-1
2847,336,274.00,176.00,40.00,22.00,1,2,-1,-1
2847,320,38.00,176.00,36.00,18.00,1,2,-1,-1
2847,319,462.00,171.00,38.00,19.00,1,2,-1,-1
2848,336,274.00,177.00,39.00,20.00,1,2,-1,-1
2848,318,570.00,166.00,40.00,20.00,1,2,-1,-1
2848,320,38.00,175.00,36.00,19.00,1,2,-1,-1
2848,319,462.00,171.00,38.00,19.00,1,2,-1,-1
2849,336,274.00,176.00,39.00,21.00,1,2,-1,-1
2849,318,570.00,166.00,38.00,20.00,1,2,-1,-1
2849,319,462.00,171.00,38.00,19.00,1,2,-1,-1
2849,320,38.00,175.00,36.00,19.00,1,2,-1,-1
2850,336,273.00,176.00,40.00,22.00,1,2,-1,-1
2850,318,570.00,166.00,40.00,20.00,1,2,-1,-1
2850,319,462.00,171.00,38.00,19.00,1,2,-1,-1
2850,320,38.00,176.00,36.00,18.00,1,2,-1,-1
2851,318,570.00,166.00,40.00,20.00,1,2,-1,-1
2851,336,274.00,176.00,39.00,22.00,1,2,-1,-1
2851,319,462.00,171.00,38.00,19.00,1,2,-1,-1
2851,320,38.00,176.00,36.00,18.00,1,2,-1,-1
2852,318,570.00,166.00,40.00,20.00,1,2,-1,-1
2852,336,273.00,176.00,40.00,22.00,1,2,-1,-1
2852,320,38.00,176.00,36.00,18.00,1,2,-1,-1
2852,319,462.00,171.00,38.00,19.00,1,2,-1,-1
2853,318,570.00,166.00,39.00,20.00,1,2,-1,-1
2853,336,273.00,176.00,40.00,22.00,1,2,-1,-1
2853,320,38.00,175.00,36.00,19.00,1,2,-1,-1
2853,319,462.00,171.00,38.00,19.00,1,2,-1,-1
2854,318,570.00,166.00,40.00,20.00,1,2,-1,-1
2854,336,273.00,176.00,40.00,22.00,1,2,-1,-1
2854,320,38.00,175.00,36.00,19.00,1,2,-1,-1
2854,319,462.00,172.00,38.00,18.00,1,2,-1,-1
2855,318,570.00,166.00,40.00,20.00,1,2,-1,-1
2855,336,273.00,176.00,39.00,22.00,1,2,-1,-1
2855,320,38.00,175.00,36.00,19.00,1,2,-1,-1
2855,319,462.00,172.00,39.00,18.00,1,2,-1,-1
2856,318,570.00,166.00,40.00,21.00,1,2,-1,-1
2856,336,273.00,176.00,39.00,22.00,1,2,-1,-1
2856,320,38.00,175.00,36.00,19.00,1,2,-1,-1
2856,319,462.00,172.00,39.00,18.00,1,2,-1,-1
2857,318,570.00,166.00,42.00,21.00,1,2,-1,-1
2857,336,273.00,177.00,39.00,21.00,1,2,-1,-1
2857,320,38.00,175.00,36.00,19.00,1,2,-1,-1
2857,319,462.00,172.00,38.00,18.00,1,2,-1,-1
2858,318,570.00,166.00,42.00,21.00,1,2,-1,-1
2858,336,273.00,177.00,40.00,21.00,1,2,-1,-1
2858,320,38.00,175.00,36.00,19.00,1,2,-1,-1
2858,319,462.00,172.00,38.00,18.00,1,2,-1,-1
2859,318,570.00,166.00,42.00,21.00,1,2,-1,-1
2859,336,273.00,177.00,39.00,21.00,1,2,-1,-1
2859,320,38.00,175.00,36.00,19.00,1,2,-1,-1
2859,319,462.00,172.00,38.00,18.00,1,2,-1,-1
2860,336,272.00,176.00,41.00,22.00,1,2,-1,-1
2860,318,570.00,166.00,42.00,21.00,1,2,-1,-1
2860,320,38.00,176.00,36.00,18.00,1,2,-1,-1
2860,319,463.00,172.00,37.00,18.00,1,2,-1,-1
2861,336,272.00,177.00,40.00,21.00,1,2,-1,-1
2861,318,570.00,168.00,41.00,19.00,1,2,-1,-1
2861,320,38.00,176.00,36.00,18.00,1,2,-1,-1
2861,319,463.00,173.00,37.00,17.00,1,2,-1,-1
2862,336,272.00,177.00,40.00,21.00,1,2,-1,-1
2862,320,38.00,175.00,36.00,19.00,1,2,-1,-1
2862,318,570.00,168.00,41.00,20.00,1,2,-1,-1
2862,319,463.00,173.00,38.00,18.00,1,2,-1,-1
2863,336,272.00,177.00,40.00,22.00,1,2,-1,-1
2863,318,570.00,168.00,40.00,20.00,1,2,-1,-1
2863,320,38.00,176.00,36.00,18.00,1,2,-1,-1
2863,319,463.00,173.00,38.00,18.00,1,2,-1,-1
2864,336,272.00,177.00,41.00,22.00,1,2,-1,-1
2864,318,570.00,169.00,41.00,19.00,1,2,-1,-1
2864,320,38.00,176.00,36.00,18.00,1,2,-1,-1
2864,319,463.00,173.00,38.00,18.00,1,2,-1,-1
2865,318,570.00,169.00,42.00,19.00,1,2,-1,-1
2865,320,38.00,176.00,36.00,18.00,1,2,-1,-1
2865,336,272.00,178.00,40.00,21.00,1,2,-1,-1
2865,319,463.00,173.00,38.00,18.00,1,2,-1,-1
2866,318,571.00,169.00,41.00,19.00,1,2,-1,-1
2866,336,272.00,178.00,41.00,21.00,1,2,-1,-1
2866,320,38.00,176.00,37.00,19.00,1,2,-1,-1
2866,319,463.00,174.00,38.00,17.00,1,2,-1,-1
2867,336,272.00,178.00,40.00,21.00,1,2,-1,-1
2867,318,570.00,169.00,42.00,19.00,1,2,-1,-1
2867,320,38.00,176.00,37.00,20.00,1,2,-1,-1
2867,319,463.00,174.00,37.00,18.00,1,2,-1,-1
2868,318,571.00,169.00,41.00,20.00,1,2,-1,-1
2868,336,272.00,178.00,40.00,22.00,1,2,-1,-1
2868,320,38.00,176.00,37.00,20.00,1,2,-1,-1
2868,319,463.00,174.00,38.00,18.00,1,2,-1,-1
2869,318,572.00,169.00,40.00,20.00,1,2,-1,-1
2869,336,273.00,178.00,40.00,21.00,1,2,-1,-1
2869,320,39.00,177.00,36.00,19.00,1,2,-1,-1
2869,319,464.00,174.00,37.00,17.00,1,2,-1,-1
2870,318,572.00,168.00,42.00,21.00,1,2,-1,-1
2870,336,272.00,178.00,41.00,22.00,1,2,-1,-1
2870,320,39.00,177.00,36.00,19.00,1,2,-1,-1
2870,319,464.00,174.00,38.00,18.00,1,2,-1,-1
2871,318,572.00,168.00,43.00,22.00,1,2,-1,-1
2871,320,39.00,178.00,36.00,18.00,1,2,-1,-1
2871,336,272.00,179.00,41.00,22.00,1,2,-1,-1
2871,319,464.00,175.00,38.00,17.00,1,2,-1,-1
2872,318,572.00,169.00,43.00,21.00,1,2,-1,-1
2872,336,272.00,179.00,42.00,21.00,1,2,-1,-1
2872,320,40.00,178.00,36.00,18.00,1,2,-1,-1
2872,319,464.00,175.00,38.00,17.00,1,2,-1,-1
2873,318,572.00,170.00,42.00,19.00,1,2,-1,-1
2873,336,273.00,179.00,41.00,21.00,1,2,-1,-1
2873,320,40.00,178.00,36.00,19.00,1,2,-1,-1
2873,319,465.00,175.00,37.00,17.00,1,2,-1,-1
2874,318,573.00,171.00,42.00,19.00,1,2,-1,-1
2874,336,272.00,180.00,42.00,20.00,1,2,-1,-1
2874,320,40.00,179.00,36.00,18.00,1,2,-1,-1
2874,319,465.00,175.00,38.00,17.00,1,2,-1,-1
2875,318,574.00,171.00,40.00,19.00,1,2,-1,-1
2875,336,274.00,180.00,40.00,20.00,1,2,-1,-1
2875,320,40.00,179.00,37.00,18.00,1,2,-1,-1
2875,319,465.00,175.00,38.00,18.00,1,2,-1,-1
2876,318,574.00,172.00,40.00,18.00,1,2,-1,-1
2876,336,274.00,180.00,41.00,21.00,1,2,-1,-1
2876,320,40.00,180.00,37.00,18.00,1,2,-1,-1
2876,319,466.00,175.00,38.00,18.00,1,2,-1,-1
2877,318,574.00,172.00,40.00,18.00,1,2,-1,-1
2877,336,275.00,180.00,40.00,21.00,1,2,-1,-1
2877,320,40.00,180.00,38.00,18.00,1,2,-1,-1
2877,319,466.00,175.00,38.00,19.00,1,2,-1,-1
2878,318,574.00,171.00,42.00,19.00,1,2,-1,-1
2878,336,275.00,180.00,40.00,22.00,1,2,-1,-1
2878,320,40.00,180.00,38.00,18.00,1,2,-1,-1
2878,319,466.00,176.00,38.00,18.00,1,2,-1,-1
2879,318,574.00,172.00,41.00,18.00,1,2,-1,-1
2879,320,41.00,180.00,37.00,18.00,1,2,-1,-1
2879,336,274.00,181.00,42.00,21.00,1,2,-1,-1
2879,319,466.00,176.00,38.00,18.00,1,2,-1,-1
2880,318,574.00,171.00,42.00,19.00,1,2,-1,-1
2880,336,274.00,181.00,41.00,21.00,1,2,-1,-1
2880,320,41.00,181.00,37.00,18.00,1,2,-1,-1
2880,319,466.00,176.00,38.00,18.00,1,2,-1,-1
2881,336,276.00,182.00,40.00,20.00,1,2,-1,-1
2881,318,574.00,172.00,42.00,19.00,1,2,-1,-1
2881,320,42.00,182.00,36.00,17.00,1,2,-1,-1
2881,319,466.00,176.00,38.00,18.00,1,2,-1,-1
2882,318,574.00,172.00,42.00,20.00,1,2,-1,-1
2882,336,274.00,181.00,42.00,21.00,1,2,-1,-1
2882,320,42.00,181.00,36.00,19.00,1,2,-1,-1
2882,319,466.00,176.00,38.00,18.00,1,2,-1,-1
2883,318,574.00,172.00,42.00,20.00,1,2,-1,-1
2883,336,274.00,182.00,42.00,20.00,1,2,-1,-1
2883,320,41.00,181.00,37.00,19.00,1,2,-1,-1
2883,319,466.00,177.00,38.00,17.00,1,2,-1,-1
2884,318,574.00,172.00,42.00,20.00,1,2,-1,-1
2884,336,275.00,182.00,41.00,21.00,1,2,-1,-1
2884,320,42.00,182.00,35.00,18.00,1,2,-1,-1
2884,319,466.00,177.00,38.00,18.00,1,2,-1,-1
2885,318,574.00,173.00,42.00,20.00,1,2,-1,-1
2885,336,275.00,182.00,40.00,20.00,1,2,-1,-1
2885,320,42.00,182.00,35.00,18.00,1,2,-1,-1
2885,319,466.00,177.00,38.00,19.00,1,2,-1,-1
2886,318,575.00,174.00,41.00,20.00,1,2,-1,-1
2886,336,274.00,182.00,42.00,22.00,1,2,-1,-1
2886,320,41.00,182.00,36.00,19.00,1,2,-1,-1
2886,319,467.00,178.00,37.00,18.00,1,2,-1,-1
2887,318,576.00,174.00,41.00,20.00,1,2,-1,-1
2887,336,275.00,182.00,42.00,22.00,1,2,-1,-1
2887,320,41.00,182.00,37.00,20.00,1,2,-1,-1
2887,319,467.00,178.00,38.00,19.00,1,2,-1,-1
2888,318,576.00,174.00,42.00,20.00,1,2,-1,-1
2888,336,276.00,183.00,41.00,21.00,1,2,-1,-1
2888,320,41.00,183.00,38.00,19.00,1,2,-1,-1
2888,319,467.00,178.00,37.00,19.00,1,2,-1,-1
2889,318,576.00,176.00,42.00,19.00,1,2,-1,-1
2889,336,275.00,183.00,42.00,22.00,1,2,-1,-1
2889,320,41.00,183.00,37.00,19.00,1,2,-1,-1
2889,319,467.00,179.00,38.00,19.00,1,2,-1,-1
2890,336,274.00,184.00,43.00,21.00,1,2,-1,-1
2890,318,576.00,176.00,42.00,20.00,1,2,-1,-1
2890,320,42.00,184.00,37.00,19.00,1,2,-1,-1
2890,319,468.00,180.00,38.00,18.00,1,2,-1,-1
2891,336,274.00,185.00,43.00,21.00,1,2,-1,-1
2891,318,576.00,177.00,42.00,19.00,1,2,-1,-1
2891,320,42.00,184.00,37.00,19.00,1,2,-1,-1
2891,319,468.00,181.00,38.00,17.00,1,2,-1,-1
2892,336,274.00,185.00,43.00,22.00,1,2,-1,-1
2892,318,576.00,178.00,42.00,18.00,1,2,-1,-1
2892,320,43.00,184.00,37.00,20.00,1,2,-1,-1
2892,319,468.00,181.00,38.00,17.00,1,2,-1,-1
2893,336,274.00,186.00,44.00,21.00,1,2,-1,-1
2893,318,577.00,178.00,42.00,19.00,1,2,-1,-1
2893,320,43.00,185.00,37.00,19.00,1,2,-1,-1
2893,319,468.00,182.00,38.00,16.00,1,2,-1,-1
2894,336,274.00,186.00,44.00,21.00,1,2,-1,-1
2894,320,43.00,185.00,37.00,20.00,1,2,-1,-1
2894,318,578.00,178.00,40.00,19.00,1,2,-1,-1
2894,319,468.00,182.00,38.00,17.00,1,2,-1,-1
2895,336,275.00,186.00,43.00,22.00,1,2,-1,-1
2895,318,578.00,178.00,41.00,19.00,1,2,-1,-1
2895,320,44.00,185.00,36.00,19.00,1,2,-1,-1
2895,319,468.00,182.00,38.00,17.00,1,2,-1,-1
2896,336,275.00,186.00,43.00,22.00,1,2,-1,-1
2896,320,44.00,185.00,36.00,19.00,1,2,-1,-1
2896,318,578.00,178.00,41.00,19.00,1,2,-1,-1
2896,319,469.00,182.00,37.00,17.00,1,2,-1,-1
2897,336,275.00,186.00,43.00,22.00,1,2,-1,-1
2897,318,578.00,179.00,42.00,18.00,1,2,-1,-1
2897,320,44.00,185.00,36.00,20.00,1,2,-1,-1
2897,319,469.00,182.00,38.00,18.00,1,2,-1,-1
2898,336,275.00,186.00,43.00,22.00,1,2,-1,-1
2898,320,44.00,185.00,36.00,19.00,1,2,-1,-1
2898,318,578.00,179.00,42.00,18.00,1,2,-1,-1
2898,319,469.00,182.00,38.00,17.00,1,2,-1,-1
2899,336,275.00,186.00,44.00,21.00,1,2,-1,-1
2899,320,44.00,185.00,37.00,20.00,1,2,-1,-1
2899,318,578.00,179.00,42.00,18.00,1,2,-1,-1
2899,319,470.00,182.00,37.00,17.00,1,2,-1,-1
2900,336,274.00,186.00,44.00,22.00,1,2,-1,-1
2900,320,44.00,186.00,37.00,19.00,1,2,-1,-1
2900,318,578.00,179.00,42.00,18.00,1,2,-1,-1
2900,319,470.00,182.00,37.00,17.00,1,2,-1,-1
2901,336,274.00,186.00,44.00,22.00,1,2,-1,-1
2901,320,44.00,186.00,37.00,19.00,1,2,-1,-1
2901,318,580.00,179.00,40.00,18.00,1,2,-1,-1
2901,319,470.00,183.00,37.00,16.00,1,2,-1,-1
2902,336,274.00,187.00,44.00,21.00,1,2,-1,-1
2902,320,44.00,186.00,37.00,20.00,1,2,-1,-1
2902,318,580.00,180.00,40.00,18.00,1,2,-1,-1
2902,319,470.00,183.00,37.00,16.00,1,2,-1,-1
2903,336,274.00,187.00,44.00,21.00,1,2,-1,-1
2903,318,579.00,179.00,40.00,18.00,1,2,-1,-1
2903,320,44.00,186.00,36.00,19.00,1,2,-1,-1
2903,319,470.00,183.00,37.00,16.00,1,2,-1,-1
2904,336,274.00,187.00,44.00,21.00,1,2,-1,-1
2904,320,44.00,186.00,36.00,20.00,1,2,-1,-1
2904,318,579.00,179.00,40.00,18.00,1,2,-1,-1
2904,319,470.00,183.00,37.00,16.00,1,2,-1,-1
2905,336,274.00,187.00,44.00,21.00,1,2,-1,-1
2905,320,44.00,186.00,36.00,20.00,1,2,-1,-1
2905,318,578.00,179.00,42.00,18.00,1,2,-1,-1
2905,319,470.00,183.00,37.00,16.00,1,2,-1,-1
2906,336,275.00,187.00,43.00,21.00,1,2,-1,-1
2906,320,43.00,186.00,38.00,20.00,1,2,-1,-1
2906,318,578.00,179.00,42.00,19.00,1,2,-1,-1
2906,319,470.00,183.00,37.00,17.00,1,2,-1,-1
2907,336,274.00,187.00,44.00,21.00,1,2,-1,-1
2907,320,43.00,186.00,37.00,20.00,1,2,-1,-1
2907,318,578.00,179.00,41.00,19.00,1,2,-1,-1
2907,319,469.00,183.00,38.00,17.00,1,2,-1,-1
2908,336,273.00,187.00,45.00,22.00,1,2,-1,-1
2908,320,43.00,186.00,37.00,20.00,1,2,-1,-1
2908,318,578.00,180.00,41.00,18.00,1,2,-1,-1
2908,319,469.00,184.00,38.00,16.00,1,2,-1,-1
2909,336,274.00,188.00,44.00,21.00,1,2,-1,-1
2909,320,42.00,186.00,38.00,20.00,1,2,-1,-1
2909,318,578.00,180.00,40.00,18.00,1,2,-1,-1
2909,319,469.00,184.00,37.00,16.00,1,2,-1,-1
2910,336,274.00,188.00,44.00,21.00,1,2,-1,-1
2910,320,43.00,187.00,37.00,19.00,1,2,-1,-1
2910,318,578.00,180.00,40.00,18.00,1,2,-1,-1
2910,319,469.00,184.00,37.00,16.00,1,2,-1,-1
2911,336,274.00,188.00,44.00,22.00,1,2,-1,-1
2911,320,42.00,186.00,37.00,21.00,1,2,-1,-1
2911,318,578.00,180.00,40.00,18.00,1,2,-1,-1
2911,319,469.00,184.00,37.00,17.00,1,2,-1,-1
2912,336,274.00,188.00,44.00,22.00,1,2,-1,-1
2912,320,42.00,187.00,36.00,19.00,1,2,-1,-1
2912,318,578.00,180.00,40.00,18.00,1,2,-1,-1
2912,319,468.00,184.00,38.00,17.00,1,2,-1,-1
2913,336,274.00,188.00,44.00,22.00,1,2,-1,-1
2913,318,578.00,181.00,40.00,18.00,1,2,-1,-1
2913,319,468.00,184.00,38.00,17.00,1,2,-1,-1
2913,320,41.00,187.00,37.00,20.00,1,2,-1,-1
2914,336,273.00,189.00,44.00,21.00,1,2,-1,-1
2914,318,578.00,182.00,40.00,17.00,1,2,-1,-1
2914,320,41.00,187.00,37.00,20.00,1,2,-1,-1
2914,319,468.00,185.00,38.00,17.00,1,2,-1,-1
2915,336,272.00,189.00,44.00,21.00,1,2,-1,-1
2915,320,41.00,187.00,37.00,20.00,1,2,-1,-1
2915,318,578.00,182.00,40.00,18.00,1,2,-1,-1
2915,319,468.00,185.00,37.00,17.00,1,2,-1,-1
2916,336,272.00,190.00,44.00,20.00,1,2,-1,-1
2916,320,40.00,188.00,37.00,19.00,1,2,-1,-1
2916,318,576.00,182.00,42.00,18.00,1,2,-1,-1
2916,319,468.00,185.00,37.00,17.00,1,2,-1,-1
2917,336,272.00,190.00,44.00,20.00,1,2,-1,-1
2917,320,40.00,188.00,37.00,19.00,1,2,-1,-1
2917,319,468.00,186.00,36.00,16.00,1,2,-1,-1
2917,318,576.00,182.00,40.00,18.00,1,2,-1,-1
2918,336,284.00,190.00,30.00,19.00,1,2,-1,-1
2918,320,40.00,188.00,37.00,19.00,1,2,-1,-1
2918,318,576.00,183.00,40.00,17.00,1,2,-1,-1
2918,319,467.00,186.00,37.00,16.00,1,2,-1,-1
2919,320,40.00,188.00,36.00,19.00,1,2,-1,-1
2919,336,272.00,190.00,43.00,20.00,1,2,-1,-1
2919,319,467.00,186.00,37.00,16.00,1,2,-1,-1
2919,318,576.00,183.00,40.00,18.00,1,2,-1,-1
2920,320,39.00,189.00,38.00,18.00,1,2,-1,-1
2920,336,270.00,190.00,46.00,20.00,1,2,-1,-1
2920,318,576.00,183.00,41.00,18.00,1,2,-1,-1
2920,319,467.00,186.00,37.00,17.00,1,2,-1,-1
2921,336,269.00,191.00,47.00,19.00,1,2,-1,-1
2921,320,39.00,189.00,37.00,18.00,1,2,-1,-1
2921,318,576.00,184.00,40.00,17.00,1,2,-1,-1
2921,319,467.00,186.00,37.00,17.00,1,2,-1,-1
2922,336,269.00,190.00,47.00,20.00,1,2,-1,-1
2922,320,38.00,189.00,38.00,18.00,1,2,-1,-1
2922,318,576.00,183.00,40.00,18.00,1,2,-1,-1
2922,319,467.00,186.00,37.00,17.00,1,2,-1,-1
2923,336,268.00,190.00,48.00,20.00,1,2,-1,-1
2923,320,38.00,189.00,38.00,18.00,1,2,-1,-1
2923,318,576.00,183.00,40.00,18.00,1,2,-1,-1
2923,319,466.00,186.00,38.00,17.00,1,2,-1,-1
2924,336,268.00,191.00,47.00,19.00,1,2,-1,-1
2924,320,38.00,189.00,38.00,18.00,1,2,-1,-1
2924,318,576.00,184.00,40.00,17.00,1,2,-1,-1
2924,319,466.00,186.00,37.00,17.00,1,2,-1,-1
2925,336,268.00,191.00,46.00,19.00,1,2,-1,-1
2925,320,38.00,188.00,38.00,19.00,1,2,-1,-1
2925,318,575.00,184.00,40.00,17.00,1,2,-1,-1
2925,319,465.00,186.00,38.00,17.00,1,2,-1,-1
2926,336,268.00,191.00,46.00,20.00,1,2,-1,-1
2926,320,37.00,189.00,38.00,18.00,1,2,-1,-1
2926,318,574.00,184.00,40.00,17.00,1,2,-1,-1
2926,319,465.00,186.00,37.00,17.00,1,2,-1,-1
2927,336,266.00,190.00,47.00,20.00,1,2,-1,-1
2927,320,36.00,189.00,37.00,17.00,1,2,-1,-1
2927,318,573.00,184.00,41.00,16.00,1,2,-1,-1
2927,319,464.00,186.00,38.00,17.00,1,2,-1,-1
2928,336,266.00,190.00,46.00,20.00,1,2,-1,-1
2928,320,36.00,188.00,37.00,19.00,1,2,-1,-1
2928,318,572.00,184.00,40.00,17.00,1,2,-1,-1
2928,319,464.00,186.00,37.00,16.00,1,2,-1,-1
2929,336,265.00,190.00,47.00,20.00,1,2,-1,-1
2929,320,35.00,187.00,38.00,20.00,1,2,-1,-1
2929,318,572.00,184.00,40.00,17.00,1,2,-1,-1
2929,319,463.00,186.00,37.00,16.00,1,2,-1,-1
2930,336,264.00,190.00,46.00,20.00,1,2,-1,-1
2930,320,35.00,186.00,37.00,21.00,1,2,-1,-1
2930,318,570.00,183.00,42.00,17.00,1,2,-1,-1
2930,319,462.00,185.00,37.00,17.00,1,2,-1,-1
2931,336,264.00,189.00,46.00,21.00,1,2,-1,-1
2931,320,34.00,186.00,38.00,21.00,1,2,-1,-1
2931,318,571.00,182.00,40.00,18.00,1,2,-1,-1
2931,319,462.00,185.00,36.00,17.00,1,2,-1,-1
2932,336,262.00,189.00,48.00,20.00,1,2,-1,-1
2932,320,34.00,186.00,37.00,20.00,1,2,-1,-1
2932,319,460.00,185.00,38.00,17.00,1,2,-1,-1
2932,318,570.00,182.00,40.00,18.00,1,2,-1,-1
2933,336,262.00,188.00,48.00,21.00,1,2,-1,-1
2933,320,33.00,186.00,38.00,20.00,1,2,-1,-1
2933,319,460.00,184.00,38.00,17.00,1,2,-1,-1
2933,318,570.00,181.00,40.00,19.00,1,2,-1,-1
2934,336,261.00,188.00,49.00,21.00,1,2,-1,-1
2934,320,33.00,186.00,38.00,18.00,1,2,-1,-1
2934,319,460.00,184.00,38.00,17.00,1,2,-1,-1
2934,318,570.00,181.00,39.00,18.00,1,2,-1,-1
2935,336,261.00,187.00,49.00,22.00,1,2,-1,-1
2935,320,33.00,186.00,38.00,20.00,1,2,-1,-1
2935,319,460.00,183.00,38.00,18.00,1,2,-1,-1
2935,318,570.00,180.00,39.00,18.00,1,2,-1,-1
2936,336,260.00,187.00,50.00,21.00,1,2,-1,-1
2936,320,32.00,185.00,39.00,19.00,1,2,-1,-1
2936,319,460.00,183.00,38.00,18.00,1,2,-1,-1
2936,318,570.00,180.00,40.00,18.00,1,2,-1,-1
2937,336,260.00,187.00,50.00,21.00,1,2,-1,-1
2937,320,32.00,185.00,39.00,19.00,1,2,-1,-1
2937,319,460.00,183.00,38.00,17.00,1,2,-1,-1
2937,318,570.00,180.00,39.00,18.00,1,2,-1,-1
2938,336,264.00,187.00,46.00,20.00,1,2,-1,-1
2938,320,32.00,185.00,39.00,19.00,1,2,-1,-1
2938,319,460.00,183.00,38.00,17.00,1,2,-1,-1
2938,318,570.00,180.00,40.00,18.00,1,2,-1,-1
2939,336,262.00,187.00,48.00,21.00,1,2,-1,-1
2939,320,32.00,184.00,39.00,20.00,1,2,-1,-1
2939,319,460.00,182.00,38.00,18.00,1,2,-1,-1
2939,318,570.00,180.00,40.00,18.00,1,2,-1,-1
2940,336,261.00,187.00,49.00,20.00,1,2,-1,-1
2940,320,33.00,185.00,39.00,19.00,1,2,-1,-1
2940,318,571.00,180.00,40.00,18.00,1,2,-1,-1
2940,319,460.00,182.00,38.00,18.00,1,2,-1,-1
2941,336,261.00,187.00,49.00,20.00,1,2,-1,-1
2941,320,33.00,184.00,39.00,20.00,1,2,-1,-1
2941,318,572.00,180.00,40.00,18.00,1,2,-1,-1
2941,319,461.00,182.00,38.00,18.00,1,2,-1,-1
2942,336,261.00,187.00,49.00,20.00,1,2,-1,-1
2942,320,33.00,184.00,39.00,20.00,1,2,-1,-1
2942,318,571.00,180.00,41.00,18.00,1,2,-1,-1
2942,319,461.00,182.00,38.00,18.00,1,2,-1,-1
2943,336,274.00,187.00,36.00,20.00,1,2,-1,-1
2943,320,34.00,185.00,38.00,19.00,1,2,-1,-1
2943,318,571.00,180.00,40.00,18.00,1,2,-1,-1
2943,319,461.00,182.00,38.00,18.00,1,2,-1,-1
2944,336,274.00,187.00,36.00,19.00,1,2,-1,-1
2944,320,33.00,185.00,39.00,19.00,1,2,-1,-1
2944,318,572.00,179.00,40.00,18.00,1,2,-1,-1
2944,319,461.00,182.00,38.00,18.00,1,2,-1,-1
2945,336,268.00,187.00,42.00,20.00,1,2,-1,-1
2945,320,33.00,185.00,39.00,19.00,1,2,-1,-1
2945,318,572.00,179.00,40.00,19.00,1,2,-1,-1
2945,319,461.00,182.00,38.00,18.00,1,2,-1,-1
2946,336,278.00,187.00,32.00,19.00,1,2,-1,-1
2946,320,34.00,184.00,38.00,20.00,1,2,-1,-1
2946,318,572.00,179.00,40.00,18.00,1,2,-1,-1
2946,319,461.00,182.00,38.00,18.00,1,2,-1,-1
2947,336,272.00,187.00,38.00,19.00,1,2,-1,-1
2947,320,33.00,184.00,39.00,20.00,1,2,-1,-1
2947,318,572.00,179.00,40.00,19.00,1,2,-1,-1
2947,319,461.00,182.00,38.00,18.00,1,2,-1,-1
2948,336,276.00,187.00,34.00,19.00,1,2,-1,-1
2948,320,33.00,184.00,39.00,20.00,1,2,-1,-1
2948,318,571.00,179.00,41.00,18.00,1,2,-1,-1
2948,319,461.00,182.00,38.00,18.00,1,2,-1,-1
2949,336,276.00,187.00,34.00,19.00,1,2,-1,-1
2949,320,33.00,184.00,39.00,19.00,1,2,-1,-1
2949,318,571.00,179.00,41.00,18.00,1,2,-1,-1
2949,319,461.00,182.00,38.00,18.00,1,2,-1,-1
2950,336,278.00,187.00,32.00,19.00,1,2,-1,-1
2950,320,34.00,184.00,38.00,19.00,1,2,-1,-1
2950,319,461.00,182.00,38.00,18.00,1,2,-1,-1
2950,318,572.00,178.00,40.00,19.00,1,2,-1,-1
2951,336,277.00,186.00,33.00,19.00,1,2,-1,-1
2951,320,34.00,183.00,38.00,20.00,1,2,-1,-1
2951,318,571.00,178.00,41.00,19.00,1,2,-1,-1
2951,319,461.00,182.00,38.00,17.00,1,2,-1,-1
2952,336,274.00,186.00,36.00,19.00,1,2,-1,-1
2952,320,34.00,183.00,38.00,20.00,1,2,-1,-1
2952,318,571.00,177.00,41.00,19.00,1,2,-1,-1
2952,319,461.00,181.00,38.00,18.00,1,2,-1,-1
2953,336,274.00,185.00,36.00,19.00,1,2,-1,-1
2953,320,34.00,183.00,39.00,19.00,1,2,-1,-1
2953,318,571.00,176.00,41.00,20.00,1,2,-1,-1
2953,319,461.00,181.00,38.00,18.00,1,2,-1,-1
2954,336,280.00,185.00,30.00,19.00,1,2,-1,-1
2954,320,34.00,182.00,39.00,20.00,1,2,-1,-1
2954,318,571.00,176.00,41.00,20.00,1,2,-1,-1
2954,319,460.00,180.00,40.00,18.00,1,2,-1,-1
2955,336,279.00,184.00,31.00,19.00,1,2,-1,-1
2955,320,35.00,182.00,38.00,20.00,1,2,-1,-1
2955,318,570.00,175.00,42.00,20.00,1,2,-1,-1
2955,319,460.00,180.00,40.00,18.00,1,2,-1,-1
2956,336,280.00,184.00,31.00,18.00,1,2,-1,-1
2956,320,35.00,181.00,38.00,21.00,1,2,-1,-1
2956,318,571.00,174.00,42.00,20.00,1,2,-1,-1
2956,319,461.00,178.00,39.00,19.00,1,2,-1,-1
2957,343,258.00,184.00,20.00,18.00,1,2,-1,-1
2957,336,279.00,183.00,32.00,19.00,1,2,-1,-1
2957,320,36.00,181.00,37.00,19.00,1,2,-1,-1
2957,318,570.00,173.00,42.00,21.00,1,2,-1,-1
2957,319,461.00,178.00,38.00,18.00,1,2,-1,-1
2958,336,276.00,182.00,34.00,20.00,1,2,-1,-1
2958,320,35.00,180.00,38.00,20.00,1,2,-1,-1
2958,318,571.00,173.00,42.00,20.00,1,2,-1,-1
2958,319,461.00,177.00,38.00,18.00,1,2,-1,-1
2959,336,259.00,181.00,51.00,21.00,1,2,-1,-1
2959,320,35.00,180.00,38.00,19.00,1,2,-1,-1
2959,318,570.00,172.00,43.00,20.00,1,2,-1,-1
2959,319,461.00,176.00,39.00,18.00,1,2,-1,-1
2960,336,258.00,180.00,52.00,21.00,1,2,-1,-1
2960,318,570.00,172.00,42.00,20.00,1,2,-1,-1
2960,320,34.00,178.00,39.00,20.00,1,2,-1,-1
2960,319,461.00,176.00,39.00,18.00,1,2,-1,-1
2961,336,258.00,180.00,53.00,20.00,1,2,-1,-1
2961,320,35.00,178.00,37.00,20.00,1,2,-1,-1
2961,318,571.00,172.00,42.00,19.00,1,2,-1,-1
2961,319,461.00,175.00,39.00,18.00,1,2,-1,-1
2962,336,258.00,179.00,53.00,21.00,1,2,-1,-1
2962,320,36.00,178.00,36.00,19.00,1,2,-1,-1
2962,318,571.00,170.00,42.00,19.00,1,2,-1,-1
2962,319,461.00,174.00,39.00,19.00,1,2,-1,-1
2963,336,258.00,179.00,53.00,20.00,1,2,-1,-1
2963,320,35.00,178.00,38.00,19.00,1,2,-1,-1
2963,318,571.00,170.00,42.00,19.00,1,2,-1,-1
2963,319,461.00,174.00,39.00,18.00,1,2,-1,-1
2964,336,273.00,178.00,38.00,20.00,1,2,-1,-1
2964,320,36.00,177.00,37.00,19.00,1,2,-1,-1
2964,318,571.00,169.00,42.00,19.00,1,2,-1,-1
2964,319,461.00,173.00,39.00,19.00,1,2,-1,-1
2965,336,279.00,178.00,32.00,19.00,1,2,-1,-1
2965,320,36.00,177.00,37.00,19.00,1,2,-1,-1
2965,318,571.00,168.00,42.00,20.00,1,2,-1,-1
2965,319,462.00,173.00,38.00,18.00,1,2,-1,-1
2966,336,264.00,177.00,46.00,21.00,1,2,-1,-1
2966,320,36.00,176.00,37.00,20.00,1,2,-1,-1
2966,318,571.00,168.00,42.00,20.00,1,2,-1,-1
2966,319,462.00,173.00,38.00,18.00,1,2,-1,-1
2967,336,273.00,177.00,38.00,20.00,1,2,-1,-1
2967,320,36.00,176.00,37.00,20.00,1,2,-1,-1
2967,318,571.00,168.00,43.00,19.00,1,2,-1,-1
2967,319,462.00,172.00,38.00,19.00,1,2,-1,-1
2968,336,278.00,177.00,34.00,20.00,1,2,-1,-1
2968,320,36.00,176.00,37.00,19.00,1,2,-1,-1
2968,318,571.00,168.00,43.00,20.00,1,2,-1,-1
2968,319,462.00,172.00,38.00,18.00,1,2,-1,-1
2969,336,274.00,177.00,38.00,20.00,1,2,-1,-1
2969,320,36.00,176.00,37.00,19.00,1,2,-1,-1
2969,318,571.00,168.00,43.00,19.00,1,2,-1,-1
2969,319,462.00,172.00,38.00,18.00,1,2,-1,-1
2970,320,36.00,175.00,37.00,19.00,1,2,-1,-1
2970,318,572.00,167.00,42.00,20.00,1,2,-1,-1
2970,319,462.00,172.00,38.00,18.00,1,2,-1,-1
2971,320,36.00,176.00,37.00,18.00,1,2,-1,-1
2971,319,462.00,172.00,38.00,18.00,1,2,-1,-1
2971,318,572.00,167.00,42.00,19.00,1,2,-1,-1
2972,344,277.00,176.00,35.00,20.00,1,2,-1,-1
2972,320,36.00,175.00,38.00,19.00,1,2,-1,-1
2972,319,462.00,172.00,38.00,18.00,1,2,-1,-1
2972,318,572.00,167.00,42.00,19.00,1,2,-1,-1
2973,320,36.00,175.00,37.00,19.00,1,2,-1,-1
2973,319,462.00,172.00,38.00,18.00,1,2,-1,-1
2973,318,572.00,167.00,42.00,19.00,1,2,-1,-1
2974,345,280.00,176.00,32.00,20.00,1,2,-1,-1
2974,320,36.00,175.00,37.00,20.00,1,2,-1,-1
2974,319,462.00,172.00,38.00,18.00,1,2,-1,-1
2974,318,571.00,168.00,42.00,18.00,1,2,-1,-1
2975,345,259.00,176.00,51.00,20.00,1,2,-1,-1
2975,320,36.00,175.00,37.00,19.00,1,2,-1,-1
2975,318,572.00,167.00,42.00,20.00,1,2,-1,-1
2975,319,462.00,172.00,38.00,18.00,1,2,-1,-1
2976,320,36.00,175.00,37.00,19.00,1,2,-1,-1
2976,319,462.00,172.00,38.00,18.00,1,2,-1,-1
2976,318,571.00,167.00,42.00,20.00,1,2,-1,-1
2977,346,280.00,176.00,32.00,19.00,1,2,-1,-1
2977,320,37.00,175.00,35.00,19.00,1,2,-1,-1
2977,319,462.00,172.00,38.00,18.00,1,2,-1,-1
2977,318,571.00,167.00,42.00,20.00,1,2,-1,-1
2978,346,280.00,176.00,31.00,19.00,1,2,-1,-1
2978,320,36.00,175.00,36.00,19.00,1,2,-1,-1
2978,319,462.00,172.00,38.00,18.00,1,2,-1,-1
2978,318,571.00,167.00,42.00,20.00,1,2,-1,-1
2979,346,279.00,176.00,32.00,20.00,1,2,-1,-1
2979,320,35.00,175.00,37.00,19.00,1,2,-1,-1
2979,319,462.00,172.00,38.00,18.00,1,2,-1,-1
2979,318,571.00,167.00,42.00,20.00,1,2,-1,-1
2980,346,280.00,176.00,31.00,20.00,1,2,-1,-1
2980,320,35.00,176.00,37.00,18.00,1,2,-1,-1
2980,318,571.00,167.00,42.00,20.00,1,2,-1,-1
2980,319,461.00,172.00,38.00,18.00,1,2,-1,-1
2981,346,280.00,176.00,31.00,20.00,1,2,-1,-1
2981,320,35.00,175.00,37.00,20.00,1,2,-1,-1
2981,318,571.00,167.00,42.00,21.00,1,2,-1,-1
2981,319,461.00,172.00,39.00,18.00,1,2,-1,-1
2982,320,35.00,176.00,37.00,19.00,1,2,-1,-1
2982,318,570.00,167.00,42.00,21.00,1,2,-1,-1
2982,319,460.00,172.00,40.00,19.00,1,2,-1,-1
2983,320,35.00,176.00,36.00,19.00,1,2,-1,-1
2983,318,570.00,168.00,42.00,20.00,1,2,-1,-1
2983,319,460.00,172.00,40.00,19.00,1,2,-1,-1
2984,347,278.00,177.00,33.00,20.00,1,2,-1,-1
2984,320,34.00,176.00,37.00,19.00,1,2,-1,-1
2984,318,570.00,168.00,42.00,21.00,1,2,-1,-1
2984,319,460.00,173.00,40.00,19.00,1,2,-1,-1
2985,347,278.00,178.00,33.00,19.00,1,2,-1,-1
2985,320,34.00,176.00,37.00,19.00,1,2,-1,-1
2985,318,570.00,169.00,42.00,20.00,1,2,-1,-1
2985,319,460.00,173.00,40.00,19.00,1,2,-1,-1
2986,347,278.00,178.00,33.00,20.00,1,2,-1,-1
2986,320,33.00,177.00,38.00,19.00,1,2,-1,-1
2986,318,570.00,169.00,42.00,21.00,1,2,-1,-1
2986,319,460.00,174.00,40.00,19.00,1,2,-1,-1
2987,318,571.00,170.00,41.00,21.00,1,2,-1,-1
2987,320,33.00,177.00,38.00,20.00,1,2,-1,-1
2987,319,460.00,174.00,40.00,19.00,1,2,-1,-1
2988,348,251.00,179.00,60.00,21.00,1,2,-1,-1
2988,318,570.00,172.00,43.00,20.00,1,2,-1,-1
2988,320,33.00,178.00,38.00,19.00,1,2,-1,-1
2988,319,460.00,175.00,40.00,18.00,1,2,-1,-1
2989,320,34.00,178.00,36.00,19.00,1,2,-1,-1
2989,318,571.00,171.00,42.00,21.00,1,2,-1,-1
2989,319,460.00,176.00,39.00,18.00,1,2,-1,-1
2990,320,33.00,179.00,39.00,19.00,1,2,-1,-1
2990,318,571.00,172.00,42.00,21.00,1,2,-1,-1
2990,319,460.00,177.00,39.00,17.00,1,2,-1,-1
2991,318,570.00,172.00,42.00,22.00,1,2,-1,-1
2991,320,34.00,180.00,36.00,18.00,1,2,-1,-1
2991,319,460.00,177.00,39.00,19.00,1,2,-1,-1
2992,320,34.00,180.00,36.00,19.00,1,2,-1,-1
2992,318,570.00,172.00,42.00,22.00,1,2,-1,-1
2992,319,460.00,179.00,39.00,17.00,1,2,-1,-1
2993,320,33.00,180.00,38.00,20.00,1,2,-1,-1
2993,318,570.00,174.00,42.00,21.00,1,2,-1,-1
2993,319,460.00,179.00,39.00,18.00,1,2,-1,-1
2994,320,34.00,181.00,37.00,20.00,1,2,-1,-1
2994,318,572.00,175.00,40.00,21.00,1,2,-1,-1
2994,319,460.00,180.00,39.00,18.00,1,2,-1,-1
2995,349,276.00,183.00,35.00,20.00,1,2,-1,-1
2995,320,34.00,182.00,36.00,19.00,1,2,-1,-1
2995,318,572.00,175.00,40.00,21.00,1,2,-1,-1
2995,319,460.00,180.00,38.00,19.00,1,2,-1,-1
2996,349,276.00,184.00,34.00,20.00,1,2,-1,-1
2996,320,33.00,182.00,37.00,20.00,1,2,-1,-1
2996,318,570.00,177.00,42.00,20.00,1,2,-1,-1
2996,319,460.00,181.00,39.00,18.00,1,2,-1,-1
2997,349,277.00,185.00,34.00,19.00,1,2,-1,-1
2997,318,572.00,178.00,42.00,20.00,1,2,-1,-1
2997,320,34.00,182.00,36.00,20.00,1,2,-1,-1
2997,319,460.00,182.00,38.00,18.00,1,2,-1,-1
2998,349,276.00,185.00,35.00,20.00,1,2,-1,-1
2998,318,572.00,179.00,41.00,20.00,1,2,-1,-1
2998,320,35.00,183.00,35.00,20.00,1,2,-1,-1
2998,319,460.00,182.00,38.00,18.00,1,2,-1,-1
2999,349,276.00,186.00,34.00,20.00,1,2,-1,-1
2999,320,34.00,183.00,36.00,20.00,1,2,-1,-1
2999,318,572.00,180.00,41.00,19.00,1,2,-1,-1
2999,319,460.00,183.00,38.00,18.00,1,2,-1,-1
3000,349,275.00,186.00,35.00,21.00,1,2,-1,-1
3000,318,572.00,180.00,41.00,20.00,1,2,-1,-1
3000,320,34.00,184.00,36.00,20.00,1,2,-1,-1
3000,319,460.00,183.00,38.00,18.00,1,2,-1,-1
3001,349,276.00,187.00,35.00,20.00,1,2,-1,-1
3001,318,571.00,180.00,42.00,20.00,1,2,-1,-1
3001,320,33.00,184.00,37.00,21.00,1,2,-1,-1
3001,319,460.00,184.00,38.00,18.00,1,2,-1,-1
3002,349,275.00,188.00,36.00,19.00,1,2,-1,-1
3002,320,33.00,185.00,37.00,20.00,1,2,-1,-1
3002,319,460.00,184.00,38.00,18.00,1,2,-1,-1
3002,318,572.00,181.00,41.00,19.00,1,2,-1,-1
3003,349,276.00,188.00,34.00,19.00,1,2,-1,-1
3003,320,33.00,186.00,37.00,19.00,1,2,-1,-1
3003,319,460.00,185.00,39.00,17.00,1,2,-1,-1
3003,318,572.00,182.00,41.00,18.00,1,2,-1,-1
3004,320,33.00,186.00,37.00,19.00,1,2,-1,-1
3004,319,460.00,185.00,39.00,18.00,1,2,-1,-1
3004,318,572.00,182.00,41.00,19.00,1,2,-1,-1
3005,318,572.00,181.00,42.00,20.00,1,2,-1,-1
3005,320,34.00,186.00,36.00,20.00,1,2,-1,-1
3005,319,461.00,185.00,38.00,18.00,1,2,-1,-1
3006,350,276.00,190.00,34.00,18.00,1,2,-1,-1
3006,320,36.00,186.00,34.00,20.00,1,2,-1,-1
3006,318,572.00,182.00,42.00,19.00,1,2,-1,-1
3006,319,461.00,185.00,38.00,18.00,1,2,-1,-1
3007,350,277.00,190.00,34.00,18.00,1,2,-1,-1
3007,320,36.00,187.00,34.00,19.00,1,2,-1,-1
3007,318,572.00,182.00,42.00,20.00,1,2,-1,-1
3007,319,461.00,185.00,38.00,18.00,1,2,-1,-1
3008,320,36.00,188.00,34.00,18.00,1,2,-1,-1
3008,319,461.00,186.00,38.00,18.00,1,2,-1,-1
3008,318,573.00,182.00,41.00,20.00,1,2,-1,-1
3009,351,276.00,191.00,35.00,17.00,1,2,-1,-1
3009,320,34.00,188.00,36.00,18.00,1,2,-1,-1
3009,319,462.00,186.00,38.00,18.00,1,2,-1,-1
3009,318,572.00,183.00,42.00,19.00,1,2,-1,-1
3010,351,278.00,192.00,34.00,17.00,1,2,-1,-1
3010,320,36.00,189.00,35.00,17.00,1,2,-1,-1
3010,319,462.00,186.00,38.00,18.00,1,2,-1,-1
3010,318,573.00,183.00,42.00,19.00,1,2,-1,-1
3011,351,278.00,192.00,33.00,17.00,1,2,-1,-1
3011,320,37.00,189.00,34.00,17.00,1,2,-1,-1
3011,318,572.00,183.00,44.00,19.00,1,2,-1,-1
3011,319,462.00,187.00,38.00,18.00,1,2,-1,-1
3012,351,279.00,191.00,32.00,18.00,1,2,-1,-1
3012,320,36.00,189.00,35.00,18.00,1,2,-1,-1
3012,319,462.00,187.00,38.00,18.00,1,2,-1,-1
3012,318,574.00,183.00,42.00,20.00,1,2,-1,-1
3013,351,278.00,191.00,34.00,19.00,1,2,-1,-1
3013,320,36.00,190.00,35.00,17.00,1,2,-1,-1
3013,318,573.00,183.00,43.00,20.00,1,2,-1,-1
3013,319,462.00,187.00,38.00,18.00,1,2,-1,-1
3014,351,278.00,192.00,34.00,18.00,1,2,-1,-1
3014,320,35.00,190.00,35.00,17.00,1,2,-1,-1
3014,318,573.00,183.00,43.00,21.00,1,2,-1,-1
3014,319,462.00,187.00,39.00,19.00,1,2,-1,-1
3015,351,279.00,192.00,33.00,18.00,1,2,-1,-1
3015,320,36.00,190.00,35.00,18.00,1,2,-1,-1
3015,318,573.00,184.00,43.00,20.00,1,2,-1,-1
3015,319,462.00,188.00,38.00,18.00,1,2,-1,-1
3016,351,280.00,192.00,32.00,18.00,1,2,-1,-1
3016,320,37.00,190.00,34.00,18.00,1,2,-1,-1
3016,318,573.00,184.00,43.00,20.00,1,2,-1,-1
3016,319,462.00,188.00,39.00,18.00,1,2,-1,-1
3017,351,279.00,192.00,33.00,18.00,1,2,-1,-1
3017,320,37.00,191.00,34.00,17.00,1,2,-1,-1
3017,318,574.00,185.00,42.00,19.00,1,2,-1,-1
3017,319,463.00,188.00,38.00,18.00,1,2,-1,-1
3018,320,38.00,191.00,33.00,18.00,1,2,-1,-1
3018,318,572.00,185.00,44.00,20.00,1,2,-1,-1
3018,319,463.00,188.00,38.00,18.00,1,2,-1,-1
3019,320,38.00,191.00,33.00,18.00,1,2,-1,-1
3019,318,574.00,186.00,42.00,19.00,1,2,-1,-1
3019,319,463.00,189.00,39.00,17.00,1,2,-1,-1
3020,320,38.00,192.00,33.00,18.00,1,2,-1,-1
3020,318,574.00,186.00,44.00,19.00,1,2,-1,-1
3020,319,463.00,189.00,38.00,18.00,1,2,-1,-1
3021,320,38.00,192.00,33.00,18.00,1,2,-1,-1
3021,318,574.00,186.00,43.00,19.00,1,2,-1,-1
3021,319,463.00,190.00,38.00,17.00,1,2,-1,-1
3022,320,37.00,192.00,35.00,19.00,1,2,-1,-1
3022,318,575.00,187.00,42.00,19.00,1,2,-1,-1
3022,319,464.00,190.00,37.00,17.00,1,2,-1,-1
3023,318,575.00,188.00,42.00,18.00,1,2,-1,-1
3023,320,37.00,192.00,35.00,19.00,1,2,-1,-1
3023,319,464.00,191.00,37.00,16.00,1,2,-1,-1
3024,318,575.00,187.00,42.00,19.00,1,2,-1,-1
3024,320,38.00,193.00,33.00,19.00,1,2,-1,-1
3024,319,463.00,191.00,38.00,17.00,1,2,-1,-1
3025,320,38.00,193.00,34.00,19.00,1,2,-1,-1
3025,318,576.00,188.00,42.00,18.00,1,2,-1,-1
3025,319,464.00,191.00,38.00,17.00,1,2,-1,-1
3026,320,37.00,194.00,35.00,19.00,1,2,-1,-1
3026,318,576.00,188.00,42.00,18.00,1,2,-1,-1
3026,319,464.00,191.00,38.00,17.00,1,2,-1,-1
3027,320,37.00,194.00,35.00,19.00,1,2,-1,-1
3027,318,577.00,189.00,42.00,18.00,1,2,-1,-1
3027,319,464.00,191.00,38.00,18.00,1,2,-1,-1
3028,320,37.00,194.00,35.00,19.00,1,2,-1,-1
3028,318,576.00,189.00,42.00,18.00,1,2,-1,-1
3028,319,464.00,192.00,38.00,16.00,1,2,-1,-1
3029,320,37.00,195.00,35.00,18.00,1,2,-1,-1
3029,318,577.00,189.00,42.00,19.00,1,2,-1,-1
3029,319,464.00,192.00,38.00,17.00,1,2,-1,-1
3030,318,578.00,190.00,41.00,18.00,1,2,-1,-1
3030,319,464.00,192.00,38.00,17.00,1,2,-1,-1
3031,352,464.00,194.00,38.00,16.00,1,8,-1,-1
3031,318,578.00,190.00,42.00,18.00,1,2,-1,-1
3031,319,464.00,193.00,38.00,17.00,1,2,-1,-1
3032,352,464.00,194.00,38.00,16.00,1,8,-1,-1
3032,353,37.00,195.00,36.00,19.00,1,2,-1,-1
3032,318,578.00,190.00,42.00,18.00,1,2,-1,-1
3032,319,465.00,193.00,37.00,17.00,1,2,-1,-1
3033,352,464.00,194.00,38.00,16.00,1,8,-1,-1
3033,353,37.00,196.00,36.00,19.00,1,2,-1,-1
3033,318,578.00,190.00,42.00,19.00,1,2,-1,-1
3033,319,465.00,193.00,37.00,17.00,1,2,-1,-1
3034,353,37.00,196.00,37.00,19.00,1,2,-1,-1
3034,354,280.00,198.00,34.00,18.00,1,2,-1,-1
3034,318,578.00,191.00,42.00,18.00,1,2,-1,-1
3034,319,465.00,194.00,38.00,17.00,1,2,-1,-1
3035,354,280.00,198.00,34.00,18.00,1,2,-1,-1
3035,318,578.00,191.00,43.00,18.00,1,2,-1,-1
3035,319,466.00,194.00,37.00,17.00,1,2,-1,-1
3036,355,37.00,197.00,37.00,18.00,1,2,-1,-1
3036,354,279.00,197.00,35.00,19.00,1,2,-1,-1
3036,318,578.00,190.00,43.00,19.00,1,2,-1,-1
3036,319,465.00,194.00,38.00,17.00,1,2,-1,-1
3037,355,37.00,197.00,37.00,18.00,1,2,-1,-1
3037,318,580.00,191.00,42.00,18.00,1,2,-1,-1
3037,319,466.00,194.00,37.00,17.00,1,2,-1,-1
3038,356,279.00,198.00,35.00,18.00,1,2,-1,-1
3038,355,37.00,196.00,37.00,19.00,1,2,-1,-1
3038,318,580.00,191.00,42.00,18.00,1,2,-1,-1
3038,319,466.00,194.00,37.00,16.00,1,2,-1,-1
3039,356,279.00,198.00,35.00,18.00,1,2,-1,-1
3039,355,37.00,197.00,37.00,18.00,1,2,-1,-1
3039,318,580.00,191.00,42.00,18.00,1,2,-1,-1
3039,319,466.00,194.00,37.00,16.00,1,2,-1,-1
3040,356,279.00,198.00,35.00,18.00,1,2,-1,-1
3040,355,37.00,197.00,37.00,18.00,1,2,-1,-1
3040,318,580.00,191.00,42.00,18.00,1,2,-1,-1
3040,319,466.00,194.00,37.00,16.00,1,2,-1,-1
3041,356,278.00,198.00,36.00,18.00,1,2,-1,-1
3041,355,39.00,197.00,33.00,17.00,1,2,-1,-1
3041,318,580.00,191.00,42.00,17.00,1,2,-1,-1
3041,319,466.00,193.00,37.00,17.00,1,2,-1,-1
3042,356,278.00,198.00,36.00,18.00,1,2,-1,-1
3042,355,39.00,197.00,33.00,17.00,1,2,-1,-1
3042,318,580.00,191.00,42.00,17.00,1,2,-1,-1
3042,319,466.00,193.00,37.00,17.00,1,2,-1,-1
3043,356,278.00,197.00,36.00,19.00,1,2,-1,-1
3043,355,38.00,197.00,34.00,17.00,1,2,-1,-1
3043,318,580.00,191.00,42.00,17.00,1,2,-1,-1
3043,319,466.00,193.00,37.00,17.00,1,2,-1,-1
3044,356,278.00,197.00,36.00,18.00,1,2,-1,-1
3044,355,38.00,197.00,35.00,17.00,1,2,-1,-1
3044,318,580.00,190.00,42.00,17.00,1,2,-1,-1
3044,319,466.00,192.00,37.00,17.00,1,2,-1,-1
3045,355,37.00,197.00,36.00,17.00,1,2,-1,-1
3045,356,277.00,196.00,37.00,19.00,1,2,-1,-1
3045,318,580.00,190.00,42.00,16.00,1,2,-1,-1
3045,319,466.00,192.00,37.00,17.00,1,2,-1,-1
3046,355,38.00,195.00,34.00,19.00,1,2,-1,-1
3046,356,280.00,196.00,34.00,19.00,1,2,-1,-1
3046,318,580.00,189.00,42.00,17.00,1,2,-1,-1
3046,319,466.00,191.00,37.00,17.00,1,2,-1,-1
3047,355,38.00,195.00,34.00,18.00,1,2,-1,-1
3047,356,278.00,196.00,36.00,19.00,1,2,-1,-1
3047,318,580.00,189.00,42.00,17.00,1,2,-1,-1
3047,319,466.00,191.00,37.00,17.00,1,2,-1,-1
3048,356,278.00,195.00,36.00,19.00,1,2,-1,-1
3048,355,38.00,194.00,34.00,19.00,1,2,-1,-1
3048,318,579.00,189.00,43.00,17.00,1,2,-1,-1
3048,319,465.00,190.00,39.00,18.00,1,2,-1,-1
3049,355,38.00,194.00,34.00,18.00,1,2,-1,-1
3049,318,580.00,188.00,42.00,17.00,1,2,-1,-1
3049,319,466.00,190.00,38.00,17.00,1,2,-1,-1
3050,355,39.00,194.00,33.00,17.00,1,2,-1,-1
3050,318,580.00,186.00,42.00,18.00,1,2,-1,-1
3050,319,465.00,189.00,38.00,17.00,1,2,-1,-1
3051,355,39.00,193.00,33.00,18.00,1,2,-1,-1
3051,318,580.00,186.00,42.00,18.00,1,2,-1,-1
3051,319,466.00,189.00,38.00,17.00,1,2,-1,-1
3052,355,38.00,193.00,34.00,17.00,1,2,-1,-1
3052,318,580.00,186.00,42.00,17.00,1,2,-1,-1
3052,319,465.00,188.00,38.00,18.00,1,2,-1,-1
3053,355,38.00,192.00,33.00,18.00,1,2,-1,-1
3053,318,580.00,186.00,42.00,16.00,1,2,-1,-1
3053,319,465.00,188.00,38.00,18.00,1,2,-1,-1
3054,355,38.00,192.00,33.00,18.00,1,2,-1,-1
3054,318,580.00,185.00,43.00,18.00,1,2,-1,-1
3054,319,465.00,187.00,38.00,19.00,1,2,-1,-1
3055,355,37.00,192.00,33.00,17.00,1,2,-1,-1
3055,318,580.00,185.00,42.00,17.00,1,2,-1,-1
3055,319,465.00,187.00,38.00,18.00,1,2,-1,-1
3056,357,276.00,191.00,37.00,19.00,1,2,-1,-1
3056,355,36.00,190.00,34.00,19.00,1,2,-1,-1
3056,318,580.00,185.00,42.00,17.00,1,2,-1,-1
3056,319,465.00,187.00,38.00,17.00,1,2,-1,-1
3057,357,277.00,191.00,36.00,18.00,1,2,-1,-1
3057,355,36.00,190.00,34.00,19.00,1,2,-1,-1
3057,318,580.00,185.00,42.00,17.00,1,2,-1,-1
3057,319,465.00,187.00,37.00,17.00,1,2,-1,-1
3058,357,276.00,191.00,36.00,18.00,1,2,-1,-1
3058,355,36.00,190.00,33.00,18.00,1,2,-1,-1
3058,318,579.00,184.00,43.00,18.00,1,2,-1,-1
3058,319,464.00,187.00,39.00,17.00,1,2,-1,-1
3059,357,277.00,191.00,35.00,18.00,1,2,-1,-1
3059,355,36.00,190.00,32.00,17.00,1,2,-1,-1
3059,318,579.00,185.00,42.00,17.00,1,2,-1,-1
3059,319,464.00,187.00,38.00,17.00,1,2,-1,-1
3060,357,272.00,190.00,39.00,20.00,1,2,-1,-1
3060,355,33.00,190.00,34.00,18.00,1,2,-1,-1
3060,318,578.00,185.00,42.00,17.00,1,2,-1,-1
3060,319,462.00,187.00,39.00,17.00,1,2,-1,-1
3061,357,272.00,191.00,38.00,18.00,1,2,-1,-1
3061,355,32.00,190.00,34.00,18.00,1,2,-1,-1
3061,318,577.00,185.00,42.00,17.00,1,2,-1,-1
3061,319,461.00,186.00,39.00,18.00,1,2,-1,-1
3062,357,270.00,191.00,40.00,19.00,1,2,-1,-1
3062,355,31.00,189.00,34.00,19.00,1,2,-1,-1
3062,319,460.00,187.00,38.00,17.00,1,2,-1,-1
3062,318,576.00,186.00,42.00,17.00,1,2,-1,-1
3063,357,270.00,191.00,38.00,18.00,1,2,-1,-1
3063,355,29.00,189.00,35.00,18.00,1,2,-1,-1
3063,318,574.00,186.00,42.00,17.00,1,2,-1,-1
3063,319,460.00,187.00,38.00,18.00,1,2,-1,-1
3064,355,28.00,189.00,35.00,19.00,1,2,-1,-1
3064,357,270.00,190.00,37.00,19.00,1,2,-1,-1
3064,318,575.00,186.00,40.00,17.00,1,2,-1,-1
3064,319,460.00,187.00,37.00,17.00,1,2,-1,-1
3065,357,270.00,190.00,36.00,19.00,1,2,-1,-1
3065,355,28.00,189.00,34.00,19.00,1,2,-1,-1
3065,318,574.00,185.00,42.00,18.00,1,2,-1,-1
3065,319,459.00,187.00,37.00,17.00,1,2,-1,-1
3066,357,268.00,190.00,38.00,19.00,1,2,-1,-1
3066,355,28.00,189.00,34.00,19.00,1,2,-1,-1
3066,318,574.00,185.00,41.00,17.00,1,2,-1,-1
3066,319,459.00,187.00,37.00,17.00,1,2,-1,-1
3067,357,268.00,190.00,38.00,19.00,1,2,-1,-1
3067,355,28.00,189.00,33.00,18.00,1,2,-1,-1
3067,318,574.00,186.00,40.00,17.00,1,2,-1,-1
3067,319,458.00,187.00,38.00,17.00,1,2,-1,-1
3068,357,267.00,190.00,39.00,19.00,1,2,-1,-1
3068,355,27.00,189.00,34.00,18.00,1,2,-1,-1
3068,318,572.00,186.00,44.00,16.00,1,2,-1,-1
3068,319,458.00,187.00,37.00,17.00,1,2,-1,-1
3069,357,266.00,190.00,39.00,19.00,1,2,-1,-1
3069,355,27.00,190.00,34.00,17.00,1,2,-1,-1
3069,318,572.00,185.00,43.00,17.00,1,2,-1,-1
3069,319,457.00,187.00,39.00,17.00,1,2,-1,-1
3070,357,267.00,190.00,38.00,19.00,1,2,-1,-1
3070,355,27.00,190.00,34.00,17.00,1,2,-1,-1
3070,318,572.00,185.00,43.00,17.00,1,2,-1,-1
3070,319,457.00,187.00,38.00,17.00,1,2,-1,-1
3071,357,266.00,190.00,38.00,19.00,1,2,-1,-1
3071,355,26.00,189.00,34.00,17.00,1,2,-1,-1
3071,318,572.00,185.00,43.00,17.00,1,2,-1,-1
3071,319,457.00,186.00,38.00,18.00,1,2,-1,-1
3072,357,266.00,189.00,38.00,19.00,1,2,-1,-1
3072,355,26.00,189.00,34.00,18.00,1,2,-1,-1
3072,318,572.00,184.00,42.00,18.00,1,2,-1,-1
3072,319,456.00,186.00,39.00,18.00,1,2,-1,-1
3073,357,266.00,189.00,38.00,19.00,1,2,-1,-1
3073,355,24.00,189.00,35.00,17.00,1,2,-1,-1
3073,318,572.00,184.00,42.00,18.00,1,2,-1,-1
3073,319,456.00,186.00,38.00,18.00,1,2,-1,-1
3074,355,24.00,187.00,35.00,18.00,1,2,-1,-1
3074,357,265.00,187.00,38.00,20.00,1,2,-1,-1
3074,318,570.00,184.00,44.00,17.00,1,2,-1,-1
3074,319,455.00,185.00,39.00,18.00,1,2,-1,-1
3075,355,25.00,186.00,33.00,18.00,1,2,-1,-1
3075,357,264.00,186.00,39.00,21.00,1,2,-1,-1
3075,318,570.00,183.00,44.00,18.00,1,2,-1,-1
3075,319,455.00,185.00,39.00,17.00,1,2,-1,-1
3076,355,24.00,186.00,34.00,18.00,1,2,-1,-1
3076,357,263.00,186.00,40.00,20.00,1,2,-1,-1
3076,318,571.00,182.00,42.00,17.00,1,2,-1,-1
3076,319,455.00,184.00,39.00,17.00,1,2,-1,-1
3077,355,24.00,185.00,34.00,18.00,1,2,-1,-1
3077,318,571.00,182.00,42.00,17.00,1,2,-1,-1
3077,357,264.00,185.00,39.00,20.00,1,2,-1,-1
3077,319,454.00,183.00,39.00,17.00,1,2,-1,-1
3078,355,23.00,184.00,35.00,18.00,1,2,-1,-1
3078,357,264.00,184.00,38.00,20.00,1,2,-1,-1
3078,318,569.00,181.00,43.00,18.00,1,2,-1,-1
3078,319,454.00,183.00,39.00,17.00,1,2,-1,-1
3079,355,22.00,183.00,35.00,18.00,1,2,-1,-1
3079,357,264.00,184.00,38.00,20.00,1,2,-1,-1
3079,318,570.00,179.00,42.00,19.00,1,2,-1,-1
3079,319,454.00,182.00,38.00,17.00,1,2,-1,-1
3080,355,22.00,183.00,34.00,18.00,1,2,-1,-1
3080,357,262.00,183.00,39.00,20.00,1,2,-1,-1
3080,318,569.00,178.00,42.00,19.00,1,2,-1,-1
3080,319,453.00,181.00,39.00,17.00,1,2,-1,-1
3081,355,21.00,182.00,35.00,19.00,1,2,-1,-1
3081,357,261.00,183.00,39.00,19.00,1,2,-1,-1
3081,318,568.00,178.00,42.00,18.00,1,2,-1,-1
3081,319,452.00,180.00,40.00,18.00,1,2,-1,-1
3082,357,261.00,182.00,39.00,20.00,1,2,-1,-1
3082,355,20.00,181.00,34.00,19.00,1,2,-1,-1
3082,319,452.00,179.00,39.00,19.00,1,2,-1,-1
3082,318,566.00,178.00,45.00,18.00,1,2,-1,-1
3083,357,261.00,181.00,38.00,20.00,1,2,-1,-1
3083,355,20.00,181.00,35.00,18.00,1,2,-1,-1
3083,319,452.00,178.00,39.00,18.00,1,2,-1,-1
3083,318,568.00,176.00,43.00,18.00,1,2,-1,-1
3084,357,260.00,180.00,38.00,20.00,1,2,-1,-1
3084,355,20.00,180.00,34.00,18.00,1,2,-1,-1
3084,319,452.00,177.00,38.00,18.00,1,2,-1,-1
3084,318,567.00,176.00,43.00,18.00,1,2,-1,-1
3085,357,259.00,180.00,39.00,20.00,1,2,-1,-1
3085,355,17.00,179.00,36.00,19.00,1,2,-1,-1
3085,319,451.00,177.00,39.00,18.00,1,2,-1,-1
3085,318,566.00,176.00,44.00,18.00,1,2,-1,-1
3086,357,258.00,180.00,39.00,19.00,1,2,-1,-1
3086,355,18.00,179.00,34.00,18.00,1,2,-1,-1
3086,318,566.00,175.00,44.00,18.00,1,2,-1,-1
3086,319,450.00,177.00,39.00,17.00,1,2,-1,-1
3087,318,565.00,174.00,43.00,18.00,1,2,-1,-1
3087,355,18.00,178.00,33.00,18.00,1,2,-1,-1
3087,357,257.00,178.00,40.00,21.00,1,2,-1,-1
3087,319,450.00,176.00,39.00,18.00,1,2,-1,-1
3088,355,22.00,177.00,34.00,18.00,1,2,-1,-1
3088,357,258.00,177.00,38.00,20.00,1,2,-1,-1
3088,318,561.00,174.00,42.00,17.00,1,2,-1,-1
3088,319,446.00,175.00,40.00,17.00,1,2,-1,-1
3089,357,260.00,176.00,37.00,20.00,1,2,-1,-1
3089,318,552.00,172.00,40.00,18.00,1,2,-1,-1
3089,355,33.00,176.00,33.00,18.00,1,2,-1,-1
3089,319,442.00,174.00,37.00,17.00,1,2,-1,-1
3090,355,43.00,175.00,32.00,19.00,1,2,-1,-1
3090,357,261.00,176.00,36.00,18.00,1,2,-1,-1
3090,318,542.00,170.00,40.00,18.00,1,2,-1,-1
3090,319,436.00,172.00,37.00,17.00,1,2,-1,-1
3091,355,53.00,174.00,31.00,16.00,1,2,-1,-1
3091,357,262.00,174.00,36.00,19.00,1,2,-1,-1
3091,318,532.00,168.00,40.00,18.00,1,2,-1,-1
3091,319,431.00,170.00,35.00,17.00,1,2,-1,-1
3092,357,261.00,174.00,36.00,18.00,1,2,-1,-1
3092,318,524.00,168.00,37.00,17.00,1,2,-1,-1
3092,355,62.00,174.00,29.00,15.00,1,2,-1,-1
3092,319,426.00,170.00,35.00,16.00,1,2,-1,-1
3093,355,73.00,172.00,27.00,17.00,1,2,-1,-1
3093,357,264.00,173.00,34.00,18.00,1,2,-1,-1
3093,318,517.00,168.00,36.00,16.00,1,2,-1,-1
3093,319,422.00,170.00,34.00,16.00,1,2,-1,-1
3094,357,262.00,174.00,38.00,17.00,1,2,-1,-1
3094,355,74.00,172.00,28.00,18.00,1,2,-1,-1
3094,318,517.00,169.00,36.00,16.00,1,2,-1,-1
3094,319,422.00,170.00,34.00,15.00,1,2,-1,-1
3095,357,265.00,174.00,34.00,17.00,1,2,-1,-1
3095,355,73.00,172.00,29.00,18.00,1,2,-1,-1
3095,318,517.00,168.00,36.00,17.00,1,2,-1,-1
3095,319,423.00,170.00,33.00,16.00,1,2,-1,-1
3096,357,264.00,175.00,36.00,17.00,1,2,-1,-1
3096,355,74.00,173.00,28.00,17.00,1,2,-1,-1
3096,318,516.00,169.00,36.00,17.00,1,2,-1,-1
3096,319,422.00,171.00,34.00,16.00,1,2,-1,-1
3097,357,265.00,175.00,34.00,18.00,1,2,-1,-1
3097,355,73.00,174.00,29.00,16.00,1,2,-1,-1
3097,319,423.00,172.00,33.00,16.00,1,2,-1,-1
3097,318,516.00,170.00,36.00,16.00,1,2,-1,-1
3098,355,73.00,174.00,29.00,18.00,1,2,-1,-1
3098,357,265.00,176.00,34.00,17.00,1,2,-1,-1
3098,319,422.00,172.00,35.00,16.00,1,2,-1,-1
3098,318,516.00,171.00,36.00,16.00,1,2,-1,-1
3099,355,73.00,174.00,29.00,17.00,1,2,-1,-1
3099,357,265.00,176.00,34.00,18.00,1,2,-1,-1
3099,318,517.00,171.00,35.00,16.00,1,2,-1,-1
3099,319,422.00,172.00,35.00,16.00,1,2,-1,-1
3100,355,73.00,174.00,29.00,17.00,1,2,-1,-1
3100,357,265.00,176.00,34.00,17.00,1,2,-1,-1
3100,318,518.00,172.00,34.00,15.00,1,2,-1,-1
3100,319,423.00,172.00,34.00,16.00,1,2,-1,-1
3101,355,73.00,174.00,29.00,17.00,1,2,-1,-1
3101,357,265.00,175.00,33.00,18.00,1,2,-1,-1
3101,318,517.00,171.00,36.00,16.00,1,2,-1,-1
3101,319,422.00,172.00,35.00,16.00,1,2,-1,-1
3102,355,72.00,175.00,30.00,16.00,1,2,-1,-1
3102,357,264.00,176.00,34.00,18.00,1,2,-1,-1
3102,318,517.00,171.00,36.00,16.00,1,2,-1,-1
3102,319,422.00,172.00,34.00,16.00,1,2,-1,-1
3103,355,72.00,174.00,30.00,18.00,1,2,-1,-1
3103,357,263.00,175.00,35.00,18.00,1,2,-1,-1
3103,318,517.00,172.00,35.00,14.00,1,2,-1,-1
3103,319,422.00,172.00,34.00,16.00,1,2,-1,-1
3104,355,72.00,174.00,30.00,18.00,1,2,-1,-1
3104,357,263.00,176.00,35.00,18.00,1,2,-1,-1
3104,318,517.00,172.00,35.00,14.00,1,2,-1,-1
3104,319,422.00,173.00,34.00,15.00,1,2,-1,-1
3105,355,70.00,175.00,30.00,17.00,1,2,-1,-1
3105,357,264.00,176.00,34.00,18.00,1,2,-1,-1
3105,318,516.00,172.00,36.00,15.00,1,2,-1,-1
3105,319,422.00,173.00,34.00,16.00,1,2,-1,-1
3106,357,263.00,176.00,34.00,18.00,1,2,-1,-1
3106,355,70.00,175.00,30.00,17.00,1,2,-1,-1
3106,318,516.00,172.00,36.00,16.00,1,2,-1,-1
3106,319,422.00,173.00,34.00,16.00,1,2,-1,-1
3107,357,262.00,176.00,35.00,18.00,1,2,-1,-1
3107,355,70.00,175.00,30.00,17.00,1,2,-1,-1
3107,318,516.00,172.00,36.00,16.00,1,2,-1,-1
3107,319,422.00,173.00,34.00,16.00,1,2,-1,-1
3108,357,262.00,176.00,34.00,17.00,1,2,-1,-1
3108,355,70.00,175.00,29.00,16.00,1,2,-1,-1
3108,318,516.00,172.00,36.00,16.00,1,2,-1,-1
3108,319,422.00,173.00,34.00,16.00,1,2,-1,-1
3109,357,262.00,176.00,35.00,17.00,1,2,-1,-1
3109,355,70.00,175.00,29.00,16.00,1,2,-1,-1
3109,318,516.00,172.00,36.00,16.00,1,2,-1,-1
3109,319,422.00,173.00,34.00,16.00,1,2,-1,-1
3110,357,262.00,176.00,35.00,18.00,1,2,-1,-1
3110,355,70.00,175.00,29.00,17.00,1,2,-1,-1
3110,318,517.00,173.00,35.00,15.00,1,2,-1,-1
3110,319,422.00,173.00,34.00,16.00,1,2,-1,-1
3111,355,70.00,176.00,30.00,18.00,1,2,-1,-1
3111,357,264.00,177.00,32.00,18.00,1,2,-1,-1
3111,318,516.00,173.00,36.00,16.00,1,2,-1,-1
3111,319,421.00,174.00,35.00,16.00,1,2,-1,-1
3112,355,70.00,175.00,30.00,19.00,1,2,-1,-1
3112,357,264.00,177.00,32.00,18.00,1,2,-1,-1
3112,319,422.00,175.00,34.00,15.00,1,2,-1,-1
3112,318,516.00,173.00,36.00,16.00,1,2,-1,-1
3113,355,71.00,176.00,30.00,17.00,1,2,-1,-1
3113,357,263.00,177.00,34.00,18.00,1,2,-1,-1
3113,318,518.00,173.00,36.00,16.00,1,2,-1,-1
3113,319,422.00,174.00,34.00,16.00,1,2,-1,-1
3114,355,73.00,176.00,29.00,17.00,1,2,-1,-1
3114,357,263.00,177.00,34.00,18.00,1,2,-1,-1
3114,318,518.00,174.00,36.00,15.00,1,2,-1,-1
3114,319,422.00,174.00,35.00,16.00,1,2,-1,-1
3115,355,74.00,176.00,28.00,18.00,1,2,-1,-1
3115,357,264.00,178.00,34.00,17.00,1,2,-1,-1
3115,318,519.00,174.00,35.00,15.00,1,2,-1,-1
3115,319,423.00,174.00,34.00,16.00,1,2,-1,-1
3116,355,74.00,175.00,28.00,19.00,1,2,-1,-1
3116,357,265.00,178.00,33.00,17.00,1,2,-1,-1
3116,319,424.00,175.00,34.00,15.00,1,2,-1,-1
3116,318,520.00,174.00,36.00,15.00,1,2,-1,-1
3117,355,74.00,176.00,29.00,18.00,1,2,-1,-1
3117,357,265.00,178.00,33.00,17.00,1,2,-1,-1
3117,319,425.00,175.00,33.00,15.00,1,2,-1,-1
3117,318,520.00,174.00,36.00,15.00,1,2,-1,-1
3118,355,74.00,176.00,29.00,18.00,1,2,-1,-1
3118,357,266.00,177.00,34.00,19.00,1,2,-1,-1
3118,319,426.00,175.00,33.00,16.00,1,2,-1,-1
3118,318,521.00,174.00,36.00,16.00,1,2,-1,-1
3119,357,267.00,178.00,34.00,18.00,1,2,-1,-1
3119,355,74.00,176.00,29.00,18.00,1,2,-1,-1
3119,319,426.00,176.00,34.00,15.00,1,2,-1,-1
3119,318,522.00,174.00,36.00,16.00,1,2,-1,-1
3120,355,75.00,176.00,29.00,18.00,1,2,-1,-1
3120,357,266.00,178.00,36.00,18.00,1,2,-1,-1
3120,319,427.00,176.00,33.00,15.00,1,2,-1,-1
3120,318,522.00,175.00,36.00,16.00,1,2,-1,-1
3121,355,76.00,177.00,28.00,17.00,1,2,-1,-1
3121,357,266.00,178.00,36.00,19.00,1,2,-1,-1
3121,318,522.00,175.00,36.00,16.00,1,2,-1,-1
3121,319,427.00,176.00,33.00,16.00,1,2,-1,-1
3122,355,77.00,177.00,27.00,18.00,1,2,-1,-1
3122,357,267.00,179.00,35.00,18.00,1,2,-1,-1
3122,318,522.00,175.00,36.00,16.00,1,2,-1,-1
3122,319,427.00,176.00,34.00,16.00,1,2,-1,-1
3123,355,77.00,178.00,27.00,17.00,1,2,-1,-1
3123,357,267.00,179.00,36.00,18.00,1,2,-1,-1
3123,318,523.00,175.00,36.00,17.00,1,2,-1,-1
3123,319,428.00,177.00,34.00,15.00,1,2,-1,-1
3124,355,78.00,178.00,26.00,17.00,1,2,-1,-1
3124,357,266.00,180.00,36.00,17.00,1,2,-1,-1
3124,318,522.00,176.00,36.00,16.00,1,2,-1,-1
3124,319,428.00,178.00,33.00,15.00,1,2,-1,-1
3125,357,266.00,180.00,36.00,17.00,1,2,-1,-1
3125,355,77.00,178.00,26.00,17.00,1,2,-1,-1
3125,318,522.00,176.00,37.00,16.00,1,2,-1,-1
3125,319,427.00,177.00,34.00,16.00,1,2,-1,-1
3126,357,266.00,180.00,35.00,17.00,1,2,-1,-1
3126,355,77.00,178.00,26.00,17.00,1,2,-1,-1
3126,318,522.00,176.00,37.00,16.00,1,2,-1,-1
3126,319,427.00,177.00,34.00,16.00,1,2,-1,-1
3127,357,268.00,180.00,34.00,17.00,1,2,-1,-1
3127,355,77.00,178.00,27.00,17.00,1,2,-1,-1
3127,318,522.00,176.00,37.00,16.00,1,2,-1,-1
3127,319,427.00,178.00,34.00,15.00,1,2,-1,-1
3128,357,267.00,180.00,34.00,18.00,1,2,-1,-1
3128,355,77.00,178.00,26.00,17.00,1,2,-1,-1
3128,319,427.00,178.00,34.00,15.00,1,2,-1,-1
3128,318,523.00,176.00,36.00,17.00,1,2,-1,-1
3129,357,270.00,181.00,31.00,18.00,1,2,-1,-1
3129,355,77.00,179.00,26.00,17.00,1,2,-1,-1
3129,318,522.00,177.00,36.00,16.00,1,2,-1,-1
3129,319,427.00,178.00,33.00,16.00,1,2,-1,-1
3130,355,76.00,179.00,26.00,18.00,1,2,-1,-1
3130,357,269.00,181.00,31.00,18.00,1,2,-1,-1
3130,318,522.00,177.00,36.00,17.00,1,2,-1,-1
3130,319,426.00,179.00,34.00,15.00,1,2,-1,-1
3131,357,270.00,182.00,30.00,17.00,1,2,-1,-1
3131,355,75.00,180.00,27.00,17.00,1,2,-1,-1
3131,318,521.00,177.00,37.00,17.00,1,2,-1,-1
3131,319,426.00,179.00,34.00,15.00,1,2,-1,-1
3132,355,74.00,180.00,28.00,17.00,1,2,-1,-1
3132,357,270.00,182.00,28.00,17.00,1,2,-1,-1
3132,318,522.00,177.00,36.00,17.00,1,2,-1,-1
3132,319,426.00,179.00,34.00,15.00,1,2,-1,-1
3133,355,74.00,180.00,28.00,18.00,1,2,-1,-1
3133,357,269.00,182.00,29.00,17.00,1,2,-1,-1
3133,318,521.00,178.00,36.00,16.00,1,2,-1,-1
3133,319,425.00,179.00,35.00,16.00,1,2,-1,-1
3134,355,74.00,180.00,28.00,18.00,1,2,-1,-1
3134,357,268.00,183.00,30.00,16.00,1,2,-1,-1
3134,319,425.00,179.00,34.00,16.00,1,2,-1,-1
3134,318,521.00,178.00,36.00,16.00,1,2,-1,-1
3135,355,73.00,180.00,28.00,18.00,1,2,-1,-1
3135,357,265.00,183.00,33.00,17.00,1,2,-1,-1
3135,319,424.00,179.00,35.00,16.00,1,2,-1,-1
3135,318,521.00,178.00,36.00,16.00,1,2,-1,-1
3136,355,73.00,180.00,27.00,18.00,1,2,-1,-1
3136,357,264.00,183.00,34.00,17.00,1,2,-1,-1
3136,319,424.00,180.00,35.00,15.00,1,2,-1,-1
3136,318,520.00,179.00,36.00,15.00,1,2,-1,-1
3137,355,73.00,181.00,27.00,17.00,1,2,-1,-1
3137,357,264.00,183.00,33.00,17.00,1,2,-1,-1
3137,319,424.00,180.00,34.00,15.00,1,2,-1,-1
3137,318,520.00,179.00,36.00,16.00,1,2,-1,-1
3138,355,73.00,181.00,27.00,17.00,1,2,-1,-1
3138,357,264.00,183.00,33.00,17.00,1,2,-1,-1
3138,319,424.00,180.00,34.00,15.00,1,2,-1,-1
3138,318,520.00,179.00,36.00,16.00,1,2,-1,-1
3139,357,264.00,183.00,33.00,17.00,1,2,-1,-1
3139,355,72.00,180.00,27.00,18.00,1,2,-1,-1
3139,319,424.00,180.00,34.00,15.00,1,2,-1,-1
3139,318,520.00,179.00,36.00,16.00,1,2,-1,-1
3140,357,265.00,183.00,32.00,17.00,1,2,-1,-1
3140,355,72.00,181.00,27.00,18.00,1,2,-1,-1
3140,319,424.00,180.00,34.00,16.00,1,2,-1,-1
3140,318,520.00,179.00,37.00,16.00,1,2,-1,-1
3141,357,266.00,183.00,31.00,18.00,1,2,-1,-1
3141,355,74.00,182.00,26.00,17.00,1,2,-1,-1
3141,319,424.00,180.00,34.00,16.00,1,2,-1,-1
3141,318,521.00,180.00,36.00,15.00,1,2,-1,-1
3142,355,73.00,182.00,26.00,17.00,1,2,-1,-1
3142,357,263.00,183.00,35.00,18.00,1,2,-1,-1
3142,319,425.00,181.00,33.00,15.00,1,2,-1,-1
3142,318,521.00,179.00,36.00,17.00,1,2,-1,-1
3143,357,262.00,183.00,35.00,19.00,1,2,-1,-1
3143,355,73.00,183.00,27.00,16.00,1,2,-1,-1
3143,319,424.00,181.00,34.00,15.00,1,2,-1,-1
3143,318,522.00,180.00,36.00,16.00,1,2,-1,-1
3144,355,73.00,183.00,27.00,17.00,1,2,-1,-1
3144,357,262.00,184.00,35.00,18.00,1,2,-1,-1
3144,319,424.00,181.00,34.00,16.00,1,2,-1,-1
3144,318,522.00,180.00,36.00,16.00,1,2,-1,-1
3145,358,490.00,170.00,18.00,20.00,1,2,-1,-1
3145,355,71.00,183.00,29.00,18.00,1,2,-1,-1
3145,357,263.00,184.00,34.00,18.00,1,2,-1,-1
3145,319,424.00,182.00,34.00,15.00,1,2,-1,-1
3145,318,521.00,180.00,37.00,16.00,1,2,-1,-1
3146,355,70.00,183.00,30.00,18.00,1,2,-1,-1
3146,357,264.00,185.00,33.00,17.00,1,2,-1,-1
3146,319,425.00,182.00,34.00,16.00,1,2,-1,-1
3146,318,522.00,181.00,36.00,16.00,1,2,-1,-1
3147,355,70.00,184.00,30.00,18.00,1,2,-1,-1
3147,357,264.00,185.00,32.00,18.00,1,2,-1,-1
3147,319,424.00,182.00,34.00,16.00,1,2,-1,-1
3147,318,522.00,181.00,36.00,16.00,1,2,-1,-1
3148,359,463.00,128.00,53.00,16.00,1,2,-1,-1
3148,355,70.00,185.00,30.00,17.00,1,2,-1,-1
3148,357,263.00,187.00,33.00,17.00,1,2,-1,-1
3148,319,425.00,183.00,34.00,16.00,1,2,-1,-1
3148,318,522.00,182.00,36.00,16.00,1,2,-1,-1
3149,355,72.00,185.00,28.00,18.00,1,2,-1,-1
3149,357,262.00,187.00,34.00,18.00,1,2,-1,-1
3149,319,426.00,184.00,32.00,15.00,1,2,-1,-1
3149,318,522.00,182.00,36.00,16.00,1,2,-1,-1
3150,355,71.00,186.00,29.00,17.00,1,2,-1,-1
3150,357,262.00,187.00,36.00,18.00,1,2,-1,-1
3150,319,426.00,184.00,34.00,16.00,1,2,-1,-1
3150,318,522.00,182.00,38.00,17.00,1,2,-1,-1
3151,355,73.00,186.00,27.00,17.00,1,2,-1,-1
3151,357,262.00,188.00,36.00,17.00,1,2,-1,-1
3151,319,426.00,184.00,34.00,16.00,1,2,-1,-1
3151,318,522.00,183.00,38.00,16.00,1,2,-1,-1
3152,355,72.00,187.00,28.00,16.00,1,2,-1,-1
3152,357,261.00,188.00,37.00,17.00,1,2,-1,-1
3152,319,426.00,185.00,34.00,15.00,1,2,-1,-1
3152,318,522.00,183.00,38.00,17.00,1,2,-1,-1
3153,355,71.00,187.00,29.00,17.00,1,2,-1,-1
3153,357,262.00,188.00,37.00,18.00,1,2,-1,-1
3153,319,426.00,185.00,34.00,15.00,1,2,-1,-1
3153,318,522.00,184.00,38.00,16.00,1,2,-1,-1
3154,355,71.00,187.00,29.00,17.00,1,2,-1,-1
3154,357,263.00,189.00,35.00,17.00,1,2,-1,-1
3154,319,426.00,185.00,34.00,16.00,1,2,-1,-1
3154,318,522.00,184.00,38.00,16.00,1,2,-1,-1
3155,355,72.00,187.00,28.00,17.00,1,2,-1,-1
3155,357,263.00,189.00,36.00,17.00,1,2,-1,-1
3155,319,426.00,186.00,34.00,15.00,1,2,-1,-1
3155,318,522.00,184.00,38.00,16.00,1,2,-1,-1
3156,357,262.00,189.00,37.00,17.00,1,2,-1,-1
3156,355,70.00,187.00,30.00,17.00,1,2,-1,-1
3156,319,426.00,186.00,34.00,15.00,1,2,-1,-1
3156,318,523.00,184.00,37.00,16.00,1,2,-1,-1
3157,357,262.00,188.00,37.00,18.00,1,2,-1,-1
3157,355,70.00,187.00,30.00,17.00,1,2,-1,-1
3157,319,427.00,185.00,33.00,16.00,1,2,-1,-1
3157,318,523.00,184.00,38.00,16.00,1,2,-1,-1
3158,357,261.00,188.00,38.00,18.00,1,2,-1,-1
3158,355,70.00,187.00,30.00,17.00,1,2,-1,-1
3158,318,524.00,184.00,36.00,16.00,1,2,-1,-1
3158,319,427.00,186.00,33.00,15.00,1,2,-1,-1
3159,357,262.00,188.00,38.00,18.00,1,2,-1,-1
3159,355,70.00,187.00,30.00,17.00,1,2,-1,-1
3159,318,524.00,184.00,36.00,16.00,1,2,-1,-1
3159,319,426.00,185.00,34.00,16.00,1,2,-1,-1
3160,357,261.00,188.00,39.00,18.00,1,2,-1,-1
3160,355,70.00,187.00,30.00,17.00,1,2,-1,-1
3160,318,524.00,184.00,36.00,16.00,1,2,-1,-1
3160,319,427.00,186.00,34.00,15.00,1,2,-1,-1
3161,357,261.00,188.00,39.00,18.00,1,2,-1,-1
3161,355,70.00,187.00,30.00,17.00,1,2,-1,-1
3161,318,524.00,184.00,37.00,16.00,1,2,-1,-1
3161,319,426.00,186.00,34.00,15.00,1,2,-1,-1
3162,357,261.00,188.00,39.00,18.00,1,2,-1,-1
3162,355,70.00,187.00,30.00,17.00,1,2,-1,-1
3162,318,524.00,184.00,37.00,16.00,1,2,-1,-1
3162,319,426.00,186.00,34.00,15.00,1,2,-1,-1
3163,357,261.00,188.00,39.00,17.00,1,2,-1,-1
3163,355,70.00,186.00,30.00,18.00,1,2,-1,-1
3163,318,524.00,184.00,37.00,16.00,1,2,-1,-1
3163,319,426.00,185.00,35.00,16.00,1,2,-1,-1
3164,357,261.00,187.00,39.00,18.00,1,2,-1,-1
3164,355,71.00,186.00,29.00,18.00,1,2,-1,-1
3164,319,427.00,185.00,34.00,16.00,1,2,-1,-1
3164,318,524.00,184.00,37.00,16.00,1,2,-1,-1
3165,357,258.00,187.00,42.00,18.00,1,2,-1,-1
3165,355,71.00,186.00,29.00,18.00,1,2,-1,-1
3165,318,525.00,184.00,37.00,15.00,1,2,-1,-1
3165,319,427.00,185.00,34.00,16.00,1,2,-1,-1
3166,357,258.00,187.00,41.00,18.00,1,2,-1,-1
3166,355,71.00,186.00,29.00,18.00,1,2,-1,-1
3166,318,525.00,183.00,37.00,16.00,1,2,-1,-1
3166,319,427.00,185.00,34.00,15.00,1,2,-1,-1
3167,360,488.00,173.00,20.00,20.00,1,2,-1,-1
3167,357,258.00,187.00,42.00,18.00,1,2,-1,-1
3167,355,71.00,186.00,29.00,18.00,1,2,-1,-1
3167,318,525.00,183.00,37.00,16.00,1,2,-1,-1
3167,319,428.00,185.00,34.00,15.00,1,2,-1,-1
3168,357,258.00,187.00,41.00,18.00,1,2,-1,-1
3168,355,71.00,186.00,29.00,17.00,1,2,-1,-1
3168,318,526.00,182.00,36.00,17.00,1,2,-1,-1
3168,319,428.00,184.00,34.00,16.00,1,2,-1,-1
3169,361,488.00,172.00,19.00,21.00,1,2,-1,-1
3169,357,258.00,186.00,41.00,19.00,1,2,-1,-1
3169,355,71.00,186.00,29.00,17.00,1,2,-1,-1
3169,318,524.00,182.00,38.00,17.00,1,2,-1,-1
3169,319,428.00,184.00,34.00,16.00,1,2,-1,-1
3170,357,259.00,187.00,41.00,18.00,1,2,-1,-1
3170,361,488.00,172.00,19.00,20.00,1,2,-1,-1
3170,355,72.00,186.00,27.00,18.00,1,2,-1,-1
3170,318,525.00,182.00,38.00,16.00,1,2,-1,-1
3170,319,428.00,184.00,34.00,16.00,1,2,-1,-1
3171,361,488.00,172.00,19.00,20.00,1,2,-1,-1
3171,355,72.00,186.00,27.00,17.00,1,2,-1,-1
3171,318,524.00,182.00,40.00,16.00,1,2,-1,-1
3171,319,428.00,184.00,34.00,16.00,1,2,-1,-1
3172,362,270.00,186.00,30.00,18.00,1,2,-1,-1
3172,355,71.00,186.00,28.00,17.00,1,2,-1,-1
3172,318,526.00,182.00,38.00,16.00,1,2,-1,-1
3172,319,427.00,184.00,35.00,16.00,1,2,-1,-1
3173,363,488.00,172.00,19.00,20.00,1,2,-1,-1
3173,355,72.00,186.00,27.00,17.00,1,2,-1,-1
3173,318,526.00,182.00,38.00,16.00,1,2,-1,-1
3173,319,428.00,184.00,34.00,16.00,1,2,-1,-1
3174,364,273.00,187.00,27.00,17.00,1,2,-1,-1
3174,363,488.00,172.00,18.00,20.00,1,2,-1,-1
3174,355,71.00,186.00,28.00,17.00,1,2,-1,-1
3174,318,526.00,182.00,37.00,16.00,1,2,-1,-1
3174,319,428.00,184.00,34.00,15.00,1,2,-1,-1
3175,355,71.00,185.00,28.00,18.00,1,2,-1,-1
3175,318,526.00,182.00,38.00,16.00,1,2,-1,-1
3175,319,428.00,184.00,34.00,15.00,1,2,-1,-1
3176,355,71.00,185.00,28.00,18.00,1,2,-1,-1
3176,318,525.00,182.00,38.00,16.00,1,2,-1,-1
3176,319,428.00,184.00,34.00,15.00,1,2,-1,-1
3177,318,526.00,182.00,38.00,16.00,1,2,-1,-1
3177,319,428.00,184.00,34.00,15.00,1,2,-1,-1
3178,365,270.00,185.00,30.00,18.00,1,2,-1,-1
3178,366,70.00,185.00,29.00,17.00,1,2,-1,-1
3178,318,525.00,181.00,39.00,17.00,1,2,-1,-1
3178,319,428.00,183.00,34.00,16.00,1,2,-1,-1
3179,365,269.00,185.00,31.00,18.00,1,2,-1,-1
3179,318,524.00,181.00,40.00,16.00,1,2,-1,-1
3179,319,427.00,182.00,35.00,16.00,1,2,-1,-1
3180,318,523.00,181.00,41.00,16.00,1,2,-1,-1
3180,319,427.00,182.00,35.00,16.00,1,2,-1,-1
3181,367,270.00,185.00,31.00,17.00,1,2,-1,-1
3181,318,526.00,180.00,38.00,17.00,1,2,-1,-1
3181,319,427.00,182.00,35.00,16.00,1,2,-1,-1
3182,367,272.00,185.00,29.00,17.00,1,2,-1,-1
3182,318,526.00,180.00,38.00,17.00,1,2,-1,-1
3182,319,428.00,182.00,34.00,16.00,1,2,-1,-1
3183,367,273.00,185.00,28.00,16.00,1,2,-1,-1
3183,318,527.00,180.00,37.00,17.00,1,2,-1,-1
3183,319,428.00,182.00,34.00,16.00,1,2,-1,-1
3184,367,272.00,185.00,29.00,17.00,1,2,-1,-1
3184,318,528.00,181.00,36.00,16.00,1,2,-1,-1
3184,319,428.00,182.00,34.00,16.00,1,2,-1,-1
3185,367,273.00,184.00,28.00,17.00,1,2,-1,-1
3185,318,528.00,180.00,36.00,17.00,1,2,-1,-1
3185,319,428.00,182.00,34.00,16.00,1,2,-1,-1
3186,367,272.00,184.00,29.00,18.00,1,2,-1,-1
3186,318,528.00,180.00,36.00,17.00,1,2,-1,-1
3186,319,428.00,181.00,34.00,17.00,1,2,-1,-1
3187,367,272.00,184.00,29.00,18.00,1,2,-1,-1
3187,318,528.00,181.00,36.00,16.00,1,2,-1,-1
3187,319,428.00,182.00,34.00,16.00,1,2,-1,-1
3188,367,270.00,185.00,31.00,17.00,1,2,-1,-1
3188,318,528.00,181.00,36.00,16.00,1,2,-1,-1
3188,319,427.00,182.00,35.00,16.00,1,2,-1,-1
3189,367,273.00,184.00,28.00,18.00,1,2,-1,-1
3189,318,528.00,181.00,37.00,16.00,1,2,-1,-1
3189,319,428.00,182.00,34.00,16.00,1,2,-1,-1
3190,368,68.00,183.00,30.00,19.00,1,2,-1,-1
3190,367,273.00,185.00,28.00,17.00,1,2,-1,-1
3190,318,528.00,181.00,38.00,17.00,1,2,-1,-1
3190,319,428.00,182.00,35.00,16.00,1,2,-1,-1
3191,368,67.00,184.00,31.00,18.00,1,2,-1,-1
3191,367,274.00,185.00,28.00,16.00,1,2,-1,-1
3191,318,529.00,181.00,37.00,17.00,1,2,-1,-1
3191,319,428.00,182.00,36.00,16.00,1,2,-1,-1
3192,367,272.00,186.00,30.00,16.00,1,2,-1,-1
3192,318,530.00,181.00,36.00,17.00,1,2,-1,-1
3192,319,428.00,182.00,36.00,16.00,1,2,-1,-1
3193,367,272.00,186.00,30.00,16.00,1,2,-1,-1
3193,318,530.00,182.00,36.00,16.00,1,2,-1,-1
3193,319,428.00,183.00,36.00,16.00,1,2,-1,-1
3194,367,272.00,186.00,30.00,17.00,1,2,-1,-1
3194,318,530.00,182.00,36.00,16.00,1,2,-1,-1
3194,319,428.00,183.00,36.00,16.00,1,2,-1,-1
3195,367,270.00,187.00,31.00,16.00,1,2,-1,-1
3195,318,529.00,182.00,37.00,17.00,1,2,-1,-1
3195,319,428.00,183.00,36.00,16.00,1,2,-1,-1
3196,369,68.00,184.00,29.00,18.00,1,2,-1,-1
3196,367,274.00,186.00,28.00,16.00,1,2,-1,-1
3196,318,529.00,182.00,38.00,17.00,1,2,-1,-1
3196,319,428.00,184.00,36.00,16.00,1,2,-1,-1
3197,370,482.00,173.00,20.00,20.00,1,2,-1,-1
3197,367,274.00,186.00,28.00,17.00,1,2,-1,-1
3197,319,428.00,184.00,36.00,16.00,1,2,-1,-1
3197,318,530.00,182.00,38.00,17.00,1,2,-1,-1
3198,370,483.00,173.00,19.00,20.00,1,2,-1,-1
3198,367,274.00,186.00,28.00,17.00,1,2,-1,-1
3198,319,428.00,184.00,36.00,16.00,1,2,-1,-1
3198,318,530.00,182.00,38.00,18.00,1,2,-1,-1
3199,371,67.00,184.00,30.00,19.00,1,2,-1,-1
3199,367,274.00,186.00,29.00,17.00,1,2,-1,-1
3199,319,428.00,184.00,36.00,17.00,1,2,-1,-1
3199,318,530.00,183.00,38.00,17.00,1,2,-1,-1
3200,372,482.00,174.00,20.00,20.00,1,2,-1,-1
3200,371,67.00,184.00,30.00,18.00,1,2,-1,-1
3200,367,274.00,186.00,29.00,17.00,1,2,-1,-1
3200,319,429.00,184.00,35.00,17.00,1,2,-1,-1
3200,318,530.00,183.00,38.00,17.00,1,2,-1,-1
3201,371,68.00,185.00,28.00,17.00,1,2,-1,-1
3201,367,273.00,185.00,30.00,19.00,1,2,-1,-1
3201,319,429.00,185.00,35.00,15.00,1,2,-1,-1
3201,318,531.00,184.00,36.00,16.00,1,2,-1,-1
3202,371,68.00,185.00,28.00,17.00,1,2,-1,-1
3202,367,273.00,186.00,30.00,18.00,1,2,-1,-1
3202,319,429.00,185.00,35.00,16.00,1,2,-1,-1
3202,318,530.00,184.00,38.00,16.00,1,2,-1,-1
3203,371,68.00,185.00,28.00,18.00,1,2,-1,-1
3203,367,273.00,186.00,29.00,18.00,1,2,-1,-1
3203,319,429.00,185.00,34.00,16.00,1,2,-1,-1
3203,318,530.00,184.00,38.00,17.00,1,2,-1,-1
3204,371,67.00,185.00,29.00,18.00,1,2,-1,-1
3204,367,273.00,186.00,29.00,18.00,1,2,-1,-1
3204,319,429.00,186.00,35.00,15.00,1,2,-1,-1
3204,318,530.00,184.00,36.00,16.00,1,2,-1,-1
3205,371,67.00,186.00,29.00,17.00,1,2,-1,-1
3205,367,272.00,186.00,30.00,18.00,1,2,-1,-1
3205,319,429.00,185.00,35.00,16.00,1,2,-1,-1
3205,318,530.00,185.00,37.00,15.00,1,2,-1,-1
3206,371,66.00,186.00,29.00,17.00,1,2,-1,-1
3206,367,271.00,187.00,31.00,18.00,1,2,-1,-1
3206,319,429.00,186.00,35.00,16.00,1,2,-1,-1
3206,318,530.00,185.00,36.00,16.00,1,2,-1,-1
3207,371,66.00,186.00,29.00,17.00,1,2,-1,-1
3207,367,271.00,187.00,31.00,18.00,1,2,-1,-1
3207,319,429.00,186.00,35.00,16.00,1,2,-1,-1
3207,318,529.00,185.00,38.00,16.00,1,2,-1,-1
3208,371,66.00,186.00,29.00,17.00,1,2,-1,-1
3208,367,271.00,187.00,31.00,18.00,1,2,-1,-1
3208,319,429.00,186.00,34.00,16.00,1,2,-1,-1
3208,318,529.00,185.00,38.00,16.00,1,2,-1,-1
3209,371,66.00,186.00,28.00,18.00,1,2,-1,-1
3209,318,530.00,186.00,36.00,16.00,1,2,-1,-1
3209,367,268.00,188.00,34.00,18.00,1,2,-1,-1
3209,319,428.00,186.00,35.00,16.00,1,2,-1,-1
3210,371,66.00,186.00,28.00,18.00,1,2,-1,-1
3210,367,268.00,188.00,34.00,18.00,1,2,-1,-1
3210,319,428.00,186.00,35.00,16.00,1,2,-1,-1
3210,318,530.00,186.00,37.00,16.00,1,2,-1,-1
3211,371,64.00,186.00,30.00,18.00,1,2,-1,-1
3211,367,268.00,188.00,34.00,17.00,1,2,-1,-1
3211,318,530.00,186.00,36.00,16.00,1,2,-1,-1
3211,319,428.00,187.00,34.00,16.00,1,2,-1,-1
3212,371,64.00,186.00,29.00,18.00,1,2,-1,-1
3212,318,530.00,186.00,36.00,16.00,1,2,-1,-1
3212,319,428.00,187.00,34.00,16.00,1,2,-1,-1
3212,367,266.00,189.00,34.00,17.00,1,2,-1,-1
3213,371,63.00,187.00,29.00,17.00,1,2,-1,-1
3213,318,529.00,185.00,37.00,17.00,1,2,-1,-1
3213,319,427.00,187.00,35.00,16.00,1,2,-1,-1
3213,367,267.00,189.00,32.00,17.00,1,2,-1,-1
3214,371,62.00,187.00,29.00,17.00,1,2,-1,-1
3214,367,267.00,189.00,32.00,17.00,1,2,-1,-1
3214,318,528.00,186.00,38.00,17.00,1,2,-1,-1
3214,319,426.00,187.00,35.00,17.00,1,2,-1,-1
3215,371,61.00,187.00,30.00,17.00,1,2,-1,-1
3215,367,266.00,189.00,32.00,17.00,1,2,-1,-1
3215,318,528.00,186.00,37.00,17.00,1,2,-1,-1
3215,319,426.00,188.00,34.00,16.00,1,2,-1,-1
3216,371,61.00,187.00,29.00,18.00,1,2,-1,-1
3216,367,266.00,189.00,32.00,17.00,1,2,-1,-1
3216,318,528.00,187.00,37.00,16.00,1,2,-1,-1
3216,319,426.00,188.00,34.00,16.00,1,2,-1,-1
3217,371,61.00,187.00,29.00,18.00,1,2,-1,-1
3217,367,266.00,190.00,32.00,16.00,1,2,-1,-1
3217,318,528.00,187.00,37.00,17.00,1,2,-1,-1
3217,319,425.00,188.00,35.00,16.00,1,2,-1,-1
3218,371,61.00,187.00,29.00,18.00,1,2,-1,-1
3218,367,266.00,190.00,32.00,16.00,1,2,-1,-1
3218,318,528.00,188.00,37.00,16.00,1,2,-1,-1
3218,319,426.00,188.00,34.00,16.00,1,2,-1,-1
3219,371,61.00,187.00,28.00,18.00,1,2,-1,-1
3219,367,264.00,190.00,34.00,17.00,1,2,-1,-1
3219,318,528.00,188.00,36.00,16.00,1,2,-1,-1
3219,319,425.00,188.00,34.00,16.00,1,2,-1,-1
3220,371,60.00,187.00,29.00,18.00,1,2,-1,-1
3220,367,264.00,190.00,34.00,17.00,1,2,-1,-1
3220,319,425.00,189.00,34.00,16.00,1,2,-1,-1
3220,318,528.00,188.00,36.00,17.00,1,2,-1,-1
3221,371,60.00,187.00,28.00,18.00,1,2,-1,-1
3221,367,263.00,190.00,35.00,18.00,1,2,-1,-1
3221,319,425.00,190.00,34.00,14.00,1,2,-1,-1
3221,318,528.00,189.00,36.00,16.00,1,2,-1,-1
3222,371,60.00,187.00,28.00,18.00,1,2,-1,-1
3222,367,262.00,190.00,36.00,18.00,1,2,-1,-1
3222,318,528.00,189.00,36.00,16.00,1,2,-1,-1
3222,319,425.00,190.00,34.00,14.00,1,2,-1,-1
3223,371,60.00,187.00,28.00,18.00,1,2,-1,-1
3223,367,264.00,190.00,34.00,18.00,1,2,-1,-1
3223,319,425.00,190.00,34.00,15.00,1,2,-1,-1
3223,318,528.00,189.00,36.00,17.00,1,2,-1,-1
3224,371,59.00,187.00,29.00,18.00,1,2,-1,-1
3224,367,263.00,190.00,35.00,18.00,1,2,-1,-1
3224,319,425.00,190.00,35.00,15.00,1,2,-1,-1
3224,318,528.00,189.00,36.00,17.00,1,2,-1,-1
3225,371,59.00,187.00,30.00,18.00,1,2,-1,-1
3225,367,264.00,192.00,33.00,15.00,1,2,-1,-1
3225,318,528.00,190.00,36.00,16.00,1,2,-1,-1
3225,319,425.00,190.00,34.00,15.00,1,2,-1,-1
3226,371,59.00,187.00,29.00,18.00,1,2,-1,-1
3226,367,265.00,191.00,32.00,16.00,1,2,-1,-1
3226,319,425.00,190.00,34.00,15.00,1,2,-1,-1
3226,318,528.00,190.00,36.00,16.00,1,2,-1,-1
3227,371,59.00,187.00,29.00,18.00,1,2,-1,-1
3227,367,264.00,192.00,33.00,15.00,1,2,-1,-1
3227,318,529.00,190.00,36.00,16.00,1,2,-1,-1
3227,319,425.00,190.00,34.00,15.00,1,2,-1,-1
3228,371,58.00,187.00,30.00,18.00,1,2,-1,-1
3228,367,263.00,192.00,34.00,15.00,1,2,-1,-1
3228,319,424.00,190.00,35.00,16.00,1,2,-1,-1
3228,318,528.00,190.00,36.00,16.00,1,2,-1,-1
3229,371,58.00,187.00,30.00,18.00,1,2,-1,-1
3229,367,263.00,192.00,35.00,15.00,1,2,-1,-1
3229,319,424.00,191.00,35.00,15.00,1,2,-1,-1
3229,318,528.00,190.00,37.00,16.00,1,2,-1,-1
3230,371,58.00,187.00,30.00,18.00,1,2,-1,-1
3230,318,528.00,190.00,36.00,16.00,1,2,-1,-1
3230,367,262.00,191.00,36.00,16.00,1,2,-1,-1
3230,319,424.00,190.00,36.00,16.00,1,2,-1,-1
3231,371,57.00,187.00,31.00,18.00,1,2,-1,-1
3231,367,262.00,191.00,35.00,17.00,1,2,-1,-1
3231,319,424.00,190.00,35.00,16.00,1,2,-1,-1
3231,318,528.00,190.00,37.00,16.00,1,2,-1,-1
3232,371,57.00,187.00,31.00,18.00,1,2,-1,-1
3232,319,424.00,190.00,35.00,16.00,1,2,-1,-1
3232,367,262.00,191.00,35.00,17.00,1,2,-1,-1
3232,318,529.00,191.00,36.00,15.00,1,2,-1,-1
3233,371,56.00,187.00,32.00,18.00,1,2,-1,-1
3233,319,424.00,190.00,35.00,16.00,1,2,-1,-1
3233,318,528.00,191.00,36.00,15.00,1,2,-1,-1
3233,367,262.00,192.00,34.00,16.00,1,2,-1,-1
3234,371,56.00,187.00,32.00,18.00,1,2,-1,-1
3234,319,424.00,190.00,35.00,16.00,1,2,-1,-1
3234,318,529.00,191.00,36.00,16.00,1,2,-1,-1
3234,367,262.00,192.00,34.00,16.00,1,2,-1,-1
3235,371,56.00,187.00,31.00,18.00,1,2,-1,-1
3235,319,424.00,191.00,35.00,15.00,1,2,-1,-1
3235,367,262.00,192.00,35.00,16.00,1,2,-1,-1
3235,318,528.00,191.00,38.00,16.00,1,2,-1,-1
3236,371,56.00,187.00,31.00,18.00,1,2,-1,-1
3236,319,424.00,191.00,35.00,15.00,1,2,-1,-1
3236,367,262.00,192.00,35.00,16.00,1,2,-1,-1
3236,318,529.00,192.00,36.00,15.00,1,2,-1,-1
3237,371,55.00,187.00,33.00,19.00,1,2,-1,-1
3237,319,424.00,191.00,35.00,15.00,1,2,-1,-1
3237,318,529.00,192.00,36.00,15.00,1,2,-1,-1
3237,367,263.00,192.00,34.00,16.00,1,2,-1,-1
3238,371,55.00,187.00,33.00,18.00,1,2,-1,-1
3238,319,424.00,191.00,35.00,15.00,1,2,-1,-1
3238,318,529.00,192.00,36.00,15.00,1,2,-1,-1
3238,367,262.00,192.00,34.00,16.00,1,2,-1,-1
3239,371,55.00,187.00,33.00,19.00,1,2,-1,-1
3239,319,424.00,191.00,36.00,16.00,1,2,-1,-1
3239,367,263.00,193.00,33.00,15.00,1,2,-1,-1
3239,318,530.00,192.00,36.00,15.00,1,2,-1,-1
3240,371,55.00,187.00,33.00,19.00,1,2,-1,-1
3240,319,425.00,191.00,34.00,16.00,1,2,-1,-1
3240,367,263.00,193.00,34.00,15.00,1,2,-1,-1
3240,318,530.00,192.00,36.00,15.00,1,2,-1,-1
3241,371,54.00,187.00,34.00,20.00,1,2,-1,-1
3241,319,424.00,192.00,36.00,16.00,1,2,-1,-1
3241,367,262.00,193.00,35.00,16.00,1,2,-1,-1
3241,318,529.00,192.00,37.00,16.00,1,2,-1,-1
3242,371,55.00,187.00,33.00,20.00,1,2,-1,-1
3242,319,424.00,192.00,36.00,15.00,1,2,-1,-1
3242,318,529.00,192.00,37.00,16.00,1,2,-1,-1
3242,367,262.00,193.00,35.00,16.00,1,2,-1,-1
3243,371,54.00,188.00,34.00,19.00,1,2,-1,-1
3243,319,424.00,192.00,36.00,16.00,1,2,-1,-1
3243,318,529.00,192.00,38.00,16.00,1,2,-1,-1
3243,367,263.00,193.00,34.00,16.00,1,2,-1,-1
3244,371,54.00,188.00,34.00,19.00,1,2,-1,-1
3244,319,425.00,192.00,35.00,16.00,1,2,-1,-1
3244,367,262.00,193.00,35.00,16.00,1,2,-1,-1
3244,318,528.00,192.00,38.00,16.00,1,2,-1,-1
3245,371,54.00,188.00,34.00,19.00,1,2,-1,-1
3245,319,425.00,192.00,35.00,16.00,1,2,-1,-1
3245,367,262.00,194.00,35.00,15.00,1,2,-1,-1
3245,318,530.00,192.00,36.00,16.00,1,2,-1,-1
3246,371,54.00,188.00,34.00,20.00,1,2,-1,-1
3246,319,425.00,192.00,35.00,16.00,1,2,-1,-1
3246,318,530.00,192.00,38.00,16.00,1,2,-1,-1
3246,367,263.00,194.00,34.00,15.00,1,2,-1,-1
3247,371,54.00,189.00,34.00,19.00,1,2,-1,-1
3247,319,425.00,192.00,36.00,16.00,1,2,-1,-1
3247,367,263.00,194.00,34.00,16.00,1,2,-1,-1
3247,318,530.00,192.00,38.00,17.00,1,2,-1,-1
3248,371,54.00,189.00,34.00,19.00,1,2,-1,-1
3248,319,425.00,192.00,36.00,17.00,1,2,-1,-1
3248,367,263.00,194.00,34.00,16.00,1,2,-1,-1
3248,318,530.00,193.00,38.00,16.00,1,2,-1,-1
3249,371,54.00,189.00,34.00,19.00,1,2,-1,-1
3249,319,425.00,192.00,36.00,17.00,1,2,-1,-1
3249,367,263.00,194.00,34.00,16.00,1,2,-1,-1
3249,318,530.00,193.00,38.00,17.00,1,2,-1,-1
3250,371,54.00,189.00,33.00,19.00,1,2,-1,-1
3250,319,425.00,193.00,36.00,16.00,1,2,-1,-1
3250,367,263.00,194.00,34.00,16.00,1,2,-1,-1
3250,318,530.00,194.00,38.00,16.00,1,2,-1,-1
3251,371,55.00,190.00,32.00,18.00,1,2,-1,-1
3251,319,425.00,193.00,36.00,16.00,1,2,-1,-1
3251,367,264.00,194.00,34.00,16.00,1,2,-1,-1
3251,318,530.00,194.00,38.00,16.00,1,2,-1,-1
3252,371,55.00,190.00,32.00,18.00,1,2,-1,-1
3252,319,426.00,193.00,35.00,17.00,1,2,-1,-1
3252,318,532.00,194.00,36.00,16.00,1,2,-1,-1
3252,367,264.00,194.00,34.00,16.00,1,2,-1,-1
3253,371,54.00,189.00,34.00,19.00,1,2,-1,-1
3253,318,531.00,194.00,38.00,16.00,1,2,-1,-1
3253,319,426.00,193.00,36.00,17.00,1,2,-1,-1
3253,367,264.00,194.00,33.00,17.00,1,2,-1,-1
3254,371,55.00,190.00,33.00,18.00,1,2,-1,-1
3254,318,532.00,194.00,38.00,16.00,1,2,-1,-1
3254,319,425.00,193.00,36.00,17.00,1,2,-1,-1
3254,367,264.00,194.00,34.00,17.00,1,2,-1,-1
3255,371,54.00,190.00,34.00,18.00,1,2,-1,-1
3255,318,531.00,194.00,39.00,17.00,1,2,-1,-1
3255,319,426.00,193.00,36.00,17.00,1,2,-1,-1
3255,367,264.00,194.00,34.00,17.00,1,2,-1,-1
3256,371,54.00,191.00,33.00,18.00,1,2,-1,-1
3256,318,531.00,194.00,39.00,17.00,1,2,-1,-1
3256,319,426.00,193.00,36.00,17.00,1,2,-1,-1
3256,367,264.00,194.00,34.00,17.00,1,2,-1,-1
3257,371,54.00,191.00,33.00,17.00,1,2,-1,-1
3257,318,531.00,194.00,39.00,16.00,1,2,-1,-1
3257,319,426.00,193.00,36.00,17.00,1,2,-1,-1
3257,367,264.00,194.00,34.00,17.00,1,2,-1,-1
3258,371,54.00,191.00,34.00,18.00,1,2,-1,-1
3258,318,532.00,194.00,38.00,16.00,1,2,-1,-1
3258,319,426.00,194.00,37.00,16.00,1,2,-1,-1
3258,367,264.00,195.00,35.00,16.00,1,2,-1,-1
3259,371,55.00,191.00,33.00,18.00,1,2,-1,-1
3259,318,533.00,194.00,38.00,16.00,1,2,-1,-1
3259,319,426.00,194.00,36.00,16.00,1,2,-1,-1
3259,367,265.00,195.00,34.00,17.00,1,2,-1,-1
3260,371,55.00,191.00,33.00,18.00,1,2,-1,-1
3260,318,532.00,195.00,38.00,15.00,1,2,-1,-1
3260,319,426.00,194.00,37.00,16.00,1,2,-1,-1
3260,367,264.00,195.00,35.00,17.00,1,2,-1,-1
3261,371,55.00,191.00,33.00,18.00,1,2,-1,-1
3261,318,533.00,194.00,38.00,16.00,1,2,-1,-1
3261,319,427.00,194.00,36.00,16.00,1,2,-1,-1
3261,367,265.00,195.00,34.00,17.00,1,2,-1,-1
3262,371,55.00,192.00,33.00,17.00,1,2,-1,-1
3262,318,534.00,194.00,37.00,16.00,1,2,-1,-1
3262,319,427.00,194.00,36.00,16.00,1,2,-1,-1
3262,367,265.00,195.00,35.00,17.00,1,2,-1,-1
3263,371,55.00,192.00,33.00,17.00,1,2,-1,-1
3263,318,534.00,195.00,37.00,15.00,1,2,-1,-1
3263,319,427.00,194.00,37.00,16.00,1,2,-1,-1
3263,367,265.00,196.00,35.00,16.00,1,2,-1,-1
3264,371,55.00,192.00,33.00,17.00,1,2,-1,-1
3264,318,534.00,195.00,37.00,15.00,1,2,-1,-1
3264,319,427.00,194.00,37.00,16.00,1,2,-1,-1
3264,367,265.00,196.00,35.00,16.00,1,2,-1,-1
3265,371,55.00,191.00,33.00,18.00,1,2,-1,-1
3265,318,534.00,195.00,37.00,15.00,1,2,-1,-1
3265,319,427.00,194.00,37.00,16.00,1,2,-1,-1
3265,367,265.00,196.00,34.00,16.00,1,2,-1,-1
3266,371,55.00,191.00,33.00,19.00,1,2,-1,-1
3266,318,534.00,195.00,38.00,15.00,1,2,-1,-1
3266,319,427.00,194.00,37.00,16.00,1,2,-1,-1
3266,367,265.00,196.00,35.00,16.00,1,2,-1,-1
3267,371,54.00,192.00,34.00,18.00,1,2,-1,-1
3267,318,534.00,195.00,38.00,15.00,1,2,-1,-1
3267,319,427.00,194.00,37.00,16.00,1,2,-1,-1
3267,367,266.00,196.00,34.00,16.00,1,2,-1,-1
3268,371,55.00,191.00,33.00,19.00,1,2,-1,-1
3268,318,534.00,194.00,38.00,16.00,1,2,-1,-1
3268,319,427.00,194.00,37.00,16.00,1,2,-1,-1
3268,367,266.00,195.00,34.00,17.00,1,2,-1,-1
3269,371,55.00,192.00,33.00,18.00,1,2,-1,-1
3269,318,534.00,194.00,38.00,16.00,1,2,-1,-1
3269,319,426.00,194.00,38.00,16.00,1,2,-1,-1
3269,367,266.00,196.00,34.00,16.00,1,2,-1,-1
3270,371,55.00,192.00,33.00,18.00,1,2,-1,-1
3270,319,427.00,194.00,37.00,16.00,1,2,-1,-1
3270,318,535.00,194.00,38.00,16.00,1,2,-1,-1
3270,367,266.00,196.00,34.00,16.00,1,2,-1,-1
3271,371,55.00,192.00,33.00,18.00,1,2,-1,-1
3271,319,427.00,194.00,37.00,16.00,1,2,-1,-1
3271,318,535.00,195.00,38.00,15.00,1,2,-1,-1
3271,367,266.00,196.00,34.00,16.00,1,2,-1,-1
3272,371,55.00,191.00,33.00,18.00,1,2,-1,-1
3272,319,427.00,194.00,37.00,16.00,1,2,-1,-1
3272,318,535.00,195.00,38.00,15.00,1,2,-1,-1
3272,367,266.00,196.00,34.00,16.00,1,2,-1,-1
3273,371,54.00,191.00,34.00,19.00,1,2,-1,-1
3273,319,427.00,194.00,37.00,16.00,1,2,-1,-1
3273,318,536.00,195.00,38.00,16.00,1,2,-1,-1
3273,367,266.00,196.00,34.00,16.00,1,2,-1,-1
3274,371,54.00,191.00,34.00,18.00,1,2,-1,-1
3274,319,427.00,194.00,37.00,16.00,1,2,-1,-1
3274,318,536.00,195.00,38.00,16.00,1,2,-1,-1
3274,367,266.00,196.00,34.00,16.00,1,2,-1,-1
3275,371,54.00,191.00,34.00,19.00,1,2,-1,-1
3275,319,427.00,194.00,38.00,17.00,1,2,-1,-1
3275,318,536.00,195.00,38.00,16.00,1,2,-1,-1
3275,367,266.00,195.00,34.00,17.00,1,2,-1,-1
3276,371,54.00,191.00,34.00,18.00,1,2,-1,-1
3276,319,427.00,194.00,38.00,17.00,1,2,-1,-1
3276,318,536.00,195.00,38.00,17.00,1,2,-1,-1
3276,367,267.00,196.00,33.00,16.00,1,2,-1,-1
3277,371,54.00,191.00,34.00,18.00,1,2,-1,-1
3277,319,428.00,194.00,37.00,17.00,1,2,-1,-1
3277,318,537.00,195.00,37.00,17.00,1,2,-1,-1
3277,367,267.00,195.00,33.00,17.00,1,2,-1,-1
3278,371,54.00,191.00,34.00,18.00,1,2,-1,-1
3278,319,428.00,194.00,37.00,17.00,1,2,-1,-1
3278,318,536.00,195.00,38.00,17.00,1,2,-1,-1
3278,367,267.00,195.00,33.00,17.00,1,2,-1,-1
3279,371,54.00,191.00,34.00,18.00,1,2,-1,-1
3279,319,428.00,194.00,37.00,17.00,1,2,-1,-1
3279,318,537.00,195.00,38.00,17.00,1,2,-1,-1
3279,367,267.00,196.00,33.00,16.00,1,2,-1,-1
3280,371,54.00,191.00,34.00,18.00,1,2,-1,-1
3280,319,428.00,194.00,37.00,17.00,1,2,-1,-1
3280,318,537.00,195.00,38.00,17.00,1,2,-1,-1
3280,367,267.00,196.00,34.00,16.00,1,2,-1,-1
3281,371,54.00,190.00,34.00,19.00,1,2,-1,-1
3281,319,425.00,194.00,40.00,17.00,1,2,-1,-1
3281,318,536.00,195.00,40.00,17.00,1,2,-1,-1
3281,367,267.00,195.00,34.00,17.00,1,2,-1,-1
3282,371,53.00,190.00,35.00,19.00,1,2,-1,-1
3282,319,426.00,194.00,40.00,17.00,1,2,-1,-1
3282,318,536.00,195.00,40.00,17.00,1,2,-1,-1
3282,367,267.00,196.00,34.00,16.00,1,2,-1,-1
3283,371,53.00,190.00,35.00,19.00,1,2,-1,-1
3283,319,428.00,193.00,38.00,18.00,1,2,-1,-1
3283,318,537.00,195.00,39.00,17.00,1,2,-1,-1
3283,367,267.00,195.00,34.00,17.00,1,2,-1,-1
3284,319,428.00,192.00,37.00,18.00,1,2,-1,-1
3284,371,53.00,190.00,35.00,19.00,1,2,-1,-1
3284,318,538.00,195.00,38.00,16.00,1,2,-1,-1
3284,367,267.00,194.00,35.00,18.00,1,2,-1,-1
3285,319,423.00,192.00,43.00,18.00,1,2,-1,-1
3285,371,53.00,190.00,35.00,18.00,1,2,-1,-1
3285,318,538.00,194.00,38.00,17.00,1,2,-1,-1
3285,367,267.00,194.00,35.00,17.00,1,2,-1,-1
3286,371,53.00,188.00,35.00,20.00,1,2,-1,-1
3286,319,428.00,192.00,37.00,17.00,1,2,-1,-1
3286,318,538.00,194.00,38.00,17.00,1,2,-1,-1
3286,367,267.00,194.00,35.00,16.00,1,2,-1,-1
3287,371,53.00,188.00,35.00,19.00,1,2,-1,-1
3287,319,426.00,192.00,40.00,17.00,1,2,-1,-1
3287,318,538.00,193.00,38.00,17.00,1,2,-1,-1
3287,367,267.00,194.00,35.00,16.00,1,2,-1,-1
3288,319,428.00,192.00,39.00,16.00,1,2,-1,-1
3288,371,53.00,187.00,35.00,20.00,1,2,-1,-1
3288,318,538.00,193.00,39.00,17.00,1,2,-1,-1
3288,367,268.00,193.00,34.00,16.00,1,2,-1,-1
3289,319,428.00,192.00,38.00,16.00,1,2,-1,-1
3289,371,53.00,187.00,35.00,20.00,1,2,-1,-1
3289,318,538.00,192.00,39.00,17.00,1,2,-1,-1
3289,367,267.00,193.00,35.00,16.00,1,2,-1,-1
3290,371,53.00,187.00,35.00,19.00,1,2,-1,-1
3290,319,429.00,192.00,38.00,16.00,1,2,-1,-1
3290,318,538.00,192.00,40.00,16.00,1,2,-1,-1
3290,367,268.00,192.00,34.00,17.00,1,2,-1,-1
3291,371,53.00,187.00,35.00,19.00,1,2,-1,-1
3291,319,430.00,191.00,38.00,16.00,1,2,-1,-1
3291,318,540.00,192.00,38.00,16.00,1,2,-1,-1
3291,367,268.00,192.00,34.00,16.00,1,2,-1,-1
3292,371,55.00,186.00,33.00,19.00,1,2,-1,-1
3292,319,426.00,190.00,42.00,17.00,1,2,-1,-1
3292,318,540.00,192.00,38.00,15.00,1,2,-1,-1
3292,367,268.00,191.00,36.00,17.00,1,2,-1,-1
3293,371,55.00,186.00,34.00,19.00,1,2,-1,-1
3293,319,430.00,190.00,38.00,17.00,1,2,-1,-1
3293,318,540.00,192.00,40.00,16.00,1,2,-1,-1
3293,367,268.00,191.00,36.00,17.00,1,2,-1,-1
3294,371,56.00,186.00,33.00,19.00,1,2,-1,-1
3294,319,428.00,190.00,41.00,16.00,1,2,-1,-1
3294,318,541.00,192.00,39.00,15.00,1,2,-1,-1
3294,367,269.00,191.00,35.00,17.00,1,2,-1,-1
3295,371,56.00,186.00,33.00,19.00,1,2,-1,-1
3295,319,424.00,190.00,46.00,16.00,1,2,-1,-1
3295,318,540.00,192.00,40.00,15.00,1,2,-1,-1
3295,367,269.00,191.00,35.00,17.00,1,2,-1,-1
3296,371,57.00,186.00,32.00,19.00,1,2,-1,-1
3296,319,431.00,190.00,39.00,16.00,1,2,-1,-1
3296,318,542.00,192.00,39.00,15.00,1,2,-1,-1
3296,367,269.00,191.00,35.00,17.00,1,2,-1,-1
3297,319,428.00,190.00,42.00,16.00,1,2,-1,-1
3297,371,58.00,186.00,32.00,19.00,1,2,-1,-1
3297,318,542.00,192.00,40.00,15.00,1,2,-1,-1
3297,367,270.00,191.00,34.00,17.00,1,2,-1,-1
3298,371,58.00,186.00,32.00,19.00,1,2,-1,-1
3298,319,434.00,190.00,37.00,16.00,1,2,-1,-1
3298,318,543.00,191.00,39.00,16.00,1,2,-1,-1
3298,367,271.00,191.00,34.00,17.00,1,2,-1,-1
3299,371,58.00,186.00,33.00,19.00,1,2,-1,-1
3299,319,434.00,190.00,37.00,16.00,1,2,-1,-1
3299,318,544.00,192.00,38.00,15.00,1,2,-1,-1
3299,367,271.00,191.00,34.00,17.00,1,2,-1,-1
3300,319,434.00,190.00,38.00,16.00,1,2,-1,-1
3300,371,58.00,186.00,33.00,20.00,1,2,-1,-1
3300,318,544.00,191.00,39.00,16.00,1,2,-1,-1
3300,367,271.00,191.00,36.00,17.00,1,2,-1,-1
3301,319,433.00,190.00,39.00,16.00,1,2,-1,-1
3301,371,58.00,186.00,33.00,20.00,1,2,-1,-1
3301,318,544.00,191.00,40.00,16.00,1,2,-1,-1
3301,367,271.00,192.00,35.00,16.00,1,2,-1,-1
3302,319,434.00,190.00,39.00,16.00,1,2,-1,-1
3302,318,544.00,191.00,40.00,16.00,1,2,-1,-1
3302,371,58.00,186.00,33.00,19.00,1,2,-1,-1
3302,367,272.00,192.00,35.00,16.00,1,2,-1,-1
3303,319,434.00,189.00,40.00,17.00,1,2,-1,-1
3303,318,544.00,191.00,40.00,16.00,1,2,-1,-1
3303,371,59.00,187.00,32.00,18.00,1,2,-1,-1
3303,367,272.00,191.00,35.00,17.00,1,2,-1,-1
3304,318,545.00,190.00,39.00,17.00,1,2,-1,-1
3304,319,436.00,189.00,37.00,17.00,1,2,-1,-1
3304,371,58.00,187.00,33.00,18.00,1,2,-1,-1
3304,367,272.00,191.00,36.00,17.00,1,2,-1,-1
3305,319,435.00,190.00,38.00,16.00,1,2,-1,-1
3305,318,545.00,190.00,39.00,17.00,1,2,-1,-1
3305,371,58.00,187.00,33.00,19.00,1,2,-1,-1
3305,367,272.00,191.00,36.00,17.00,1,2,-1,-1
3306,319,426.00,188.00,48.00,18.00,1,2,-1,-1
3306,371,58.00,187.00,33.00,19.00,1,2,-1,-1
3306,318,546.00,190.00,38.00,16.00,1,2,-1,-1
3306,367,272.00,191.00,36.00,17.00,1,2,-1,-1
3307,319,426.00,188.00,48.00,18.00,1,2,-1,-1
3307,318,546.00,190.00,38.00,16.00,1,2,-1,-1
3307,371,58.00,187.00,33.00,19.00,1,2,-1,-1
3307,367,272.00,191.00,36.00,17.00,1,2,-1,-1
3308,319,436.00,190.00,37.00,16.00,1,2,-1,-1
3308,318,546.00,190.00,38.00,16.00,1,2,-1,-1
3308,371,58.00,187.00,33.00,19.00,1,2,-1,-1
3308,367,272.00,191.00,36.00,17.00,1,2,-1,-1
3309,318,545.00,190.00,40.00,16.00,1,2,-1,-1
3309,371,58.00,187.00,33.00,19.00,1,2,-1,-1
3309,319,436.00,190.00,37.00,16.00,1,2,-1,-1
3309,367,271.00,191.00,37.00,17.00,1,2,-1,-1
3310,318,544.00,190.00,40.00,16.00,1,2,-1,-1
3310,371,57.00,186.00,34.00,20.00,1,2,-1,-1
3310,319,436.00,189.00,37.00,17.00,1,2,-1,-1
3310,367,272.00,191.00,36.00,17.00,1,2,-1,-1
3311,318,544.00,190.00,41.00,16.00,1,2,-1,-1
3311,371,57.00,187.00,34.00,19.00,1,2,-1,-1
3311,319,436.00,190.00,37.00,16.00,1,2,-1,-1
3311,367,272.00,191.00,36.00,17.00,1,2,-1,-1
3312,373,304.00,180.00,28.00,18.00,1,2,-1,-1
3312,318,546.00,189.00,40.00,17.00,1,2,-1,-1
3312,371,56.00,186.00,34.00,21.00,1,2,-1,-1
3312,319,436.00,188.00,37.00,18.00,1,2,-1,-1
3312,367,271.00,190.00,37.00,18.00,1,2,-1,-1
3313,374,79.00,178.00,27.00,19.00,1,2,-1,-1
3313,373,300.00,180.00,32.00,18.00,1,2,-1,-1
3313,318,545.00,189.00,40.00,17.00,1,2,-1,-1
3313,371,56.00,185.00,34.00,21.00,1,2,-1,-1
3313,319,436.00,188.00,38.00,18.00,1,2,-1,-1
3313,367,271.00,190.00,37.00,18.00,1,2,-1,-1
3314,374,78.00,178.00,29.00,19.00,1,2,-1,-1
3314,373,300.00,180.00,32.00,18.00,1,2,-1,-1
3314,318,545.00,189.00,40.00,17.00,1,2,-1,-1
3314,371,56.00,185.00,34.00,21.00,1,2,-1,-1
3314,319,436.00,188.00,38.00,18.00,1,2,-1,-1
3314,367,271.00,190.00,37.00,18.00,1,2,-1,-1
3315,374,79.00,178.00,27.00,20.00,1,2,-1,-1
3315,318,554.00,188.00,32.00,18.00,1,2,-1,-1
3315,373,298.00,180.00,34.00,18.00,1,2,-1,-1
3315,371,56.00,185.00,34.00,20.00,1,2,-1,-1
3315,319,435.00,188.00,39.00,18.00,1,2,-1,-1
3315,367,270.00,190.00,38.00,18.00,1,2,-1,-1
3316,375,464.00,182.00,32.00,17.00,1,2,-1,-1
3316,371,58.00,184.00,32.00,20.00,1,2,-1,-1
3316,374,65.00,176.00,47.00,22.00,1,2,-1,-1
3316,373,292.00,179.00,40.00,19.00,1,2,-1,-1
3316,319,436.00,187.00,37.00,19.00,1,2,-1,-1
3316,367,270.00,189.00,38.00,19.00,1,2,-1,-1
3317,375,464.00,182.00,32.00,17.00,1,2,-1,-1
3317,371,58.00,184.00,32.00,20.00,1,2,-1,-1
3317,374,65.00,176.00,47.00,22.00,1,2,-1,-1
3317,373,292.00,179.00,40.00,19.00,1,2,-1,-1
3317,319,436.00,187.00,37.00,19.00,1,2,-1,-1
3317,367,270.00,189.00,38.00,19.00,1,2,-1,-1
3318,375,464.00,182.00,32.00,17.00,1,2,-1,-1
3318,371,58.00,184.00,32.00,20.00,1,2,-1,-1
3318,374,65.00,176.00,47.00,22.00,1,2,-1,-1
3318,373,292.00,179.00,40.00,19.00,1,2,-1,-1
3318,319,436.00,187.00,38.00,19.00,1,2,-1,-1
3318,367,270.00,189.00,38.00,19.00,1,2,-1,-1
3319,367,272.00,189.00,37.00,19.00,1,2,-1,-1
3319,375,455.00,181.00,41.00,19.00,1,2,-1,-1
3319,374,59.00,176.00,51.00,24.00,1,2,-1,-1
3319,373,286.00,178.00,46.00,21.00,1,2,-1,-1
3320,375,452.00,181.00,45.00,19.00,1,2,-1,-1
3320,374,60.00,177.00,51.00,23.00,1,2,-1,-1
3320,373,286.00,178.00,45.00,21.00,1,2,-1,-1
3321,375,457.00,181.00,39.00,19.00,1,2,-1,-1
3321,374,60.00,177.00,50.00,23.00,1,2,-1,-1
3321,373,286.00,178.00,45.00,21.00,1,2,-1,-1
3322,375,450.00,181.00,46.00,19.00,1,2,-1,-1
3322,373,285.00,178.00,46.00,22.00,1,2,-1,-1
3322,374,59.00,177.00,49.00,23.00,1,2,-1,-1
3323,375,450.00,181.00,45.00,19.00,1,2,-1,-1
3323,374,59.00,177.00,50.00,23.00,1,2,-1,-1
3323,373,285.00,178.00,46.00,22.00,1,2,-1,-1
3324,375,450.00,181.00,45.00,18.00,1,2,-1,-1
3324,374,58.00,176.00,49.00,24.00,1,2,-1,-1
3324,373,285.00,177.00,46.00,23.00,1,2,-1,-1
3325,375,449.00,181.00,46.00,18.00,1,2,-1,-1
3325,374,58.00,176.00,50.00,24.00,1,2,-1,-1
3325,373,285.00,177.00,46.00,23.00,1,2,-1,-1
3326,375,450.00,181.00,45.00,18.00,1,2,-1,-1
3326,373,284.00,177.00,47.00,23.00,1,2,-1,-1
3326,374,58.00,176.00,49.00,24.00,1,2,-1,-1
3327,375,449.00,180.00,45.00,18.00,1,2,-1,-1
3327,374,59.00,177.00,49.00,23.00,1,2,-1,-1
3327,373,286.00,177.00,45.00,23.00,1,2,-1,-1
3328,375,450.00,180.00,44.00,18.00,1,2,-1,-1
3328,374,58.00,177.00,48.00,23.00,1,2,-1,-1
3328,373,285.00,177.00,46.00,22.00,1,2,-1,-1
3329,374,61.00,177.00,44.00,23.00,1,2,-1,-1
3329,375,450.00,179.00,44.00,19.00,1,2,-1,-1
3329,373,286.00,177.00,44.00,22.00,1,2,-1,-1
3330,375,450.00,179.00,44.00,19.00,1,2,-1,-1
3330,374,58.00,176.00,48.00,23.00,1,2,-1,-1
3330,373,285.00,177.00,45.00,22.00,1,2,-1,-1
3331,376,0.00,171.00,21.00,22.00,1,2,-1,-1
3331,374,55.00,176.00,54.00,23.00,1,2,-1,-1
3331,375,449.00,178.00,45.00,20.00,1,2,-1,-1
3331,373,284.00,176.00,46.00,23.00,1,2,-1,-1
3332,375,449.00,178.00,45.00,20.00,1,2,-1,-1
3332,374,55.00,176.00,53.00,23.00,1,2,-1,-1
3332,373,285.00,176.00,45.00,23.00,1,2,-1,-1
3333,375,449.00,178.00,45.00,19.00,1,2,-1,-1
3333,374,55.00,176.00,53.00,22.00,1,2,-1,-1
3333,373,284.00,177.00,46.00,22.00,1,2,-1,-1
3334,375,448.00,177.00,45.00,20.00,1,2,-1,-1
3334,373,284.00,175.00,46.00,23.00,1,2,-1,-1
3334,374,54.00,176.00,53.00,22.00,1,2,-1,-1
3335,375,447.00,176.00,47.00,20.00,1,2,-1,-1
3335,373,283.00,174.00,46.00,24.00,1,2,-1,-1
3335,374,53.00,175.00,53.00,23.00,1,2,-1,-1
3336,374,52.00,175.00,53.00,23.00,1,2,-1,-1
3336,373,283.00,173.00,46.00,25.00,1,2,-1,-1
3336,375,447.00,176.00,47.00,20.00,1,2,-1,-1
3337,374,49.00,174.00,56.00,24.00,1,2,-1,-1
3337,373,283.00,174.00,46.00,23.00,1,2,-1,-1
3337,375,447.00,175.00,46.00,20.00,1,2,-1,-1
3338,373,283.00,173.00,46.00,24.00,1,2,-1,-1
3338,375,447.00,175.00,46.00,19.00,1,2,-1,-1
3338,374,55.00,174.00,50.00,24.00,1,2,-1,-1
3339,373,283.00,173.00,46.00,23.00,1,2,-1,-1
3339,375,448.00,173.00,45.00,21.00,1,2,-1,-1
3339,374,54.00,174.00,51.00,24.00,1,2,-1,-1
3340,373,283.00,172.00,46.00,24.00,1,2,-1,-1
3340,375,448.00,174.00,45.00,20.00,1,2,-1,-1
3340,374,55.00,173.00,50.00,24.00,1,2,-1,-1
3341,373,282.00,172.00,47.00,24.00,1,2,-1,-1
3341,375,448.00,174.00,45.00,20.00,1,2,-1,-1
3341,374,57.00,173.00,48.00,24.00,1,2,-1,-1
3342,373,283.00,172.00,46.00,24.00,1,2,-1,-1
3342,375,448.00,174.00,45.00,20.00,1,2,-1,-1
3342,374,57.00,174.00,48.00,23.00,1,2,-1,-1
3343,373,283.00,172.00,46.00,24.00,1,2,-1,-1
3343,375,448.00,174.00,45.00,20.00,1,2,-1,-1
3343,374,57.00,173.00,48.00,24.00,1,2,-1,-1
3344,373,283.00,172.00,46.00,24.00,1,2,-1,-1
3344,375,448.00,174.00,45.00,20.00,1,2,-1,-1
3344,374,56.00,173.00,50.00,24.00,1,2,-1,-1
3345,373,283.00,173.00,46.00,23.00,1,2,-1,-1
3345,375,448.00,174.00,45.00,20.00,1,2,-1,-1
3345,374,57.00,174.00,49.00,23.00,1,2,-1,-1
3346,373,284.00,173.00,45.00,23.00,1,2,-1,-1
3346,375,449.00,174.00,44.00,20.00,1,2,-1,-1
3346,374,57.00,174.00,47.00,23.00,1,2,-1,-1
3347,373,284.00,172.00,45.00,24.00,1,2,-1,-1
3347,375,449.00,174.00,44.00,20.00,1,2,-1,-1
3347,374,57.00,174.00,47.00,24.00,1,2,-1,-1
3348,373,284.00,172.00,45.00,24.00,1,2,-1,-1
3348,375,449.00,175.00,44.00,19.00,1,2,-1,-1
3348,374,57.00,174.00,47.00,24.00,1,2,-1,-1
3349,373,284.00,173.00,45.00,23.00,1,2,-1,-1
3349,375,448.00,175.00,46.00,19.00,1,2,-1,-1
3349,374,57.00,175.00,47.00,23.00,1,2,-1,-1
3350,373,284.00,173.00,46.00,24.00,1,2,-1,-1
3350,374,58.00,175.00,46.00,23.00,1,2,-1,-1
3350,375,449.00,176.00,44.00,18.00,1,2,-1,-1
3351,373,284.00,173.00,46.00,24.00,1,2,-1,-1
3351,374,58.00,175.00,46.00,23.00,1,2,-1,-1
3351,375,448.00,175.00,46.00,19.00,1,2,-1,-1
3352,375,448.00,176.00,46.00,18.00,1,2,-1,-1
3352,373,284.00,174.00,45.00,23.00,1,2,-1,-1
3352,374,57.00,175.00,47.00,23.00,1,2,-1,-1
3353,377,289.00,135.00,42.00,18.00,1,2,-1,-1
3353,375,447.00,176.00,47.00,19.00,1,2,-1,-1
3353,374,57.00,175.00,47.00,23.00,1,2,-1,-1
3353,373,284.00,174.00,45.00,23.00,1,2,-1,-1
3354,375,448.00,176.00,46.00,19.00,1,2,-1,-1
3354,374,57.00,175.00,47.00,23.00,1,2,-1,-1
3354,373,284.00,174.00,45.00,23.00,1,2,-1,-1
3355,375,448.00,175.00,46.00,20.00,1,2,-1,-1
3355,373,284.00,174.00,46.00,23.00,1,2,-1,-1
3355,374,55.00,175.00,49.00,22.00,1,2,-1,-1
3356,373,285.00,174.00,45.00,23.00,1,2,-1,-1
3356,375,448.00,175.00,46.00,20.00,1,2,-1,-1
3356,374,55.00,175.00,49.00,22.00,1,2,-1,-1
3357,373,285.00,174.00,45.00,23.00,1,2,-1,-1
3357,375,449.00,174.00,45.00,21.00,1,2,-1,-1
3357,374,55.00,175.00,49.00,22.00,1,2,-1,-1
3358,373,285.00,174.00,45.00,23.00,1,2,-1,-1
3358,374,55.00,175.00,49.00,22.00,1,2,-1,-1
3358,375,449.00,175.00,45.00,20.00,1,2,-1,-1
3359,373,285.00,174.00,45.00,23.00,1,2,-1,-1
3359,374,55.00,175.00,49.00,22.00,1,2,-1,-1
3359,375,449.00,176.00,45.00,18.00,1,2,-1,-1
3360,373,285.00,174.00,45.00,23.00,1,2,-1,-1
3360,374,55.00,175.00,49.00,22.00,1,2,-1,-1
3360,375,449.00,175.00,45.00,19.00,1,2,-1,-1
3361,378,518.00,129.00,47.00,18.00,1,2,-1,-1
3361,373,285.00,174.00,45.00,22.00,1,2,-1,-1
3361,375,450.00,176.00,44.00,18.00,1,2,-1,-1
3361,374,59.00,176.00,45.00,20.00,1,2,-1,-1
3362,378,518.00,129.00,47.00,18.00,1,2,-1,-1
3362,373,285.00,174.00,45.00,22.00,1,2,-1,-1
3362,375,450.00,176.00,44.00,18.00,1,2,-1,-1
3362,374,59.00,176.00,45.00,21.00,1,2,-1,-1
3363,378,518.00,129.00,47.00,18.00,1,2,-1,-1
3363,373,285.00,174.00,45.00,22.00,1,2,-1,-1
3363,374,59.00,176.00,45.00,21.00,1,2,-1,-1
3363,375,450.00,176.00,44.00,18.00,1,2,-1,-1
3364,378,518.00,129.00,47.00,18.00,1,2,-1,-1
3364,373,285.00,174.00,45.00,22.00,1,2,-1,-1
3364,374,58.00,176.00,46.00,21.00,1,2,-1,-1
3364,375,449.00,176.00,45.00,18.00,1,2,-1,-1
3365,378,518.00,129.00,47.00,18.00,1,2,-1,-1
3365,373,285.00,174.00,45.00,22.00,1,2,-1,-1
3365,374,58.00,176.00,46.00,21.00,1,2,-1,-1
3365,375,449.00,176.00,45.00,18.00,1,2,-1,-1
3366,378,518.00,129.00,47.00,17.00,1,2,-1,-1
3366,373,285.00,174.00,45.00,22.00,1,2,-1,-1
3366,374,59.00,175.00,45.00,22.00,1,2,-1,-1
3366,375,450.00,176.00,44.00,18.00,1,2,-1,-1
3367,378,518.00,129.00,47.00,17.00,1,2,-1,-1
3367,373,285.00,174.00,45.00,22.00,1,2,-1,-1
3367,374,58.00,176.00,46.00,21.00,1,2,-1,-1
3367,375,449.00,176.00,45.00,18.00,1,2,-1,-1
3368,378,518.00,129.00,47.00,18.00,1,2,-1,-1
3368,373,285.00,174.00,45.00,22.00,1,2,-1,-1
3368,374,58.00,176.00,46.00,21.00,1,2,-1,-1
3368,375,450.00,176.00,44.00,18.00,1,2,-1,-1
3369,378,518.00,129.00,48.00,17.00,1,2,-1,-1
3369,373,285.00,174.00,45.00,22.00,1,2,-1,-1
3369,374,57.00,176.00,47.00,21.00,1,2,-1,-1
3369,375,450.00,176.00,44.00,18.00,1,2,-1,-1
3370,378,518.00,129.00,47.00,17.00,1,2,-1,-1
3370,373,285.00,174.00,45.00,22.00,1,2,-1,-1
3370,374,58.00,176.00,46.00,21.00,1,2,-1,-1
3370,375,450.00,176.00,44.00,18.00,1,2,-1,-1
3371,378,518.00,129.00,47.00,17.00,1,2,-1,-1
3371,373,285.00,174.00,45.00,22.00,1,2,-1,-1
3371,374,57.00,176.00,47.00,21.00,1,2,-1,-1
3371,375,450.00,176.00,44.00,18.00,1,2,-1,-1
3372,378,518.00,129.00,47.00,17.00,1,2,-1,-1
3372,373,285.00,174.00,45.00,22.00,1,2,-1,-1
3372,374,55.00,176.00,49.00,21.00,1,2,-1,-1
3372,375,450.00,176.00,44.00,18.00,1,2,-1,-1
3373,373,285.00,174.00,45.00,22.00,1,2,-1,-1
3373,374,56.00,175.00,48.00,22.00,1,2,-1,-1
3373,375,450.00,176.00,44.00,18.00,1,2,-1,-1
3374,374,53.00,176.00,51.00,21.00,1,2,-1,-1
3374,373,285.00,174.00,45.00,22.00,1,2,-1,-1
3374,375,449.00,176.00,45.00,18.00,1,2,-1,-1
3375,379,518.00,129.00,47.00,18.00,1,2,-1,-1
3375,374,58.00,176.00,46.00,21.00,1,2,-1,-1
3375,373,285.00,175.00,45.00,22.00,1,2,-1,-1
3375,375,450.00,176.00,45.00,18.00,1,2,-1,-1
3376,373,285.00,175.00,45.00,22.00,1,2,-1,-1
3376,374,57.00,176.00,47.00,21.00,1,2,-1,-1
3376,375,450.00,176.00,44.00,19.00,1,2,-1,-1
3377,374,51.00,175.00,54.00,22.00,1,2,-1,-1
3377,373,285.00,175.00,45.00,22.00,1,2,-1,-1
3377,375,450.00,176.00,45.00,19.00,1,2,-1,-1
3378,374,50.00,176.00,54.00,21.00,1,2,-1,-1
3378,373,285.00,175.00,45.00,22.00,1,2,-1,-1
3378,375,450.00,176.00,45.00,19.00,1,2,-1,-1
3379,375,445.00,176.00,50.00,19.00,1,2,-1,-1
3379,374,50.00,176.00,55.00,21.00,1,2,-1,-1
3379,373,285.00,176.00,46.00,21.00,1,2,-1,-1
3380,374,55.00,176.00,49.00,22.00,1,2,-1,-1
3380,373,285.00,175.00,46.00,22.00,1,2,-1,-1
3380,375,450.00,176.00,45.00,19.00,1,2,-1,-1
3381,374,57.00,176.00,47.00,22.00,1,2,-1,-1
3381,375,449.00,176.00,46.00,20.00,1,2,-1,-1
3381,373,286.00,175.00,46.00,22.00,1,2,-1,-1
3382,374,58.00,176.00,47.00,22.00,1,2,-1,-1
3382,375,450.00,176.00,46.00,20.00,1,2,-1,-1
3382,373,286.00,176.00,45.00,21.00,1,2,-1,-1
3383,374,55.00,176.00,50.00,22.00,1,2,-1,-1
3383,375,450.00,176.00,46.00,20.00,1,2,-1,-1
3383,373,286.00,175.00,45.00,22.00,1,2,-1,-1
3384,375,450.00,177.00,46.00,19.00,1,2,-1,-1
3384,374,60.00,176.00,45.00,21.00,1,2,-1,-1
3384,373,286.00,175.00,46.00,22.00,1,2,-1,-1
3385,374,60.00,176.00,45.00,22.00,1,2,-1,-1
3385,375,450.00,177.00,46.00,19.00,1,2,-1,-1
3385,373,286.00,176.00,46.00,22.00,1,2,-1,-1
3386,380,291.00,136.00,41.00,16.00,1,2,-1,-1
3386,374,57.00,176.00,48.00,22.00,1,2,-1,-1
3386,375,450.00,177.00,46.00,19.00,1,2,-1,-1
3386,373,286.00,175.00,46.00,23.00,1,2,-1,-1
3387,380,291.00,136.00,41.00,17.00,1,2,-1,-1
3387,374,58.00,176.00,48.00,22.00,1,2,-1,-1
3387,375,450.00,177.00,46.00,20.00,1,2,-1,-1
3387,373,286.00,176.00,46.00,22.00,1,2,-1,-1
3388,380,291.00,136.00,41.00,17.00,1,2,-1,-1
3388,374,60.00,176.00,45.00,22.00,1,2,-1,-1
3388,375,450.00,177.00,46.00,20.00,1,2,-1,-1
3388,373,286.00,175.00,46.00,23.00,1,2,-1,-1
3389,380,290.00,136.00,42.00,17.00,1,2,-1,-1
3389,374,58.00,176.00,48.00,22.00,1,2,-1,-1
3389,375,450.00,177.00,46.00,20.00,1,2,-1,-1
3389,373,286.00,175.00,46.00,23.00,1,2,-1,-1
3390,380,290.00,136.00,42.00,17.00,1,2,-1,-1
3390,374,57.00,176.00,49.00,22.00,1,2,-1,-1
3390,375,450.00,177.00,46.00,21.00,1,2,-1,-1
3390,373,286.00,175.00,45.00,23.00,1,2,-1,-1
3391,380,290.00,137.00,42.00,16.00,1,2,-1,-1
3391,374,55.00,176.00,53.00,23.00,1,2,-1,-1
3391,375,450.00,178.00,46.00,20.00,1,2,-1,-1
3391,373,285.00,176.00,47.00,22.00,1,2,-1,-1
3392,374,55.00,177.00,52.00,22.00,1,2,-1,-1
3392,375,450.00,178.00,46.00,20.00,1,2,-1,-1
3392,373,285.00,176.00,46.00,23.00,1,2,-1,-1
3393,374,58.00,176.00,49.00,23.00,1,2,-1,-1
3393,375,450.00,177.00,46.00,21.00,1,2,-1,-1
3393,373,285.00,176.00,46.00,22.00,1,2,-1,-1
3394,375,450.00,178.00,46.00,20.00,1,2,-1,-1
3394,374,59.00,176.00,47.00,23.00,1,2,-1,-1
3394,373,284.00,176.00,47.00,23.00,1,2,-1,-1
3395,374,58.00,177.00,49.00,22.00,1,2,-1,-1
3395,375,449.00,177.00,46.00,21.00,1,2,-1,-1
3395,373,284.00,175.00,47.00,24.00,1,2,-1,-1
3396,374,58.00,177.00,49.00,22.00,1,2,-1,-1
3396,375,450.00,178.00,44.00,20.00,1,2,-1,-1
3396,373,283.00,176.00,47.00,23.00,1,2,-1,-1
3397,374,57.00,177.00,48.00,22.00,1,2,-1,-1
3397,375,449.00,179.00,45.00,19.00,1,2,-1,-1
3397,373,280.00,177.00,51.00,22.00,1,2,-1,-1
3398,374,59.00,177.00,45.00,22.00,1,2,-1,-1
3398,375,449.00,179.00,45.00,19.00,1,2,-1,-1
3398,373,284.00,176.00,46.00,23.00,1,2,-1,-1
3399,374,59.00,178.00,45.00,21.00,1,2,-1,-1
3399,375,449.00,180.00,45.00,18.00,1,2,-1,-1
3399,373,284.00,177.00,46.00,22.00,1,2,-1,-1
3400,375,449.00,180.00,45.00,18.00,1,2,-1,-1
3400,374,59.00,178.00,44.00,22.00,1,2,-1,-1
3400,373,284.00,177.00,46.00,22.00,1,2,-1,-1
3401,375,448.00,180.00,46.00,18.00,1,2,-1,-1
3401,374,58.00,178.00,45.00,21.00,1,2,-1,-1
3401,373,284.00,177.00,46.00,22.00,1,2,-1,-1
3402,375,448.00,180.00,45.00,18.00,1,2,-1,-1
3402,374,58.00,178.00,45.00,22.00,1,2,-1,-1
3402,373,283.00,177.00,47.00,22.00,1,2,-1,-1
3403,375,448.00,180.00,45.00,18.00,1,2,-1,-1
3403,374,57.00,178.00,46.00,22.00,1,2,-1,-1
3403,373,283.00,177.00,47.00,22.00,1,2,-1,-1
3404,375,448.00,180.00,45.00,18.00,1,2,-1,-1
3404,374,57.00,178.00,46.00,22.00,1,2,-1,-1
3404,373,283.00,178.00,46.00,22.00,1,2,-1,-1
3405,375,448.00,180.00,45.00,19.00,1,2,-1,-1
3405,374,57.00,178.00,46.00,22.00,1,2,-1,-1
3405,373,283.00,178.00,46.00,22.00,1,2,-1,-1
3406,375,448.00,180.00,45.00,19.00,1,2,-1,-1
3406,374,57.00,178.00,45.00,22.00,1,2,-1,-1
3406,373,282.00,178.00,47.00,22.00,1,2,-1,-1
3407,375,448.00,180.00,45.00,19.00,1,2,-1,-1
3407,374,57.00,178.00,46.00,22.00,1,2,-1,-1
3407,373,282.00,178.00,46.00,22.00,1,2,-1,-1
3408,375,447.00,180.00,46.00,19.00,1,2,-1,-1
3408,374,57.00,178.00,45.00,22.00,1,2,-1,-1
3408,373,283.00,179.00,45.00,21.00,1,2,-1,-1
3409,375,448.00,180.00,45.00,19.00,1,2,-1,-1
3409,374,57.00,178.00,46.00,22.00,1,2,-1,-1
3409,373,282.00,179.00,46.00,21.00,1,2,-1,-1
3410,375,447.00,180.00,46.00,19.00,1,2,-1,-1
3410,373,281.00,179.00,47.00,21.00,1,2,-1,-1
3410,374,57.00,178.00,45.00,22.00,1,2,-1,-1
3411,375,447.00,180.00,46.00,19.00,1,2,-1,-1
3411,373,280.00,179.00,48.00,21.00,1,2,-1,-1
3411,374,57.00,178.00,46.00,22.00,1,2,-1,-1
3412,375,447.00,180.00,45.00,19.00,1,2,-1,-1
3412,373,282.00,179.00,46.00,21.00,1,2,-1,-1
3412,374,57.00,178.00,46.00,22.00,1,2,-1,-1
3413,375,447.00,181.00,46.00,18.00,1,2,-1,-1
3413,373,280.00,180.00,48.00,20.00,1,2,-1,-1
3413,374,56.00,178.00,46.00,22.00,1,2,-1,-1
3414,373,281.00,178.00,47.00,23.00,1,2,-1,-1
3414,375,447.00,181.00,45.00,19.00,1,2,-1,-1
3414,374,57.00,178.00,45.00,23.00,1,2,-1,-1
3415,373,281.00,178.00,47.00,23.00,1,2,-1,-1
3415,375,447.00,181.00,45.00,19.00,1,2,-1,-1
3415,374,57.00,178.00,44.00,22.00,1,2,-1,-1
3416,381,555.00,184.00,41.00,17.00,1,2,-1,-1
3416,373,281.00,178.00,47.00,23.00,1,2,-1,-1
3416,375,447.00,181.00,45.00,19.00,1,2,-1,-1
3416,374,57.00,178.00,44.00,22.00,1,2,-1,-1
3417,373,281.00,179.00,47.00,21.00,1,2,-1,-1
3417,375,446.00,181.00,46.00,19.00,1,2,-1,-1
3417,374,57.00,178.00,44.00,22.00,1,2,-1,-1
3418,382,554.00,184.00,40.00,17.00,1,2,-1,-1
3418,373,281.00,178.00,46.00,23.00,1,2,-1,-1
3418,375,447.00,181.00,45.00,19.00,1,2,-1,-1
3418,374,57.00,179.00,45.00,21.00,1,2,-1,-1
3419,382,554.00,184.00,40.00,17.00,1,2,-1,-1
3419,373,281.00,179.00,47.00,22.00,1,2,-1,-1
3419,375,447.00,181.00,45.00,19.00,1,2,-1,-1
3419,374,57.00,179.00,45.00,21.00,1,2,-1,-1
3420,382,554.00,184.00,40.00,17.00,1,2,-1,-1
3420,373,281.00,179.00,47.00,22.00,1,2,-1,-1
3420,375,447.00,181.00,45.00,19.00,1,2,-1,-1
3420,374,56.00,179.00,46.00,21.00,1,2,-1,-1
3421,382,554.00,184.00,40.00,17.00,1,2,-1,-1
3421,373,281.00,179.00,46.00,22.00,1,2,-1,-1
3421,375,447.00,181.00,45.00,19.00,1,2,-1,-1
3421,374,56.00,179.00,46.00,21.00,1,2,-1,-1
3422,382,553.00,184.00,41.00,18.00,1,2,-1,-1
3422,373,281.00,179.00,47.00,22.00,1,2,-1,-1
3422,375,446.00,181.00,46.00,19.00,1,2,-1,-1
3422,374,55.00,179.00,47.00,21.00,1,2,-1,-1
3423,382,553.00,184.00,40.00,17.00,1,2,-1,-1
3423,373,281.00,179.00,46.00,22.00,1,2,-1,-1
3423,375,446.00,181.00,46.00,20.00,1,2,-1,-1
3423,374,55.00,179.00,46.00,22.00,1,2,-1,-1
3424,382,552.00,184.00,42.00,18.00,1,2,-1,-1
3424,373,280.00,179.00,47.00,23.00,1,2,-1,-1
3424,375,446.00,181.00,46.00,20.00,1,2,-1,-1
3424,374,55.00,179.00,46.00,22.00,1,2,-1,-1
3425,382,552.00,184.00,42.00,18.00,1,2,-1,-1
3425,373,281.00,178.00,46.00,24.00,1,2,-1,-1
3425,375,445.00,182.00,47.00,19.00,1,2,-1,-1
3425,374,55.00,179.00,46.00,22.00,1,2,-1,-1
3426,383,426.00,166.00,48.00,17.00,1,2,-1,-1
3426,384,252.00,162.00,52.00,23.00,1,2,-1,-1
3426,385,1.00,164.00,65.00,23.00,1,2,-1,-1
3427,384,252.00,163.00,53.00,22.00,1,2,-1,-1
3427,383,426.00,166.00,48.00,17.00,1,2,-1,-1
3427,385,2.00,164.00,64.00,23.00,1,2,-1,-1
3428,383,418.00,164.00,58.00,19.00,1,2,-1,-1
3428,384,252.00,164.00,53.00,21.00,1,2,-1,-1
3428,385,1.00,164.00,65.00,22.00,1,2,-1,-1
3429,383,422.00,165.00,54.00,18.00,1,2,-1,-1
3429,384,252.00,163.00,54.00,23.00,1,2,-1,-1
3429,385,2.00,164.00,64.00,22.00,1,2,-1,-1
3430,386,540.00,165.00,42.00,19.00,1,2,-1,-1
3430,383,427.00,164.00,48.00,18.00,1,2,-1,-1
3430,384,252.00,163.00,54.00,22.00,1,2,-1,-1
3430,385,2.00,164.00,64.00,22.00,1,2,-1,-1
3431,386,540.00,164.00,42.00,19.00,1,2,-1,-1
3431,383,428.00,164.00,48.00,18.00,1,2,-1,-1
3431,384,252.00,163.00,54.00,22.00,1,2,-1,-1
3431,385,2.00,164.00,65.00,22.00,1,2,-1,-1
3432,383,428.00,164.00,48.00,18.00,1,2,-1,-1
3432,384,253.00,163.00,53.00,22.00,1,2,-1,-1
3432,385,2.00,164.00,65.00,22.00,1,2,-1,-1
3433,387,540.00,164.00,42.00,19.00,1,2,-1,-1
3433,383,428.00,164.00,48.00,18.00,1,2,-1,-1
3433,384,254.00,163.00,52.00,21.00,1,2,-1,-1
3433,385,2.00,164.00,65.00,22.00,1,2,-1,-1
3434,387,540.00,164.00,42.00,19.00,1,2,-1,-1
3434,384,254.00,163.00,52.00,21.00,1,2,-1,-1
3434,383,428.00,164.00,48.00,18.00,1,2,-1,-1
3434,385,2.00,164.00,65.00,22.00,1,2,-1,-1
3435,384,254.00,163.00,52.00,21.00,1,2,-1,-1
3435,383,429.00,163.00,47.00,19.00,1,2,-1,-1
3435,385,3.00,164.00,64.00,22.00,1,2,-1,-1
3436,384,254.00,162.00,52.00,22.00,1,2,-1,-1
3436,383,429.00,163.00,47.00,19.00,1,2,-1,-1
3436,385,2.00,164.00,65.00,22.00,1,2,-1,-1
3437,388,540.00,164.00,42.00,18.00,1,2,-1,-1
3437,384,254.00,162.00,52.00,22.00,1,2,-1,-1
3437,383,429.00,163.00,47.00,18.00,1,2,-1,-1
3437,385,4.00,164.00,63.00,22.00,1,2,-1,-1
3438,388,540.00,164.00,42.00,18.00,1,2,-1,-1
3438,384,254.00,162.00,52.00,22.00,1,2,-1,-1
3438,385,3.00,164.00,64.00,22.00,1,2,-1,-1
3438,383,429.00,162.00,47.00,20.00,1,2,-1,-1
3439,384,254.00,162.00,52.00,22.00,1,2,-1,-1
3439,383,429.00,163.00,47.00,19.00,1,2,-1,-1
3439,385,2.00,164.00,65.00,22.00,1,2,-1,-1
3440,389,540.00,164.00,43.00,19.00,1,2,-1,-1
3440,384,254.00,162.00,52.00,22.00,1,2,-1,-1
3440,383,428.00,163.00,48.00,19.00,1,2,-1,-1
3440,385,2.00,164.00,65.00,22.00,1,2,-1,-1
3441,389,540.00,164.00,42.00,18.00,1,2,-1,-1
3441,384,254.00,162.00,52.00,22.00,1,2,-1,-1
3441,383,428.00,163.00,48.00,19.00,1,2,-1,-1
3441,385,1.00,164.00,67.00,22.00,1,2,-1,-1
3442,383,427.00,164.00,49.00,18.00,1,2,-1,-1
3442,384,254.00,162.00,52.00,23.00,1,2,-1,-1
3442,385,1.00,164.00,67.00,22.00,1,2,-1,-1
3443,383,425.00,164.00,52.00,18.00,1,2,-1,-1
3443,384,255.00,162.00,52.00,23.00,1,2,-1,-1
3443,385,2.00,164.00,66.00,22.00,1,2,-1,-1
3444,390,542.00,164.00,42.00,20.00,1,2,-1,-1
3444,383,426.00,164.00,52.00,18.00,1,2,-1,-1
3444,384,255.00,163.00,53.00,22.00,1,2,-1,-1
3444,385,1.00,164.00,68.00,22.00,1,2,-1,-1
3445,383,422.00,164.00,56.00,18.00,1,2,-1,-1
3445,384,255.00,163.00,53.00,22.00,1,2,-1,-1
3445,385,1.00,164.00,68.00,22.00,1,2,-1,-1
3446,383,426.00,164.00,52.00,19.00,1,2,-1,-1
3446,384,256.00,163.00,52.00,22.00,1,2,-1,-1
3446,385,1.00,164.00,69.00,22.00,1,2,-1,-1
3447,383,420.00,164.00,59.00,19.00,1,2,-1,-1
3447,384,256.00,163.00,52.00,22.00,1,2,-1,-1
3447,385,1.00,164.00,69.00,22.00,1,2,-1,-1
3448,383,423.00,165.00,56.00,18.00,1,2,-1,-1
3448,384,256.00,163.00,54.00,23.00,1,2,-1,-1
3448,385,2.00,165.00,68.00,22.00,1,2,-1,-1
3449,391,544.00,166.00,42.00,18.00,1,2,-1,-1
3449,383,426.00,165.00,54.00,18.00,1,2,-1,-1
3449,385,2.00,165.00,69.00,21.00,1,2,-1,-1
3449,384,257.00,163.00,53.00,23.00,1,2,-1,-1
3450,383,419.00,164.00,62.00,20.00,1,2,-1,-1
3450,385,2.00,164.00,69.00,23.00,1,2,-1,-1
3450,384,257.00,163.00,53.00,23.00,1,2,-1,-1
3451,383,427.00,165.00,55.00,19.00,1,2,-1,-1
3451,384,258.00,163.00,53.00,23.00,1,2,-1,-1
3451,385,3.00,164.00,69.00,22.00,1,2,-1,-1
3452,383,432.00,165.00,50.00,18.00,1,2,-1,-1
3452,385,8.00,165.00,64.00,21.00,1,2,-1,-1
3452,384,258.00,163.00,53.00,23.00,1,2,-1,-1
3453,385,6.00,165.00,66.00,21.00,1,2,-1,-1
3453,383,433.00,165.00,49.00,18.00,1,2,-1,-1
3453,384,258.00,163.00,53.00,23.00,1,2,-1,-1
3454,385,11.00,165.00,62.00,21.00,1,2,-1,-1
3454,384,258.00,163.00,53.00,23.00,1,2,-1,-1
3454,383,434.00,166.00,48.00,17.00,1,2,-1,-1
3455,392,546.00,166.00,42.00,19.00,1,2,-1,-1
3455,385,8.00,164.00,66.00,22.00,1,2,-1,-1
3455,384,258.00,163.00,54.00,23.00,1,2,-1,-1
3455,383,434.00,165.00,48.00,19.00,1,2,-1,-1
3456,385,11.00,164.00,63.00,22.00,1,2,-1,-1
3456,384,259.00,163.00,53.00,23.00,1,2,-1,-1
3456,383,434.00,165.00,48.00,19.00,1,2,-1,-1
3457,385,10.00,164.00,64.00,22.00,1,2,-1,-1
3457,384,259.00,163.00,53.00,23.00,1,2,-1,-1
3457,383,434.00,165.00,48.00,19.00,1,2,-1,-1
3458,384,259.00,163.00,53.00,23.00,1,2,-1,-1
3458,385,11.00,164.00,63.00,22.00,1,2,-1,-1
3458,383,434.00,165.00,48.00,19.00,1,2,-1,-1
3459,393,546.00,167.00,40.00,18.00,1,2,-1,-1
3459,384,259.00,163.00,53.00,23.00,1,2,-1,-1
3459,385,11.00,165.00,63.00,21.00,1,2,-1,-1
3459,383,434.00,165.00,48.00,18.00,1,2,-1,-1
3460,385,9.00,165.00,66.00,21.00,1,2,-1,-1
3460,384,260.00,162.00,52.00,24.00,1,2,-1,-1
3460,383,434.00,165.00,49.00,19.00,1,2,-1,-1
3461,385,9.00,165.00,65.00,21.00,1,2,-1,-1
3461,384,260.00,164.00,52.00,22.00,1,2,-1,-1
3461,383,434.00,166.00,49.00,18.00,1,2,-1,-1
3462,385,8.00,165.00,67.00,21.00,1,2,-1,-1
3462,384,260.00,164.00,52.00,22.00,1,2,-1,-1
3462,383,434.00,166.00,49.00,18.00,1,2,-1,-1
3463,385,9.00,165.00,66.00,22.00,1,2,-1,-1
3463,384,260.00,164.00,52.00,22.00,1,2,-1,-1
3463,383,434.00,165.00,49.00,19.00,1,2,-1,-1
3464,385,11.00,165.00,64.00,22.00,1,2,-1,-1
3464,384,260.00,164.00,52.00,22.00,1,2,-1,-1
3464,383,434.00,165.00,49.00,19.00,1,2,-1,-1
3465,385,13.00,165.00,62.00,22.00,1,2,-1,-1
3465,384,260.00,164.00,52.00,22.00,1,2,-1,-1
3465,383,434.00,166.00,49.00,18.00,1,2,-1,-1
3466,385,17.00,165.00,58.00,21.00,1,2,-1,-1
3466,384,260.00,164.00,52.00,22.00,1,2,-1,-1
3466,383,435.00,166.00,49.00,18.00,1,2,-1,-1
3467,385,17.00,165.00,58.00,21.00,1,2,-1,-1
3467,384,260.00,164.00,53.00,22.00,1,2,-1,-1
3467,383,435.00,166.00,48.00,18.00,1,2,-1,-1
3468,385,14.00,165.00,62.00,22.00,1,2,-1,-1
3468,384,260.00,164.00,53.00,22.00,1,2,-1,-1
3468,383,435.00,166.00,48.00,18.00,1,2,-1,-1
3469,385,11.00,166.00,65.00,21.00,1,2,-1,-1
3469,384,259.00,164.00,55.00,22.00,1,2,-1,-1
3469,383,435.00,165.00,49.00,20.00,1,2,-1,-1
3470,385,12.00,166.00,64.00,21.00,1,2,-1,-1
3470,384,262.00,164.00,52.00,23.00,1,2,-1,-1
3470,383,436.00,166.00,48.00,19.00,1,2,-1,-1
3471,385,13.00,166.00,64.00,22.00,1,2,-1,-1
3471,384,261.00,165.00,53.00,22.00,1,2,-1,-1
3471,383,436.00,166.00,48.00,19.00,1,2,-1,-1
3472,385,16.00,166.00,61.00,22.00,1,2,-1,-1
3472,384,261.00,165.00,53.00,22.00,1,2,-1,-1
3472,383,436.00,167.00,48.00,18.00,1,2,-1,-1
3473,385,12.00,167.00,65.00,21.00,1,2,-1,-1
3473,384,261.00,165.00,53.00,23.00,1,2,-1,-1
3473,383,437.00,168.00,47.00,17.00,1,2,-1,-1
3474,385,24.00,167.00,53.00,22.00,1,2,-1,-1
3474,384,261.00,166.00,53.00,22.00,1,2,-1,-1
3474,383,437.00,168.00,47.00,18.00,1,2,-1,-1
3475,385,25.00,167.00,51.00,22.00,1,2,-1,-1
3475,384,261.00,166.00,53.00,22.00,1,2,-1,-1
3475,383,436.00,168.00,48.00,18.00,1,2,-1,-1
3476,385,29.00,167.00,48.00,22.00,1,2,-1,-1
3476,384,262.00,167.00,52.00,21.00,1,2,-1,-1
3476,383,436.00,168.00,48.00,18.00,1,2,-1,-1
3477,385,27.00,168.00,49.00,22.00,1,2,-1,-1
3477,384,262.00,167.00,52.00,22.00,1,2,-1,-1
3477,383,437.00,168.00,48.00,18.00,1,2,-1,-1
3478,385,28.00,168.00,49.00,22.00,1,2,-1,-1
3478,384,262.00,167.00,52.00,22.00,1,2,-1,-1
3478,383,437.00,168.00,48.00,18.00,1,2,-1,-1
3479,385,29.00,168.00,47.00,22.00,1,2,-1,-1
3479,384,262.00,167.00,52.00,22.00,1,2,-1,-1
3479,383,437.00,168.00,48.00,19.00,1,2,-1,-1
3480,385,29.00,168.00,47.00,23.00,1,2,-1,-1
3480,384,262.00,167.00,52.00,23.00,1,2,-1,-1
3480,383,437.00,168.00,48.00,19.00,1,2,-1,-1
3481,385,27.00,168.00,49.00,23.00,1,2,-1,-1
3481,384,262.00,168.00,52.00,22.00,1,2,-1,-1
3481,383,438.00,168.00,47.00,20.00,1,2,-1,-1
3482,394,548.00,170.00,44.00,19.00,1,2,-1,-1
3482,385,25.00,168.00,51.00,23.00,1,2,-1,-1
3482,384,262.00,168.00,52.00,22.00,1,2,-1,-1
3482,383,437.00,169.00,47.00,19.00,1,2,-1,-1
3483,385,26.00,168.00,50.00,23.00,1,2,-1,-1
3483,383,437.00,169.00,47.00,20.00,1,2,-1,-1
3483,384,262.00,168.00,52.00,22.00,1,2,-1,-1
3484,385,26.00,169.00,50.00,22.00,1,2,-1,-1
3484,383,437.00,170.00,47.00,19.00,1,2,-1,-1
3484,384,261.00,168.00,53.00,22.00,1,2,-1,-1
3485,395,548.00,171.00,43.00,19.00,1,2,-1,-1
3485,385,25.00,170.00,51.00,21.00,1,2,-1,-1
3485,383,437.00,170.00,47.00,19.00,1,2,-1,-1
3485,384,262.00,168.00,52.00,23.00,1,2,-1,-1
3486,395,548.00,171.00,43.00,19.00,1,2,-1,-1
3486,385,25.00,170.00,51.00,21.00,1,2,-1,-1
3486,384,262.00,168.00,52.00,23.00,1,2,-1,-1
3486,383,437.00,170.00,47.00,19.00,1,2,-1,-1
3487,395,548.00,171.00,43.00,19.00,1,2,-1,-1
3487,385,25.00,170.00,51.00,21.00,1,2,-1,-1
3487,383,437.00,170.00,47.00,19.00,1,2,-1,-1
3487,384,262.00,168.00,52.00,23.00,1,2,-1,-1
3488,395,548.00,171.00,43.00,19.00,1,2,-1,-1
3488,385,8.00,170.00,68.00,21.00,1,2,-1,-1
3488,383,437.00,170.00,47.00,19.00,1,2,-1,-1
3488,384,261.00,169.00,53.00,22.00,1,2,-1,-1
3489,385,8.00,170.00,68.00,21.00,1,2,-1,-1
3489,383,436.00,171.00,48.00,18.00,1,2,-1,-1
3489,384,261.00,169.00,53.00,22.00,1,2,-1,-1
3490,385,6.00,170.00,69.00,21.00,1,2,-1,-1
3490,383,435.00,170.00,48.00,19.00,1,2,-1,-1
3490,384,260.00,168.00,54.00,23.00,1,2,-1,-1
3491,385,10.00,170.00,66.00,22.00,1,2,-1,-1
3491,383,436.00,170.00,47.00,19.00,1,2,-1,-1
3491,384,260.00,168.00,54.00,23.00,1,2,-1,-1
3492,385,5.00,170.00,70.00,22.00,1,2,-1,-1
3492,383,436.00,170.00,47.00,19.00,1,2,-1,-1
3492,384,260.00,168.00,54.00,23.00,1,2,-1,-1
3493,385,26.00,170.00,48.00,22.00,1,2,-1,-1
3493,383,435.00,171.00,47.00,18.00,1,2,-1,-1
3493,384,259.00,168.00,53.00,23.00,1,2,-1,-1
3494,385,8.00,170.00,65.00,22.00,1,2,-1,-1
3494,383,435.00,170.00,47.00,19.00,1,2,-1,-1
3494,384,259.00,169.00,53.00,22.00,1,2,-1,-1
3495,385,3.00,170.00,69.00,22.00,1,2,-1,-1
3495,383,434.00,170.00,47.00,19.00,1,2,-1,-1
3495,384,259.00,169.00,52.00,23.00,1,2,-1,-1
3496,385,6.00,170.00,64.00,22.00,1,2,-1,-1
3496,383,434.00,171.00,46.00,18.00,1,2,-1,-1
3496,384,258.00,169.00,52.00,23.00,1,2,-1,-1
3497,385,1.00,170.00,69.00,22.00,1,2,-1,-1
3497,383,432.00,171.00,47.00,18.00,1,2,-1,-1
3497,384,257.00,170.00,53.00,22.00,1,2,-1,-1
3498,383,430.00,171.00,48.00,18.00,1,2,-1,-1
3498,385,0.00,170.00,70.00,22.00,1,2,-1,-1
3498,384,256.00,169.00,53.00,22.00,1,2,-1,-1
3499,385,3.00,169.00,66.00,22.00,1,2,-1,-1
3499,383,430.00,171.00,47.00,18.00,1,2,-1,-1
3499,384,255.00,169.00,53.00,22.00,1,2,-1,-1
3500,383,430.00,171.00,46.00,19.00,1,2,-1,-1
3500,384,254.00,168.00,53.00,23.00,1,2,-1,-1
3500,385,0.00,168.00,68.00,23.00,1,2,-1,-1
3501,383,430.00,171.00,46.00,19.00,1,2,-1,-1
3501,384,254.00,168.00,52.00,23.00,1,2,-1,-1
3501,385,0.00,168.00,67.00,22.00,1,2,-1,-1
3502,383,428.00,171.00,47.00,19.00,1,2,-1,-1
3502,385,1.00,167.00,65.00,23.00,1,2,-1,-1
3502,384,252.00,168.00,53.00,23.00,1,2,-1,-1
3503,383,428.00,171.00,47.00,19.00,1,2,-1,-1
3503,385,1.00,167.00,65.00,23.00,1,2,-1,-1
3503,384,252.00,168.00,53.00,23.00,1,2,-1,-1
3504,383,428.00,171.00,47.00,19.00,1,2,-1,-1
3504,384,252.00,168.00,52.00,22.00,1,2,-1,-1
3504,385,0.00,167.00,66.00,22.00,1,2,-1,-1
3505,383,427.00,171.00,47.00,19.00,1,2,-1,-1
3505,384,253.00,168.00,51.00,22.00,1,2,-1,-1
3505,385,0.00,166.00,67.00,23.00,1,2,-1,-1
3506,396,498.00,123.00,50.00,18.00,1,2,-1,-1
3506,383,428.00,171.00,46.00,19.00,1,2,-1,-1
3506,384,252.00,168.00,52.00,22.00,1,2,-1,-1
3506,385,1.00,166.00,65.00,23.00,1,2,-1,-1
3507,383,428.00,171.00,46.00,19.00,1,2,-1,-1
3507,384,252.00,168.00,52.00,22.00,1,2,-1,-1
3507,385,1.00,166.00,65.00,22.00,1,2,-1,-1
3508,397,498.00,123.00,50.00,18.00,1,2,-1,-1
3508,383,427.00,171.00,47.00,19.00,1,2,-1,-1
3508,384,252.00,167.00,52.00,23.00,1,2,-1,-1
3508,385,1.00,166.00,64.00,22.00,1,2,-1,-1
3509,383,427.00,171.00,47.00,19.00,1,2,-1,-1
3509,384,252.00,167.00,52.00,23.00,1,2,-1,-1
3509,385,1.00,166.00,64.00,22.00,1,2,-1,-1
3510,383,426.00,171.00,48.00,19.00,1,2,-1,-1
3510,384,252.00,167.00,52.00,23.00,1,2,-1,-1
3510,385,1.00,166.00,64.00,22.00,1,2,-1,-1
3511,383,426.00,171.00,48.00,19.00,1,2,-1,-1
3511,384,252.00,167.00,52.00,23.00,1,2,-1,-1
3511,385,1.00,166.00,64.00,22.00,1,2,-1,-1
3512,383,422.00,171.00,52.00,19.00,1,2,-1,-1
3512,384,252.00,167.00,51.00,23.00,1,2,-1,-1
3512,385,1.00,165.00,64.00,22.00,1,2,-1,-1
3513,383,423.00,171.00,51.00,18.00,1,2,-1,-1
3513,384,252.00,167.00,51.00,23.00,1,2,-1,-1
3513,385,1.00,165.00,64.00,22.00,1,2,-1,-1
3514,383,426.00,171.00,47.00,19.00,1,2,-1,-1
3514,384,252.00,167.00,51.00,23.00,1,2,-1,-1
3514,385,1.00,165.00,63.00,22.00,1,2,-1,-1
3515,383,425.00,171.00,48.00,19.00,1,2,-1,-1
3515,384,252.00,167.00,51.00,23.00,1,2,-1,-1
3515,385,1.00,165.00,64.00,22.00,1,2,-1,-1
3516,383,425.00,171.00,48.00,19.00,1,2,-1,-1
3516,384,252.00,167.00,51.00,23.00,1,2,-1,-1
3516,385,1.00,165.00,64.00,22.00,1,2,-1,-1
3517,383,426.00,171.00,47.00,19.00,1,2,-1,-1
3517,384,251.00,167.00,52.00,23.00,1,2,-1,-1
3517,385,1.00,165.00,64.00,22.00,1,2,-1,-1
3518,383,426.00,171.00,47.00,19.00,1,2,-1,-1
3518,384,252.00,167.00,52.00,23.00,1,2,-1,-1
3518,385,1.00,165.00,64.00,22.00,1,2,-1,-1
3519,383,426.00,171.00,47.00,19.00,1,2,-1,-1
3519,385,1.00,165.00,64.00,22.00,1,2,-1,-1
3519,384,252.00,167.00,52.00,23.00,1,2,-1,-1
3520,383,425.00,171.00,49.00,19.00,1,2,-1,-1
3520,384,252.00,167.00,51.00,23.00,1,2,-1,-1
3520,385,1.00,165.00,64.00,22.00,1,2,-1,-1
3521,383,423.00,172.00,50.00,18.00,1,2,-1,-1
3521,384,251.00,168.00,52.00,22.00,1,2,-1,-1
3521,385,1.00,165.00,64.00,22.00,1,2,-1,-1
3522,383,422.00,172.00,51.00,18.00,1,2,-1,-1
3522,384,251.00,168.00,52.00,22.00,1,2,-1,-1
3522,385,1.00,165.00,64.00,22.00,1,2,-1,-1
3523,383,422.00,172.00,51.00,18.00,1,2,-1,-1
3523,384,251.00,168.00,52.00,22.00,1,2,-1,-1
3523,385,1.00,165.00,64.00,22.00,1,2,-1,-1
3524,383,427.00,172.00,46.00,18.00,1,2,-1,-1
3524,384,252.00,169.00,51.00,21.00,1,2,-1,-1
3524,385,1.00,165.00,64.00,23.00,1,2,-1,-1
3525,398,538.00,175.00,42.00,19.00,1,2,-1,-1
3525,383,419.00,172.00,55.00,19.00,1,2,-1,-1
3525,384,251.00,169.00,52.00,21.00,1,2,-1,-1
3525,385,1.00,166.00,64.00,22.00,1,2,-1,-1
3526,383,418.00,173.00,56.00,18.00,1,2,-1,-1
3526,384,252.00,169.00,51.00,21.00,1,2,-1,-1
3526,385,1.00,166.00,63.00,22.00,1,2,-1,-1
3527,383,417.00,173.00,57.00,18.00,1,2,-1,-1
3527,384,252.00,168.00,52.00,23.00,1,2,-1,-1
3527,385,1.00,166.00,64.00,22.00,1,2,-1,-1
3528,399,538.00,176.00,38.00,17.00,1,2,-1,-1
3528,383,417.00,173.00,57.00,18.00,1,2,-1,-1
3528,384,252.00,169.00,52.00,22.00,1,2,-1,-1
3528,385,0.00,166.00,65.00,23.00,1,2,-1,-1
3529,399,538.00,176.00,38.00,17.00,1,2,-1,-1
3529,383,416.00,172.00,58.00,20.00,1,2,-1,-1
3529,384,252.00,168.00,52.00,23.00,1,2,-1,-1
3529,385,0.00,166.00,65.00,23.00,1,2,-1,-1
3530,383,428.00,173.00,46.00,19.00,1,2,-1,-1
3530,384,252.00,169.00,52.00,22.00,1,2,-1,-1
3530,385,0.00,167.00,66.00,22.00,1,2,-1,-1
3531,385,1.00,167.00,65.00,23.00,1,2,-1,-1
3531,383,428.00,173.00,46.00,19.00,1,2,-1,-1
3531,384,252.00,168.00,52.00,24.00,1,2,-1,-1
3532,383,428.00,173.00,46.00,19.00,1,2,-1,-1
3532,385,1.00,168.00,65.00,22.00,1,2,-1,-1
3532,384,252.00,170.00,52.00,22.00,1,2,-1,-1
3533,385,1.00,168.00,66.00,22.00,1,2,-1,-1
3533,383,428.00,174.00,46.00,18.00,1,2,-1,-1
3533,384,252.00,171.00,53.00,21.00,1,2,-1,-1
3534,400,263.00,128.00,44.00,17.00,1,2,-1,-1
3534,385,1.00,168.00,66.00,22.00,1,2,-1,-1
3534,384,253.00,170.00,52.00,22.00,1,2,-1,-1
3534,383,428.00,174.00,47.00,18.00,1,2,-1,-1
3535,385,12.00,168.00,56.00,23.00,1,2,-1,-1
3535,383,428.00,174.00,48.00,18.00,1,2,-1,-1
3535,384,254.00,170.00,52.00,22.00,1,2,-1,-1
3536,385,2.00,169.00,66.00,22.00,1,2,-1,-1
3536,384,256.00,170.00,50.00,22.00,1,2,-1,-1
3536,383,428.00,174.00,48.00,19.00,1,2,-1,-1
3537,385,13.00,169.00,57.00,22.00,1,2,-1,-1
3537,384,256.00,171.00,52.00,22.00,1,2,-1,-1
3537,383,429.00,174.00,47.00,19.00,1,2,-1,-1
3538,385,23.00,169.00,47.00,23.00,1,2,-1,-1
3538,384,256.00,171.00,52.00,22.00,1,2,-1,-1
3538,383,430.00,175.00,48.00,18.00,1,2,-1,-1
3539,385,23.00,170.00,48.00,22.00,1,2,-1,-1
3539,383,431.00,175.00,49.00,18.00,1,2,-1,-1
3539,384,257.00,171.00,51.00,22.00,1,2,-1,-1
3540,385,16.00,170.00,55.00,22.00,1,2,-1,-1
3540,383,431.00,176.00,49.00,18.00,1,2,-1,-1
3540,384,257.00,172.00,53.00,22.00,1,2,-1,-1
3541,385,23.00,171.00,49.00,21.00,1,2,-1,-1
3541,383,434.00,176.00,46.00,18.00,1,2,-1,-1
3541,384,258.00,172.00,52.00,22.00,1,2,-1,-1
3542,385,17.00,171.00,57.00,22.00,1,2,-1,-1
3542,383,435.00,176.00,46.00,18.00,1,2,-1,-1
3542,384,257.00,173.00,54.00,21.00,1,2,-1,-1
3543,385,13.00,172.00,61.00,22.00,1,2,-1,-1
3543,384,259.00,173.00,53.00,22.00,1,2,-1,-1
3543,383,435.00,176.00,47.00,18.00,1,2,-1,-1
3544,385,21.00,172.00,55.00,23.00,1,2,-1,-1
3544,383,428.00,176.00,55.00,19.00,1,2,-1,-1
3544,384,260.00,173.00,52.00,23.00,1,2,-1,-1
3545,383,436.00,176.00,48.00,20.00,1,2,-1,-1
3545,385,17.00,173.00,60.00,23.00,1,2,-1,-1
3545,384,261.00,174.00,52.00,22.00,1,2,-1,-1
3546,385,25.00,174.00,52.00,22.00,1,2,-1,-1
3546,383,437.00,176.00,48.00,21.00,1,2,-1,-1
3546,384,262.00,174.00,52.00,23.00,1,2,-1,-1
3547,401,550.00,180.00,42.00,19.00,1,2,-1,-1
3547,385,28.00,174.00,49.00,23.00,1,2,-1,-1
3547,384,263.00,175.00,52.00,23.00,1,2,-1,-1
3547,383,438.00,177.00,47.00,20.00,1,2,-1,-1
3548,385,27.00,176.00,51.00,23.00,1,2,-1,-1
3548,383,439.00,178.00,47.00,20.00,1,2,-1,-1
3548,384,264.00,176.00,52.00,23.00,1,2,-1,-1
3549,385,30.00,176.00,48.00,23.00,1,2,-1,-1
3549,383,438.00,179.00,48.00,19.00,1,2,-1,-1
3549,384,264.00,177.00,52.00,22.00,1,2,-1,-1
3550,383,433.00,180.00,54.00,19.00,1,2,-1,-1
3550,385,25.00,177.00,54.00,22.00,1,2,-1,-1
3550,384,265.00,178.00,52.00,22.00,1,2,-1,-1
3551,383,433.00,180.00,55.00,19.00,1,2,-1,-1
3551,385,21.00,178.00,59.00,22.00,1,2,-1,-1
3551,384,266.00,179.00,51.00,21.00,1,2,-1,-1
3552,383,441.00,181.00,48.00,19.00,1,2,-1,-1
3552,385,23.00,178.00,58.00,22.00,1,2,-1,-1
3552,384,266.00,180.00,52.00,20.00,1,2,-1,-1
3553,385,20.00,178.00,61.00,22.00,1,2,-1,-1
3553,383,442.00,181.00,48.00,19.00,1,2,-1,-1
3553,384,267.00,179.00,51.00,22.00,1,2,-1,-1
3554,385,23.00,179.00,59.00,21.00,1,2,-1,-1
3554,383,443.00,181.00,47.00,19.00,1,2,-1,-1
3554,384,268.00,179.00,51.00,22.00,1,2,-1,-1
3555,385,24.00,179.00,58.00,22.00,1,2,-1,-1
3555,384,268.00,180.00,52.00,22.00,1,2,-1,-1
3555,383,442.00,182.00,48.00,18.00,1,2,-1,-1
3556,385,23.00,179.00,60.00,22.00,1,2,-1,-1
3556,384,268.00,180.00,52.00,22.00,1,2,-1,-1
3556,383,443.00,183.00,47.00,18.00,1,2,-1,-1
3557,385,26.00,179.00,57.00,22.00,1,2,-1,-1
3557,384,269.00,180.00,51.00,22.00,1,2,-1,-1
3557,383,443.00,183.00,47.00,18.00,1,2,-1,-1
3558,385,26.00,179.00,57.00,22.00,1,2,-1,-1
3558,383,442.00,182.00,49.00,19.00,1,2,-1,-1
3558,384,269.00,180.00,51.00,22.00,1,2,-1,-1
3559,385,36.00,180.00,48.00,21.00,1,2,-1,-1
3559,384,269.00,180.00,52.00,22.00,1,2,-1,-1
3559,383,443.00,183.00,48.00,18.00,1,2,-1,-1
3560,385,34.00,180.00,50.00,22.00,1,2,-1,-1
3560,383,444.00,183.00,48.00,18.00,1,2,-1,-1
3560,384,270.00,180.00,51.00,22.00,1,2,-1,-1
3561,385,35.00,180.00,49.00,22.00,1,2,-1,-1
3561,384,270.00,180.00,51.00,22.00,1,2,-1,-1
3561,383,443.00,183.00,49.00,18.00,1,2,-1,-1
3562,385,37.00,180.00,48.00,22.00,1,2,-1,-1
3562,384,270.00,181.00,51.00,21.00,1,2,-1,-1
3562,383,444.00,183.00,48.00,18.00,1,2,-1,-1
3563,385,38.00,181.00,47.00,21.00,1,2,-1,-1
3563,384,270.00,181.00,52.00,21.00,1,2,-1,-1
3563,383,444.00,184.00,48.00,18.00,1,2,-1,-1
3564,385,35.00,181.00,50.00,21.00,1,2,-1,-1
3564,384,270.00,181.00,52.00,21.00,1,2,-1,-1
3564,383,444.00,183.00,48.00,19.00,1,2,-1,-1
3565,385,37.00,181.00,48.00,21.00,1,2,-1,-1
3565,384,270.00,181.00,52.00,21.00,1,2,-1,-1
3565,383,444.00,183.00,48.00,18.00,1,2,-1,-1
3566,385,38.00,181.00,47.00,21.00,1,2,-1,-1
3566,384,271.00,181.00,51.00,22.00,1,2,-1,-1
3566,383,444.00,183.00,48.00,18.00,1,2,-1,-1
3567,385,35.00,181.00,50.00,21.00,1,2,-1,-1
3567,384,271.00,181.00,51.00,21.00,1,2,-1,-1
3567,383,444.00,184.00,48.00,17.00,1,2,-1,-1
3568,384,271.00,181.00,51.00,22.00,1,2,-1,-1
3568,385,38.00,181.00,47.00,22.00,1,2,-1,-1
3568,383,446.00,184.00,47.00,17.00,1,2,-1,-1
3569,385,32.00,181.00,54.00,22.00,1,2,-1,-1
3569,384,272.00,181.00,50.00,22.00,1,2,-1,-1
3569,383,446.00,184.00,47.00,17.00,1,2,-1,-1
3570,385,39.00,182.00,47.00,21.00,1,2,-1,-1
3570,383,445.00,184.00,48.00,18.00,1,2,-1,-1
3570,384,272.00,181.00,51.00,22.00,1,2,-1,-1
3571,384,271.00,182.00,52.00,21.00,1,2,-1,-1
3571,385,32.00,182.00,54.00,22.00,1,2,-1,-1
3571,383,446.00,184.00,48.00,18.00,1,2,-1,-1
3572,385,32.00,182.00,54.00,22.00,1,2,-1,-1
3572,384,271.00,182.00,52.00,21.00,1,2,-1,-1
3572,383,446.00,184.00,48.00,18.00,1,2,-1,-1
3573,383,446.00,184.00,48.00,18.00,1,2,-1,-1
3573,384,273.00,181.00,51.00,23.00,1,2,-1,-1
3573,385,34.00,182.00,53.00,22.00,1,2,-1,-1
3574,383,448.00,184.00,47.00,18.00,1,2,-1,-1
3574,384,273.00,182.00,52.00,22.00,1,2,-1,-1
3574,385,32.00,182.00,56.00,22.00,1,2,-1,-1
3575,383,448.00,184.00,48.00,18.00,1,2,-1,-1
3575,385,37.00,182.00,51.00,22.00,1,2,-1,-1
3575,384,274.00,182.00,51.00,22.00,1,2,-1,-1
3576,385,35.00,183.00,53.00,21.00,1,2,-1,-1
3576,383,448.00,184.00,48.00,18.00,1,2,-1,-1
3576,384,274.00,182.00,51.00,22.00,1,2,-1,-1
3577,383,448.00,184.00,48.00,18.00,1,2,-1,-1
3577,385,37.00,183.00,51.00,21.00,1,2,-1,-1
3577,384,274.00,182.00,52.00,22.00,1,2,-1,-1
3578,383,448.00,184.00,48.00,18.00,1,2,-1,-1
3578,385,33.00,183.00,56.00,22.00,1,2,-1,-1
3578,384,274.00,182.00,52.00,22.00,1,2,-1,-1
3579,383,448.00,184.00,48.00,18.00,1,2,-1,-1
3579,385,38.00,183.00,51.00,22.00,1,2,-1,-1
3579,384,275.00,183.00,51.00,21.00,1,2,-1,-1
3580,383,444.00,184.00,54.00,19.00,1,2,-1,-1
3580,385,38.00,183.00,52.00,21.00,1,2,-1,-1
3580,384,275.00,182.00,51.00,22.00,1,2,-1,-1
3581,383,441.00,184.00,57.00,19.00,1,2,-1,-1
3581,385,38.00,183.00,52.00,22.00,1,2,-1,-1
3581,384,276.00,183.00,50.00,21.00,1,2,-1,-1
3582,383,441.00,184.00,57.00,19.00,1,2,-1,-1
3582,385,39.00,183.00,51.00,21.00,1,2,-1,-1
3582,384,276.00,183.00,51.00,22.00,1,2,-1,-1
3583,385,34.00,183.00,57.00,22.00,1,2,-1,-1
3583,383,440.00,184.00,59.00,19.00,1,2,-1,-1
3583,384,276.00,182.00,51.00,23.00,1,2,-1,-1
3584,385,42.00,184.00,49.00,21.00,1,2,-1,-1
3584,383,444.00,184.00,55.00,19.00,1,2,-1,-1
3584,384,276.00,182.00,52.00,23.00,1,2,-1,-1
3585,385,43.00,184.00,48.00,21.00,1,2,-1,-1
3585,383,449.00,184.00,49.00,19.00,1,2,-1,-1
3585,384,276.00,182.00,52.00,23.00,1,2,-1,-1
3586,383,448.00,184.00,50.00,19.00,1,2,-1,-1
3586,385,44.00,184.00,47.00,22.00,1,2,-1,-1
3586,384,276.00,182.00,52.00,24.00,1,2,-1,-1
3587,402,565.00,186.00,43.00,19.00,1,2,-1,-1
3587,383,450.00,184.00,48.00,20.00,1,2,-1,-1
3587,385,44.00,184.00,47.00,22.00,1,2,-1,-1
3587,384,276.00,182.00,52.00,24.00,1,2,-1,-1
3588,383,451.00,184.00,48.00,20.00,1,2,-1,-1
3588,385,44.00,185.00,47.00,21.00,1,2,-1,-1
3588,384,277.00,182.00,51.00,24.00,1,2,-1,-1
3589,383,451.00,184.00,48.00,20.00,1,2,-1,-1
3589,385,45.00,185.00,46.00,22.00,1,2,-1,-1
3589,384,277.00,183.00,51.00,23.00,1,2,-1,-1
3590,383,451.00,184.00,48.00,20.00,1,2,-1,-1
3590,385,45.00,185.00,46.00,22.00,1,2,-1,-1
3590,384,277.00,183.00,51.00,23.00,1,2,-1,-1
3591,383,452.00,184.00,48.00,20.00,1,2,-1,-1
3591,384,277.00,183.00,51.00,23.00,1,2,-1,-1
3591,385,45.00,185.00,47.00,22.00,1,2,-1,-1
3592,383,451.00,184.00,49.00,20.00,1,2,-1,-1
3592,384,277.00,183.00,52.00,23.00,1,2,-1,-1
3592,385,46.00,185.00,46.00,22.00,1,2,-1,-1
3593,384,278.00,183.00,51.00,23.00,1,2,-1,-1
3593,383,452.00,184.00,48.00,20.00,1,2,-1,-1
3593,385,46.00,185.00,46.00,22.00,1,2,-1,-1
3594,384,278.00,184.00,51.00,22.00,1,2,-1,-1
3594,383,452.00,184.00,48.00,20.00,1,2,-1,-1
3594,385,46.00,185.00,46.00,22.00,1,2,-1,-1
3595,403,566.00,186.00,42.00,20.00,1,2,-1,-1
3595,384,277.00,184.00,52.00,22.00,1,2,-1,-1
3595,383,452.00,184.00,48.00,20.00,1,2,-1,-1
3595,385,46.00,185.00,46.00,22.00,1,2,-1,-1
3596,384,277.00,184.00,53.00,22.00,1,2,-1,-1
3596,383,452.00,184.00,48.00,21.00,1,2,-1,-1
3596,385,46.00,186.00,47.00,21.00,1,2,-1,-1
3597,404,566.00,186.00,43.00,20.00,1,2,-1,-1
3597,384,277.00,184.00,53.00,23.00,1,2,-1,-1
3597,383,453.00,185.00,47.00,19.00,1,2,-1,-1
3597,385,46.00,186.00,47.00,21.00,1,2,-1,-1
3598,404,566.00,186.00,44.00,20.00,1,2,-1,-1
3598,384,278.00,183.00,52.00,24.00,1,2,-1,-1
3598,383,452.00,185.00,48.00,20.00,1,2,-1,-1
3598,385,46.00,186.00,47.00,22.00,1,2,-1,-1
3599,404,566.00,186.00,43.00,20.00,1,2,-1,-1
3599,384,277.00,184.00,53.00,23.00,1,2,-1,-1
3599,385,43.00,186.00,50.00,22.00,1,2,-1,-1
3599,383,452.00,185.00,48.00,20.00,1,2,-1,-1
3600,404,566.00,187.00,44.00,19.00,1,2,-1,-1
3600,384,278.00,184.00,52.00,23.00,1,2,-1,-1
3600,385,44.00,186.00,49.00,22.00,1,2,-1,-1
3600,383,453.00,185.00,47.00,20.00,1,2,-1,-1
3601,404,566.00,187.00,44.00,19.00,1,2,-1,-1
3601,384,278.00,184.00,52.00,23.00,1,2,-1,-1
3601,385,42.00,187.00,51.00,21.00,1,2,-1,-1
3601,383,452.00,184.00,48.00,21.00,1,2,-1,-1
3602,384,278.00,184.00,52.00,23.00,1,2,-1,-1
3602,385,45.00,186.00,48.00,22.00,1,2,-1,-1
3602,383,452.00,186.00,48.00,19.00,1,2,-1,-1
3603,384,278.00,186.00,52.00,21.00,1,2,-1,-1
3603,385,46.00,187.00,47.00,21.00,1,2,-1,-1
3603,383,452.00,186.00,48.00,19.00,1,2,-1,-1
3604,385,46.00,187.00,47.00,21.00,1,2,-1,-1
3604,384,279.00,185.00,52.00,22.00,1,2,-1,-1
3604,383,452.00,186.00,49.00,19.00,1,2,-1,-1
3605,384,279.00,184.00,52.00,23.00,1,2,-1,-1
3605,385,46.00,186.00,47.00,22.00,1,2,-1,-1
3605,383,450.00,185.00,51.00,20.00,1,2,-1,-1
3606,385,46.00,187.00,48.00,21.00,1,2,-1,-1
3606,384,279.00,185.00,52.00,22.00,1,2,-1,-1
3606,383,450.00,185.00,51.00,20.00,1,2,-1,-1
3607,384,279.00,185.00,52.00,22.00,1,2,-1,-1
3607,383,450.00,186.00,51.00,19.00,1,2,-1,-1
3607,385,46.00,186.00,48.00,22.00,1,2,-1,-1
3608,384,279.00,184.00,52.00,23.00,1,2,-1,-1
3608,385,47.00,187.00,47.00,21.00,1,2,-1,-1
3608,383,451.00,186.00,51.00,19.00,1,2,-1,-1
3609,385,42.00,187.00,52.00,21.00,1,2,-1,-1
3609,383,450.00,186.00,52.00,19.00,1,2,-1,-1
3609,384,280.00,185.00,52.00,22.00,1,2,-1,-1
3610,385,47.00,187.00,48.00,21.00,1,2,-1,-1
3610,383,450.00,186.00,52.00,19.00,1,2,-1,-1
3610,384,280.00,184.00,52.00,23.00,1,2,-1,-1
3611,385,49.00,186.00,46.00,22.00,1,2,-1,-1
3611,383,452.00,185.00,50.00,20.00,1,2,-1,-1
3611,384,280.00,184.00,52.00,23.00,1,2,-1,-1
3612,385,49.00,185.00,46.00,22.00,1,2,-1,-1
3612,383,454.00,185.00,48.00,19.00,1,2,-1,-1
3612,384,280.00,184.00,52.00,22.00,1,2,-1,-1
3613,383,453.00,184.00,50.00,20.00,1,2,-1,-1
3613,385,49.00,184.00,46.00,23.00,1,2,-1,-1
3613,384,280.00,183.00,52.00,23.00,1,2,-1,-1
3614,385,49.00,184.00,46.00,22.00,1,2,-1,-1
3614,383,456.00,183.00,47.00,20.00,1,2,-1,-1
3614,384,281.00,182.00,51.00,23.00,1,2,-1,-1
3615,383,457.00,182.00,46.00,20.00,1,2,-1,-1
3615,385,49.00,183.00,47.00,22.00,1,2,-1,-1
3615,384,280.00,182.00,52.00,22.00,1,2,-1,-1
3616,383,456.00,182.00,48.00,20.00,1,2,-1,-1
3616,384,280.00,182.00,52.00,21.00,1,2,-1,-1
3616,385,33.00,182.00,63.00,22.00,1,2,-1,-1
3617,383,452.00,182.00,51.00,19.00,1,2,-1,-1
3617,385,35.00,182.00,61.00,21.00,1,2,-1,-1
3617,384,280.00,181.00,52.00,21.00,1,2,-1,-1
3618,383,456.00,181.00,48.00,19.00,1,2,-1,-1
3618,385,40.00,181.00,56.00,22.00,1,2,-1,-1
3618,384,280.00,180.00,52.00,22.00,1,2,-1,-1
3619,383,454.00,180.00,50.00,20.00,1,2,-1,-1
3619,385,49.00,180.00,48.00,22.00,1,2,-1,-1
3619,384,280.00,180.00,52.00,21.00,1,2,-1,-1
3620,383,452.00,180.00,52.00,19.00,1,2,-1,-1
3620,385,41.00,179.00,55.00,22.00,1,2,-1,-1
3620,384,281.00,179.00,51.00,22.00,1,2,-1,-1
3621,383,453.00,179.00,51.00,19.00,1,2,-1,-1
3621,385,51.00,179.00,45.00,21.00,1,2,-1,-1
3621,384,281.00,179.00,52.00,21.00,1,2,-1,-1
3622,383,458.00,179.00,46.00,19.00,1,2,-1,-1
3622,385,34.00,178.00,63.00,22.00,1,2,-1,-1
3622,384,282.00,178.00,52.00,22.00,1,2,-1,-1
3623,385,43.00,178.00,54.00,22.00,1,2,-1,-1
3623,383,458.00,178.00,46.00,20.00,1,2,-1,-1
3623,384,281.00,178.00,53.00,22.00,1,2,-1,-1
3624,385,37.00,178.00,59.00,22.00,1,2,-1,-1
3624,383,458.00,177.00,46.00,21.00,1,2,-1,-1
3624,384,282.00,177.00,52.00,22.00,1,2,-1,-1
3625,385,49.00,178.00,47.00,21.00,1,2,-1,-1
3625,383,458.00,177.00,46.00,21.00,1,2,-1,-1
3625,384,282.00,177.00,52.00,22.00,1,2,-1,-1
3626,385,48.00,177.00,48.00,22.00,1,2,-1,-1
3626,383,457.00,177.00,47.00,21.00,1,2,-1,-1
3626,384,282.00,177.00,52.00,22.00,1,2,-1,-1
3627,385,49.00,177.00,48.00,22.00,1,2,-1,-1
3627,383,457.00,177.00,47.00,20.00,1,2,-1,-1
3627,384,281.00,176.00,53.00,23.00,1,2,-1,-1
3628,383,456.00,176.00,48.00,21.00,1,2,-1,-1
3628,385,50.00,176.00,47.00,23.00,1,2,-1,-1
3628,384,281.00,175.00,53.00,24.00,1,2,-1,-1
3629,385,48.00,176.00,49.00,22.00,1,2,-1,-1
3629,383,457.00,175.00,47.00,22.00,1,2,-1,-1
3629,384,281.00,175.00,53.00,23.00,1,2,-1,-1
3630,385,48.00,176.00,49.00,22.00,1,2,-1,-1
3630,383,457.00,176.00,47.00,21.00,1,2,-1,-1
3630,384,281.00,176.00,53.00,22.00,1,2,-1,-1
3631,385,48.00,176.00,49.00,22.00,1,2,-1,-1
3631,383,457.00,176.00,47.00,20.00,1,2,-1,-1
3631,384,281.00,175.00,53.00,23.00,1,2,-1,-1
3632,385,49.00,176.00,48.00,22.00,1,2,-1,-1
3632,383,457.00,175.00,47.00,21.00,1,2,-1,-1
3632,384,281.00,175.00,53.00,23.00,1,2,-1,-1
3633,405,530.00,128.00,48.00,19.00,1,2,-1,-1
3633,385,48.00,176.00,49.00,22.00,1,2,-1,-1
3633,383,457.00,175.00,47.00,21.00,1,2,-1,-1
3633,384,282.00,175.00,52.00,23.00,1,2,-1,-1
3634,405,530.00,128.00,48.00,18.00,1,2,-1,-1
3634,383,457.00,175.00,48.00,21.00,1,2,-1,-1
3634,385,47.00,176.00,50.00,22.00,1,2,-1,-1
3634,384,282.00,175.00,52.00,23.00,1,2,-1,-1
3635,405,530.00,127.00,48.00,19.00,1,2,-1,-1
3635,383,457.00,175.00,48.00,20.00,1,2,-1,-1
3635,385,48.00,176.00,49.00,22.00,1,2,-1,-1
3635,384,282.00,174.00,52.00,24.00,1,2,-1,-1
3636,405,529.00,127.00,50.00,18.00,1,2,-1,-1
3636,383,458.00,176.00,47.00,19.00,1,2,-1,-1
3636,385,51.00,176.00,46.00,22.00,1,2,-1,-1
3636,384,282.00,174.00,52.00,23.00,1,2,-1,-1
3637,405,529.00,126.00,51.00,18.00,1,2,-1,-1
3637,383,458.00,174.00,47.00,21.00,1,2,-1,-1
3637,385,50.00,175.00,48.00,23.00,1,2,-1,-1
3637,384,282.00,174.00,53.00,23.00,1,2,-1,-1
3638,405,530.00,126.00,50.00,18.00,1,2,-1,-1
3638,383,458.00,175.00,47.00,19.00,1,2,-1,-1
3638,385,50.00,175.00,48.00,23.00,1,2,-1,-1
3638,384,282.00,174.00,54.00,22.00,1,2,-1,-1
3639,405,530.00,126.00,50.00,18.00,1,2,-1,-1
3639,383,458.00,174.00,47.00,20.00,1,2,-1,-1
3639,385,50.00,175.00,48.00,22.00,1,2,-1,-1
3639,384,282.00,174.00,54.00,22.00,1,2,-1,-1
3640,385,51.00,175.00,47.00,22.00,1,2,-1,-1
3640,383,458.00,174.00,48.00,19.00,1,2,-1,-1
3640,384,283.00,174.00,53.00,22.00,1,2,-1,-1
3641,406,530.00,124.00,50.00,19.00,1,2,-1,-1
3641,383,458.00,173.00,48.00,20.00,1,2,-1,-1
3641,385,49.00,175.00,49.00,22.00,1,2,-1,-1
3641,384,283.00,173.00,52.00,22.00,1,2,-1,-1
3642,406,530.00,124.00,51.00,19.00,1,2,-1,-1
3642,383,460.00,172.00,46.00,20.00,1,2,-1,-1
3642,385,51.00,174.00,48.00,22.00,1,2,-1,-1
3642,384,283.00,173.00,52.00,22.00,1,2,-1,-1
3643,406,530.00,123.00,52.00,19.00,1,2,-1,-1
3643,383,458.00,172.00,48.00,20.00,1,2,-1,-1
3643,385,50.00,174.00,48.00,22.00,1,2,-1,-1
3643,384,283.00,172.00,53.00,22.00,1,2,-1,-1
3644,406,530.00,123.00,52.00,19.00,1,2,-1,-1
3644,383,452.00,173.00,56.00,19.00,1,2,-1,-1
3644,385,38.00,174.00,61.00,22.00,1,2,-1,-1
3644,384,283.00,172.00,53.00,22.00,1,2,-1,-1
3645,406,530.00,123.00,52.00,19.00,1,2,-1,-1
3645,383,458.00,173.00,49.00,18.00,1,2,-1,-1
3645,385,45.00,174.00,54.00,22.00,1,2,-1,-1
3645,384,283.00,172.00,53.00,22.00,1,2,-1,-1
3646,406,530.00,123.00,52.00,19.00,1,2,-1,-1
3646,385,41.00,174.00,58.00,22.00,1,2,-1,-1
3646,383,452.00,172.00,55.00,19.00,1,2,-1,-1
3646,384,283.00,172.00,53.00,22.00,1,2,-1,-1
3647,406,530.00,123.00,52.00,18.00,1,2,-1,-1
3647,385,40.00,174.00,59.00,22.00,1,2,-1,-1
3647,383,449.00,172.00,58.00,19.00,1,2,-1,-1
3647,384,284.00,172.00,52.00,22.00,1,2,-1,-1
3648,406,530.00,123.00,51.00,19.00,1,2,-1,-1
3648,385,47.00,174.00,52.00,22.00,1,2,-1,-1
3648,383,449.00,172.00,58.00,19.00,1,2,-1,-1
3648,384,284.00,172.00,52.00,22.00,1,2,-1,-1
3649,406,530.00,123.00,51.00,18.00,1,2,-1,-1
3649,385,42.00,174.00,57.00,22.00,1,2,-1,-1
3649,383,449.00,172.00,58.00,19.00,1,2,-1,-1
3649,384,283.00,172.00,53.00,22.00,1,2,-1,-1
3650,406,530.00,123.00,52.00,18.00,1,2,-1,-1
3650,385,40.00,174.00,59.00,22.00,1,2,-1,-1
3650,383,449.00,172.00,58.00,19.00,1,2,-1,-1
3650,384,283.00,172.00,53.00,22.00,1,2,-1,-1
3651,406,530.00,123.00,52.00,18.00,1,2,-1,-1
3651,385,44.00,174.00,55.00,22.00,1,2,-1,-1
3651,383,448.00,172.00,59.00,19.00,1,2,-1,-1
3651,384,283.00,172.00,53.00,22.00,1,2,-1,-1
3652,406,530.00,123.00,52.00,18.00,1,2,-1,-1
3652,385,41.00,174.00,58.00,22.00,1,2,-1,-1
3652,383,448.00,172.00,59.00,19.00,1,2,-1,-1
3652,384,283.00,172.00,53.00,22.00,1,2,-1,-1
3653,406,530.00,123.00,51.00,18.00,1,2,-1,-1
3653,385,37.00,174.00,62.00,22.00,1,2,-1,-1
3653,383,448.00,172.00,59.00,19.00,1,2,-1,-1
3653,384,282.00,172.00,54.00,22.00,1,2,-1,-1
3654,406,530.00,123.00,51.00,18.00,1,2,-1,-1
3654,383,450.00,172.00,57.00,19.00,1,2,-1,-1
3654,385,36.00,174.00,63.00,22.00,1,2,-1,-1
3654,384,282.00,171.00,54.00,23.00,1,2,-1,-1
3655,406,530.00,123.00,51.00,18.00,1,2,-1,-1
3655,385,35.00,174.00,64.00,22.00,1,2,-1,-1
3655,383,448.00,172.00,58.00,19.00,1,2,-1,-1
3655,384,282.00,172.00,54.00,22.00,1,2,-1,-1
3656,406,530.00,123.00,50.00,18.00,1,2,-1,-1
3656,385,37.00,174.00,62.00,22.00,1,2,-1,-1
3656,383,450.00,172.00,56.00,19.00,1,2,-1,-1
3656,384,282.00,172.00,53.00,22.00,1,2,-1,-1
3657,383,448.00,172.00,58.00,19.00,1,2,-1,-1
3657,385,36.00,174.00,63.00,22.00,1,2,-1,-1
3657,384,282.00,172.00,53.00,22.00,1,2,-1,-1
3658,385,34.00,174.00,64.00,22.00,1,2,-1,-1
3658,383,447.00,172.00,59.00,19.00,1,2,-1,-1
3658,384,282.00,172.00,53.00,22.00,1,2,-1,-1
3659,385,33.00,174.00,65.00,22.00,1,2,-1,-1
3659,383,449.00,173.00,56.00,18.00,1,2,-1,-1
3659,384,282.00,172.00,53.00,22.00,1,2,-1,-1
3660,385,39.00,174.00,59.00,22.00,1,2,-1,-1
3660,383,447.00,172.00,58.00,19.00,1,2,-1,-1
3660,384,281.00,172.00,53.00,22.00,1,2,-1,-1
3661,385,40.00,174.00,57.00,22.00,1,2,-1,-1
3661,383,447.00,172.00,58.00,19.00,1,2,-1,-1
3661,384,281.00,172.00,53.00,22.00,1,2,-1,-1
3662,385,40.00,174.00,57.00,22.00,1,2,-1,-1
3662,383,447.00,172.00,58.00,19.00,1,2,-1,-1
3662,384,281.00,172.00,53.00,22.00,1,2,-1,-1
3663,385,39.00,174.00,58.00,22.00,1,2,-1,-1
3663,383,447.00,172.00,58.00,19.00,1,2,-1,-1
3663,384,281.00,172.00,53.00,22.00,1,2,-1,-1
3664,407,528.00,123.00,52.00,18.00,1,2,-1,-1
3664,385,39.00,174.00,58.00,22.00,1,2,-1,-1
3664,383,447.00,172.00,58.00,19.00,1,2,-1,-1
3664,384,281.00,171.00,53.00,23.00,1,2,-1,-1
3665,385,36.00,174.00,62.00,22.00,1,2,-1,-1
3665,383,447.00,172.00,58.00,18.00,1,2,-1,-1
3665,384,282.00,172.00,52.00,22.00,1,2,-1,-1
3666,385,39.00,174.00,59.00,22.00,1,2,-1,-1
3666,383,447.00,172.00,59.00,19.00,1,2,-1,-1
3666,384,282.00,172.00,53.00,22.00,1,2,-1,-1
3667,385,38.00,174.00,60.00,22.00,1,2,-1,-1
3667,383,447.00,172.00,58.00,19.00,1,2,-1,-1
3667,384,282.00,172.00,52.00,22.00,1,2,-1,-1
3668,385,40.00,174.00,58.00,22.00,1,2,-1,-1
3668,383,448.00,173.00,57.00,18.00,1,2,-1,-1
3668,384,282.00,172.00,52.00,22.00,1,2,-1,-1
3669,385,32.00,174.00,65.00,22.00,1,2,-1,-1
3669,383,447.00,173.00,58.00,18.00,1,2,-1,-1
3669,384,282.00,172.00,52.00,22.00,1,2,-1,-1
3670,385,38.00,174.00,59.00,22.00,1,2,-1,-1
3670,383,448.00,173.00,58.00,18.00,1,2,-1,-1
3670,384,282.00,172.00,52.00,22.00,1,2,-1,-1
3671,385,32.00,174.00,65.00,22.00,1,2,-1,-1
3671,383,448.00,173.00,57.00,18.00,1,2,-1,-1
3671,384,282.00,172.00,52.00,22.00,1,2,-1,-1
3672,385,34.00,174.00,64.00,22.00,1,2,-1,-1
3672,383,448.00,173.00,57.00,18.00,1,2,-1,-1
3672,384,282.00,172.00,52.00,22.00,1,2,-1,-1
3673,408,528.00,123.00,52.00,19.00,1,2,-1,-1
3673,385,36.00,174.00,61.00,22.00,1,2,-1,-1
3673,383,448.00,173.00,58.00,18.00,1,2,-1,-1
3673,384,282.00,172.00,52.00,22.00,1,2,-1,-1
3674,385,37.00,174.00,61.00,21.00,1,2,-1,-1
3674,383,446.00,173.00,60.00,19.00,1,2,-1,-1
3674,384,282.00,172.00,52.00,22.00,1,2,-1,-1
3675,385,40.00,174.00,57.00,22.00,1,2,-1,-1
3675,383,447.00,173.00,59.00,19.00,1,2,-1,-1
3675,384,282.00,172.00,52.00,22.00,1,2,-1,-1
3676,409,528.00,123.00,52.00,19.00,1,2,-1,-1
3676,385,34.00,174.00,64.00,22.00,1,2,-1,-1
3676,383,446.00,173.00,60.00,19.00,1,2,-1,-1
3676,384,281.00,173.00,53.00,21.00,1,2,-1,-1
3677,409,528.00,123.00,52.00,19.00,1,2,-1,-1
3677,385,34.00,174.00,64.00,22.00,1,2,-1,-1
3677,383,446.00,173.00,60.00,19.00,1,2,-1,-1
3677,384,281.00,173.00,53.00,21.00,1,2,-1,-1
3678,385,34.00,174.00,63.00,22.00,1,2,-1,-1
3678,383,446.00,173.00,59.00,19.00,1,2,-1,-1
3678,384,281.00,173.00,53.00,21.00,1,2,-1,-1
3679,385,34.00,174.00,63.00,22.00,1,2,-1,-1
3679,383,446.00,173.00,59.00,19.00,1,2,-1,-1
3679,384,281.00,173.00,53.00,21.00,1,2,-1,-1
3680,385,35.00,174.00,62.00,22.00,1,2,-1,-1
3680,383,446.00,173.00,58.00,19.00,1,2,-1,-1
3680,384,281.00,173.00,53.00,21.00,1,2,-1,-1
3681,385,37.00,175.00,60.00,21.00,1,2,-1,-1
3681,383,448.00,173.00,56.00,19.00,1,2,-1,-1
3681,384,281.00,171.00,52.00,23.00,1,2,-1,-1
3682,385,37.00,175.00,60.00,21.00,1,2,-1,-1
3682,383,448.00,173.00,56.00,19.00,1,2,-1,-1
3682,384,281.00,171.00,52.00,23.00,1,2,-1,-1
3683,385,37.00,175.00,60.00,22.00,1,2,-1,-1
3683,383,448.00,173.00,56.00,19.00,1,2,-1,-1
3683,384,280.00,172.00,53.00,22.00,1,2,-1,-1
3684,385,37.00,175.00,60.00,21.00,1,2,-1,-1
3684,384,280.00,172.00,52.00,22.00,1,2,-1,-1
3684,383,448.00,173.00,56.00,19.00,1,2,-1,-1
3685,410,527.00,124.00,51.00,18.00,1,2,-1,-1
3685,385,37.00,175.00,60.00,21.00,1,2,-1,-1
3685,384,280.00,172.00,52.00,22.00,1,2,-1,-1
3685,383,449.00,173.00,55.00,19.00,1,2,-1,-1
3686,410,528.00,124.00,50.00,18.00,1,2,-1,-1
3686,385,39.00,175.00,58.00,21.00,1,2,-1,-1
3686,384,280.00,172.00,52.00,22.00,1,2,-1,-1
3686,383,448.00,173.00,56.00,18.00,1,2,-1,-1
3687,410,526.00,123.00,50.00,19.00,1,2,-1,-1
3687,385,47.00,175.00,48.00,22.00,1,2,-1,-1
3687,384,280.00,172.00,52.00,22.00,1,2,-1,-1
3687,383,449.00,173.00,54.00,18.00,1,2,-1,-1
3688,410,526.00,124.00,50.00,18.00,1,2,-1,-1
3688,385,44.00,175.00,52.00,22.00,1,2,-1,-1
3688,384,280.00,172.00,52.00,22.00,1,2,-1,-1
3688,383,449.00,173.00,54.00,18.00,1,2,-1,-1
3689,410,526.00,123.00,50.00,19.00,1,2,-1,-1
3689,385,39.00,175.00,57.00,22.00,1,2,-1,-1
3689,383,448.00,173.00,55.00,18.00,1,2,-1,-1
3689,384,280.00,172.00,52.00,22.00,1,2,-1,-1
3690,410,526.00,123.00,50.00,19.00,1,2,-1,-1
3690,385,38.00,175.00,58.00,22.00,1,2,-1,-1
3690,383,448.00,173.00,55.00,18.00,1,2,-1,-1
3690,384,280.00,173.00,52.00,21.00,1,2,-1,-1
3691,385,39.00,175.00,57.00,22.00,1,2,-1,-1
3691,383,448.00,173.00,55.00,18.00,1,2,-1,-1
3691,384,280.00,172.00,52.00,22.00,1,2,-1,-1
3692,411,567.00,174.00,43.00,17.00,1,2,-1,-1
3692,385,40.00,175.00,55.00,21.00,1,2,-1,-1
3692,383,444.00,173.00,58.00,18.00,1,2,-1,-1
3692,384,280.00,172.00,52.00,22.00,1,2,-1,-1
3693,385,42.00,175.00,53.00,22.00,1,2,-1,-1
3693,383,446.00,173.00,56.00,17.00,1,2,-1,-1
3693,384,280.00,172.00,51.00,22.00,1,2,-1,-1
3694,385,45.00,175.00,50.00,22.00,1,2,-1,-1
3694,383,448.00,173.00,54.00,18.00,1,2,-1,-1
3694,384,280.00,172.00,51.00,22.00,1,2,-1,-1
3695,385,45.00,175.00,50.00,22.00,1,2,-1,-1
3695,383,450.00,173.00,52.00,17.00,1,2,-1,-1
3695,384,280.00,172.00,51.00,22.00,1,2,-1,-1
3696,385,44.00,175.00,51.00,22.00,1,2,-1,-1
3696,383,444.00,173.00,58.00,17.00,1,2,-1,-1
3696,384,280.00,171.00,52.00,23.00,1,2,-1,-1
3697,385,37.00,175.00,58.00,21.00,1,2,-1,-1
3697,384,279.00,171.00,53.00,23.00,1,2,-1,-1
3697,383,444.00,172.00,58.00,18.00,1,2,-1,-1
3698,385,39.00,174.00,56.00,22.00,1,2,-1,-1
3698,383,445.00,172.00,57.00,18.00,1,2,-1,-1
3698,384,279.00,171.00,53.00,23.00,1,2,-1,-1
3699,385,40.00,174.00,55.00,22.00,1,2,-1,-1
3699,383,444.00,172.00,58.00,18.00,1,2,-1,-1
3699,384,279.00,171.00,53.00,22.00,1,2,-1,-1
3700,412,566.00,172.00,44.00,18.00,1,2,-1,-1
3700,385,30.00,174.00,64.00,22.00,1,2,-1,-1
3700,383,444.00,172.00,58.00,18.00,1,2,-1,-1
3700,384,279.00,171.00,53.00,23.00,1,2,-1,-1
3701,385,45.00,175.00,49.00,21.00,1,2,-1,-1
3701,383,444.00,171.00,57.00,19.00,1,2,-1,-1
3701,384,278.00,171.00,54.00,23.00,1,2,-1,-1
3702,383,445.00,172.00,56.00,18.00,1,2,-1,-1
3702,385,45.00,175.00,49.00,21.00,1,2,-1,-1
3702,384,279.00,171.00,52.00,23.00,1,2,-1,-1
3703,413,566.00,172.00,43.00,18.00,1,2,-1,-1
3703,385,41.00,174.00,53.00,22.00,1,2,-1,-1
3703,383,450.00,172.00,50.00,17.00,1,2,-1,-1
3703,384,279.00,170.00,52.00,24.00,1,2,-1,-1
3704,413,566.00,172.00,43.00,18.00,1,2,-1,-1
3704,385,45.00,174.00,49.00,22.00,1,2,-1,-1
3704,383,449.00,172.00,51.00,17.00,1,2,-1,-1
3704,384,279.00,171.00,52.00,22.00,1,2,-1,-1
3705,413,566.00,172.00,42.00,18.00,1,2,-1,-1
3705,385,28.00,174.00,65.00,22.00,1,2,-1,-1
3705,383,452.00,171.00,48.00,18.00,1,2,-1,-1
3705,384,278.00,170.00,52.00,23.00,1,2,-1,-1
3706,413,566.00,172.00,43.00,18.00,1,2,-1,-1
3706,385,30.00,174.00,63.00,22.00,1,2,-1,-1
3706,383,450.00,172.00,50.00,17.00,1,2,-1,-1
3706,384,278.00,171.00,52.00,22.00,1,2,-1,-1
3707,413,566.00,172.00,43.00,18.00,1,2,-1,-1
3707,385,38.00,174.00,55.00,22.00,1,2,-1,-1
3707,383,452.00,172.00,48.00,17.00,1,2,-1,-1
3707,384,278.00,170.00,52.00,23.00,1,2,-1,-1
3708,413,566.00,172.00,42.00,17.00,1,2,-1,-1
3708,385,27.00,174.00,66.00,22.00,1,2,-1,-1
3708,383,452.00,172.00,48.00,17.00,1,2,-1,-1
3708,384,277.00,170.00,53.00,23.00,1,2,-1,-1
3709,413,566.00,172.00,42.00,18.00,1,2,-1,-1
3709,385,27.00,174.00,66.00,22.00,1,2,-1,-1
3709,383,451.00,172.00,49.00,17.00,1,2,-1,-1
3709,384,277.00,171.00,53.00,22.00,1,2,-1,-1
3710,413,566.00,172.00,42.00,17.00,1,2,-1,-1
3710,385,37.00,174.00,56.00,22.00,1,2,-1,-1
3710,383,452.00,172.00,48.00,17.00,1,2,-1,-1
3710,384,276.00,171.00,54.00,22.00,1,2,-1,-1
3711,413,565.00,172.00,43.00,17.00,1,2,-1,-1
3711,385,27.00,174.00,66.00,22.00,1,2,-1,-1
3711,383,451.00,172.00,49.00,17.00,1,2,-1,-1
3711,384,276.00,170.00,54.00,23.00,1,2,-1,-1
3712,413,565.00,172.00,43.00,17.00,1,2,-1,-1
3712,385,45.00,174.00,48.00,22.00,1,2,-1,-1
3712,383,451.00,172.00,49.00,17.00,1,2,-1,-1
3712,384,276.00,170.00,54.00,23.00,1,2,-1,-1
3713,413,565.00,172.00,42.00,17.00,1,2,-1,-1
3713,385,39.00,174.00,53.00,22.00,1,2,-1,-1
3713,383,451.00,172.00,48.00,17.00,1,2,-1,-1
3713,384,276.00,170.00,54.00,23.00,1,2,-1,-1
3714,413,564.00,172.00,44.00,17.00,1,2,-1,-1
3714,385,37.00,174.00,56.00,22.00,1,2,-1,-1
3714,383,451.00,172.00,48.00,17.00,1,2,-1,-1
3714,384,276.00,170.00,54.00,24.00,1,2,-1,-1
3715,385,31.00,173.00,62.00,23.00,1,2,-1,-1
3715,383,450.00,172.00,49.00,17.00,1,2,-1,-1
3715,384,275.00,170.00,54.00,24.00,1,2,-1,-1
3716,385,39.00,174.00,54.00,22.00,1,2,-1,-1
3716,383,450.00,172.00,49.00,17.00,1,2,-1,-1
3716,384,275.00,170.00,55.00,24.00,1,2,-1,-1
3717,385,30.00,173.00,63.00,23.00,1,2,-1,-1
3717,383,451.00,172.00,48.00,17.00,1,2,-1,-1
3717,384,276.00,170.00,54.00,24.00,1,2,-1,-1
3718,383,446.00,172.00,53.00,18.00,1,2,-1,-1
3718,385,30.00,174.00,62.00,22.00,1,2,-1,-1
3718,384,276.00,171.00,53.00,23.00,1,2,-1,-1
3719,385,35.00,174.00,57.00,22.00,1,2,-1,-1
3719,383,445.00,172.00,54.00,18.00,1,2,-1,-1
3719,384,276.00,171.00,53.00,23.00,1,2,-1,-1
3720,414,564.00,172.00,44.00,18.00,1,2,-1,-1
3720,383,448.00,172.00,51.00,18.00,1,2,-1,-1
3720,385,37.00,174.00,55.00,22.00,1,2,-1,-1
3720,384,276.00,171.00,53.00,23.00,1,2,-1,-1
3721,383,443.00,172.00,57.00,18.00,1,2,-1,-1
3721,385,34.00,174.00,58.00,22.00,1,2,-1,-1
3721,384,276.00,171.00,53.00,23.00,1,2,-1,-1
3722,415,564.00,173.00,44.00,18.00,1,2,-1,-1
3722,385,34.00,175.00,58.00,22.00,1,2,-1,-1
3722,383,438.00,172.00,62.00,18.00,1,2,-1,-1
3722,384,276.00,172.00,52.00,22.00,1,2,-1,-1
3723,385,37.00,175.00,55.00,22.00,1,2,-1,-1
3723,384,276.00,172.00,52.00,22.00,1,2,-1,-1
3723,383,439.00,173.00,61.00,18.00,1,2,-1,-1
3724,385,44.00,176.00,48.00,21.00,1,2,-1,-1
3724,383,443.00,173.00,57.00,19.00,1,2,-1,-1
3724,384,276.00,171.00,52.00,23.00,1,2,-1,-1
3725,385,38.00,176.00,54.00,22.00,1,2,-1,-1
3725,384,276.00,173.00,52.00,22.00,1,2,-1,-1
3725,383,450.00,173.00,49.00,19.00,1,2,-1,-1
3726,385,36.00,177.00,56.00,21.00,1,2,-1,-1
3726,384,276.00,173.00,52.00,23.00,1,2,-1,-1
3726,383,449.00,174.00,49.00,19.00,1,2,-1,-1
3727,385,35.00,178.00,58.00,21.00,1,2,-1,-1
3727,383,444.00,175.00,55.00,18.00,1,2,-1,-1
3727,384,276.00,174.00,52.00,23.00,1,2,-1,-1
3728,385,41.00,178.00,51.00,22.00,1,2,-1,-1
3728,383,450.00,176.00,48.00,18.00,1,2,-1,-1
3728,384,276.00,175.00,52.00,23.00,1,2,-1,-1
3729,416,523.00,127.00,50.00,18.00,1,2,-1,-1
3729,385,31.00,179.00,61.00,22.00,1,2,-1,-1
3729,383,450.00,176.00,48.00,19.00,1,2,-1,-1
3729,384,275.00,176.00,53.00,23.00,1,2,-1,-1
3730,416,523.00,128.00,50.00,17.00,1,2,-1,-1
3730,383,451.00,177.00,48.00,19.00,1,2,-1,-1
3730,385,38.00,180.00,55.00,23.00,1,2,-1,-1
3730,384,276.00,176.00,52.00,24.00,1,2,-1,-1
3731,383,451.00,179.00,47.00,18.00,1,2,-1,-1
3731,384,276.00,178.00,52.00,22.00,1,2,-1,-1
3731,385,31.00,182.00,60.00,22.00,1,2,-1,-1
3732,385,41.00,184.00,50.00,22.00,1,2,-1,-1
3732,383,451.00,180.00,47.00,18.00,1,2,-1,-1
3732,384,276.00,179.00,51.00,23.00,1,2,-1,-1
3733,417,563.00,182.00,44.00,17.00,1,2,-1,-1
3733,385,43.00,185.00,47.00,22.00,1,2,-1,-1
3733,383,443.00,181.00,56.00,18.00,1,2,-1,-1
3733,384,275.00,180.00,52.00,23.00,1,2,-1,-1
3734,385,43.00,186.00,47.00,22.00,1,2,-1,-1
3734,384,276.00,182.00,52.00,23.00,1,2,-1,-1
3734,383,451.00,182.00,47.00,19.00,1,2,-1,-1
3735,385,40.00,187.00,50.00,22.00,1,2,-1,-1
3735,384,275.00,182.00,53.00,24.00,1,2,-1,-1
3735,383,450.00,183.00,47.00,18.00,1,2,-1,-1
3736,385,36.00,188.00,54.00,22.00,1,2,-1,-1
3736,383,445.00,184.00,52.00,18.00,1,2,-1,-1
3736,384,275.00,184.00,52.00,23.00,1,2,-1,-1
3737,385,33.00,190.00,57.00,21.00,1,2,-1,-1
3737,383,449.00,184.00,47.00,19.00,1,2,-1,-1
3737,384,274.00,184.00,53.00,23.00,1,2,-1,-1
3738,385,34.00,191.00,54.00,21.00,1,2,-1,-1
3738,383,449.00,184.00,48.00,20.00,1,2,-1,-1
3738,384,274.00,185.00,52.00,23.00,1,2,-1,-1
3739,385,40.00,192.00,48.00,21.00,1,2,-1,-1
3739,383,449.00,186.00,47.00,18.00,1,2,-1,-1
3739,384,273.00,186.00,52.00,22.00,1,2,-1,-1
3740,385,41.00,193.00,47.00,21.00,1,2,-1,-1
3740,384,274.00,185.00,51.00,24.00,1,2,-1,-1
3740,383,448.00,186.00,48.00,19.00,1,2,-1,-1
3741,385,28.00,194.00,59.00,20.00,1,2,-1,-1
3741,383,447.00,187.00,48.00,18.00,1,2,-1,-1
3741,384,273.00,186.00,51.00,24.00,1,2,-1,-1
3742,383,444.00,188.00,51.00,18.00,1,2,-1,-1
3742,385,28.00,194.00,59.00,21.00,1,2,-1,-1
3742,384,273.00,188.00,51.00,23.00,1,2,-1,-1
3743,418,560.00,188.00,44.00,18.00,1,2,-1,-1
3743,385,27.00,194.00,60.00,21.00,1,2,-1,-1
3743,383,442.00,188.00,52.00,18.00,1,2,-1,-1
3743,384,272.00,188.00,52.00,23.00,1,2,-1,-1
3744,385,21.00,194.00,66.00,22.00,1,2,-1,-1
3744,419,21.00,194.00,66.00,22.00,1,8,-1,-1
3744,383,442.00,189.00,52.00,18.00,1,2,-1,-1
3744,384,273.00,189.00,51.00,22.00,1,2,-1,-1
3745,385,28.00,194.00,59.00,22.00,1,2,-1,-1
3745,383,444.00,189.00,50.00,18.00,1,2,-1,-1
3745,384,273.00,190.00,51.00,22.00,1,2,-1,-1
3746,420,30.00,194.00,57.00,22.00,1,8,-1,-1
3746,385,29.00,195.00,57.00,21.00,1,2,-1,-1
3746,384,273.00,190.00,50.00,22.00,1,2,-1,-1
3746,383,446.00,190.00,48.00,18.00,1,2,-1,-1
3747,385,29.00,195.00,57.00,21.00,1,2,-1,-1
3747,384,273.00,190.00,50.00,22.00,1,2,-1,-1
3747,383,446.00,190.00,48.00,18.00,1,2,-1,-1
3748,421,516.00,141.00,50.00,17.00,1,2,-1,-1
3748,385,36.00,195.00,50.00,21.00,1,2,-1,-1
3748,384,273.00,190.00,50.00,22.00,1,2,-1,-1
3748,383,446.00,190.00,47.00,18.00,1,2,-1,-1
3749,421,516.00,141.00,50.00,18.00,1,2,-1,-1
3749,384,271.00,191.00,52.00,22.00,1,2,-1,-1
3749,385,35.00,195.00,51.00,21.00,1,2,-1,-1
3749,383,446.00,191.00,48.00,18.00,1,2,-1,-1
3750,385,35.00,195.00,51.00,21.00,1,2,-1,-1
3750,384,271.00,192.00,51.00,21.00,1,2,-1,-1
3750,383,447.00,192.00,45.00,17.00,1,2,-1,-1
3751,384,271.00,192.00,50.00,22.00,1,2,-1,-1
3751,385,37.00,195.00,48.00,21.00,1,2,-1,-1
3751,383,446.00,192.00,46.00,17.00,1,2,-1,-1
3752,422,514.00,142.00,50.00,18.00,1,2,-1,-1
3752,385,33.00,195.00,51.00,22.00,1,2,-1,-1
3752,384,270.00,192.00,51.00,22.00,1,2,-1,-1
3752,383,446.00,192.00,46.00,18.00,1,2,-1,-1
