188,1,600.00,354.00,618.00,297.00,1,1,-1,-1
189,1,558.00,372.00,564.00,291.00,1,1,-1,-1
190,1,486.00,354.00,621.00,318.00,1,1,-1,-1
191,1,462.00,348.00,642.00,330.00,1,1,-1,-1
192,1,465.00,348.00,639.00,330.00,1,1,-1,-1
193,1,369.00,339.00,738.00,348.00,1,1,-1,-1
194,1,333.00,342.00,762.00,342.00,1,1,-1,-1
195,1,282.00,339.00,804.00,351.00,1,1,-1,-1
196,1,246.00,342.00,846.00,339.00,1,1,-1,-1
197,1,243.00,345.00,849.00,345.00,1,1,-1,-1
198,1,243.00,345.00,849.00,345.00,1,1,-1,-1
199,1,237.00,354.00,843.00,336.00,1,1,-1,-1
200,1,237.00,351.00,852.00,342.00,1,1,-1,-1
201,1,234.00,336.00,846.00,354.00,1,1,-1,-1
202,1,222.00,342.00,861.00,351.00,1,1,-1,-1
203,1,222.00,348.00,816.00,348.00,1,1,-1,-1
204,1,222.00,348.00,816.00,348.00,1,1,-1,-1
205,1,216.00,348.00,768.00,351.00,1,1,-1,-1
206,1,207.00,357.00,729.00,342.00,1,1,-1,-1
207,1,204.00,354.00,681.00,351.00,1,1,-1,-1
208,1,198.00,354.00,630.00,348.00,1,1,-1,-1
208,2,903.00,498.00,165.00,126.00,1,1,-1,-1
209,1,183.00,348.00,597.00,354.00,1,1,-1,-1
209,2,846.00,489.00,222.00,150.00,1,1,-1,-1
210,1,183.00,348.00,597.00,354.00,1,1,-1,-1
210,2,846.00,489.00,222.00,150.00,1,1,-1,-1
211,1,180.00,345.00,546.00,360.00,1,1,-1,-1
211,2,795.00,489.00,261.00,147.00,1,1,-1,-1
212,1,159.00,333.00,522.00,360.00,1,1,-1,-1
212,2,744.00,477.00,300.00,159.00,1,1,-1,-1
213,1,162.00,336.00,456.00,357.00,1,1,-1,-1
213,2,681.00,372.00,363.00,285.00,1,1,-1,-1
214,1,159.00,339.00,405.00,339.00,1,1,-1,-1
214,2,612.00,336.00,432.00,324.00,1,1,-1,-1
215,1,138.00,339.00,372.00,327.00,1,1,-1,-1
215,2,561.00,333.00,471.00,336.00,1,1,-1,-1
216,1,138.00,339.00,375.00,324.00,1,1,-1,-1
216,2,561.00,333.00,471.00,336.00,1,1,-1,-1
217,1,135.00,351.00,324.00,312.00,1,1,-1,-1
217,2,519.00,336.00,504.00,339.00,1,1,-1,-1
218,1,135.00,420.00,255.00,219.00,1,1,-1,-1
218,2,462.00,330.00,564.00,342.00,1,1,-1,-1
219,1,123.00,474.00,219.00,162.00,1,1,-1,-1
219,2,414.00,330.00,606.00,348.00,1,1,-1,-1
220,1,117.00,525.00,153.00,105.00,1,1,-1,-1
220,2,336.00,330.00,666.00,354.00,1,1,-1,-1
221,2,303.00,324.00,699.00,360.00,1,1,-1,-1
222,2,303.00,324.00,699.00,360.00,1,1,-1,-1
223,2,246.00,324.00,744.00,354.00,1,1,-1,-1
224,2,198.00,333.00,795.00,354.00,1,1,-1,-1
225,2,144.00,327.00,849.00,360.00,1,1,-1,-1
226,2,102.00,321.00,876.00,372.00,1,1,-1,-1
227,2,90.00,318.00,876.00,381.00,1,1,-1,-1
228,2,90.00,318.00,873.00,381.00,1,1,-1,-1
229,2,90.00,315.00,840.00,378.00,1,1,-1,-1
230,2,93.00,318.00,876.00,378.00,1,1,-1,-1
231,2,102.00,318.00,888.00,378.00,1,1,-1,-1
232,2,111.00,312.00,903.00,390.00,1,1,-1,-1
233,2,105.00,306.00,870.00,402.00,1,1,-1,-1
234,2,105.00,306.00,870.00,402.00,1,1,-1,-1
235,2,120.00,303.00,834.00,402.00,1,1,-1,-1
236,2,120.00,318.00,873.00,381.00,1,1,-1,-1
237,2,114.00,315.00,939.00,399.00,1,1,-1,-1
238,2,612.00,339.00,447.00,378.00,1,1,-1,-1
238,3,129.00,321.00,525.00,360.00,1,1,-1,-1
239,2,564.00,318.00,504.00,399.00,1,1,-1,-1
239,3,129.00,312.00,543.00,378.00,1,1,-1,-1
240,2,564.00,318.00,504.00,399.00,1,1,-1,-1
240,3,129.00,312.00,546.00,375.00,1,1,-1,-1
241,3,132.00,300.00,927.00,417.00,1,1,-1,-1
242,3,132.00,306.00,930.00,408.00,1,1,-1,-1
243,3,126.00,294.00,510.00,372.00,1,1,-1,-1
243,4,639.00,309.00,429.00,402.00,1,1,-1,-1
244,3,126.00,282.00,492.00,405.00,1,1,-1,-1
244,4,600.00,303.00,468.00,405.00,1,1,-1,-1
245,3,132.00,288.00,531.00,414.00,1,1,-1,-1
245,4,570.00,312.00,504.00,399.00,1,1,-1,-1
246,3,132.00,288.00,531.00,414.00,1,1,-1,-1
246,4,570.00,312.00,504.00,399.00,1,1,-1,-1
247,3,129.00,294.00,420.00,426.00,1,1,-1,-1
247,4,543.00,312.00,531.00,396.00,1,1,-1,-1
248,3,126.00,306.00,393.00,378.00,1,1,-1,-1
248,4,498.00,348.00,582.00,357.00,1,1,-1,-1
249,3,177.00,372.00,243.00,261.00,1,1,-1,-1
249,4,408.00,306.00,675.00,402.00,1,1,-1,-1
250,3,159.00,408.00,207.00,240.00,1,1,-1,-1
250,4,375.00,321.00,705.00,384.00,1,1,-1,-1
251,4,303.00,321.00,777.00,393.00,1,1,-1,-1
252,4,303.00,318.00,777.00,393.00,1,1,-1,-1
253,4,201.00,294.00,894.00,429.00,1,1,-1,-1
254,4,177.00,294.00,936.00,417.00,1,1,-1,-1
255,4,207.00,294.00,903.00,420.00,1,1,-1,-1
256,4,216.00,291.00,900.00,405.00,1,1,-1,-1
257,4,180.00,297.00,942.00,399.00,1,1,-1,-1
258,4,180.00,297.00,942.00,399.00,1,1,-1,-1
259,4,174.00,294.00,942.00,405.00,1,1,-1,-1
260,4,168.00,291.00,969.00,411.00,1,1,-1,-1
261,4,159.00,294.00,975.00,405.00,1,1,-1,-1
262,4,162.00,288.00,972.00,408.00,1,1,-1,-1
263,4,156.00,294.00,975.00,396.00,1,1,-1,-1
264,4,156.00,294.00,978.00,396.00,1,1,-1,-1
265,4,156.00,294.00,966.00,405.00,1,1,-1,-1
266,4,153.00,294.00,975.00,414.00,1,1,-1,-1
267,4,141.00,291.00,987.00,417.00,1,1,-1,-1
268,4,126.00,285.00,1005.00,429.00,1,1,-1,-1
269,4,120.00,288.00,1008.00,426.00,1,1,-1,-1
270,4,120.00,285.00,1008.00,429.00,1,1,-1,-1
271,4,114.00,276.00,1011.00,438.00,1,1,-1,-1
272,4,111.00,276.00,1008.00,441.00,1,1,-1,-1
273,4,108.00,291.00,1014.00,423.00,1,1,-1,-1
274,4,108.00,285.00,1023.00,432.00,1,1,-1,-1
275,4,327.00,360.00,567.00,294.00,1,1,-1,-1
276,4,327.00,360.00,567.00,294.00,1,1,-1,-1
277,4,321.00,348.00,567.00,309.00,1,1,-1,-1
278,4,318.00,345.00,570.00,312.00,1,1,-1,-1
279,4,312.00,339.00,576.00,321.00,1,1,-1,-1
279,5,1776.00,57.00,144.00,189.00,1,1,-1,-1
280,4,312.00,339.00,573.00,321.00,1,1,-1,-1
281,4,312.00,339.00,579.00,321.00,1,1,-1,-1
282,4,312.00,339.00,579.00,321.00,1,1,-1,-1
283,4,318.00,336.00,582.00,324.00,1,1,-1,-1
284,4,321.00,336.00,588.00,327.00,1,1,-1,-1
285,4,333.00,333.00,585.00,330.00,1,1,-1,-1
286,4,336.00,339.00,594.00,324.00,1,1,-1,-1
287,4,354.00,336.00,585.00,330.00,1,1,-1,-1
288,4,354.00,336.00,585.00,330.00,1,1,-1,-1
289,4,360.00,336.00,594.00,330.00,1,1,-1,-1
290,4,366.00,336.00,600.00,330.00,1,1,-1,-1
291,4,375.00,327.00,597.00,339.00,1,1,-1,-1
292,4,387.00,321.00,597.00,348.00,1,1,-1,-1
293,4,390.00,324.00,594.00,345.00,1,1,-1,-1
294,4,390.00,324.00,594.00,345.00,1,1,-1,-1
295,4,393.00,315.00,597.00,357.00,1,1,-1,-1
296,4,387.00,327.00,615.00,348.00,1,1,-1,-1
297,4,378.00,330.00,618.00,345.00,1,1,-1,-1
298,4,369.00,339.00,621.00,339.00,1,1,-1,-1
299,4,360.00,339.00,624.00,342.00,1,1,-1,-1
300,4,360.00,339.00,624.00,342.00,1,1,-1,-1
301,4,351.00,339.00,627.00,345.00,1,1,-1,-1
302,4,336.00,333.00,633.00,351.00,1,1,-1,-1
303,4,327.00,330.00,642.00,357.00,1,1,-1,-1
304,4,321.00,327.00,648.00,363.00,1,1,-1,-1
305,4,321.00,324.00,651.00,369.00,1,1,-1,-1
306,4,321.00,324.00,651.00,369.00,1,1,-1,-1
307,4,321.00,324.00,660.00,372.00,1,1,-1,-1
308,4,333.00,324.00,657.00,372.00,1,1,-1,-1
309,4,348.00,333.00,666.00,357.00,1,1,-1,-1
310,4,375.00,315.00,663.00,381.00,1,1,-1,-1
311,4,390.00,291.00,672.00,408.00,1,1,-1,-1
312,4,390.00,291.00,672.00,408.00,1,1,-1,-1
313,4,396.00,318.00,678.00,384.00,1,1,-1,-1
314,4,417.00,294.00,690.00,408.00,1,1,-1,-1
315,4,426.00,294.00,711.00,411.00,1,1,-1,-1
316,4,441.00,282.00,717.00,426.00,1,1,-1,-1
317,4,453.00,312.00,726.00,393.00,1,1,-1,-1
318,4,453.00,312.00,726.00,393.00,1,1,-1,-1
319,4,468.00,240.00,726.00,471.00,1,1,-1,-1
320,4,483.00,249.00,729.00,456.00,1,1,-1,-1
321,4,486.00,204.00,738.00,504.00,1,1,-1,-1
322,4,489.00,234.00,753.00,477.00,1,1,-1,-1
323,4,477.00,210.00,765.00,507.00,1,1,-1,-1
324,4,477.00,213.00,762.00,501.00,1,1,-1,-1
325,4,456.00,198.00,795.00,519.00,1,1,-1,-1
326,4,444.00,207.00,816.00,513.00,1,1,-1,-1
327,4,438.00,201.00,828.00,522.00,1,1,-1,-1
328,4,426.00,195.00,858.00,531.00,1,1,-1,-1
329,4,408.00,192.00,882.00,537.00,1,1,-1,-1
330,4,408.00,192.00,882.00,537.00,1,1,-1,-1
331,4,390.00,102.00,885.00,633.00,1,1,-1,-1
332,4,366.00,198.00,933.00,540.00,1,1,-1,-1
333,4,342.00,225.00,954.00,516.00,1,1,-1,-1
334,4,336.00,207.00,948.00,540.00,1,1,-1,-1
335,4,306.00,222.00,969.00,528.00,1,1,-1,-1
336,4,306.00,222.00,969.00,528.00,1,1,-1,-1
337,4,240.00,72.00,1023.00,684.00,1,1,-1,-1
337,6,1620.00,111.00,300.00,495.00,1,1,-1,-1
338,4,198.00,222.00,1068.00,537.00,1,1,-1,-1
338,6,1542.00,138.00,378.00,471.00,1,1,-1,-1
339,4,162.00,225.00,1086.00,537.00,1,1,-1,-1
339,6,1446.00,141.00,474.00,471.00,1,1,-1,-1
340,4,87.00,195.00,1149.00,576.00,1,1,-1,-1
340,6,1350.00,159.00,570.00,453.00,1,1,-1,-1
341,4,66.00,45.00,1158.00,735.00,1,1,-1,-1
341,6,1254.00,198.00,666.00,411.00,1,1,-1,-1
342,4,66.00,45.00,1158.00,738.00,1,1,-1,-1
342,6,1254.00,198.00,666.00,411.00,1,1,-1,-1
343,4,78.00,180.00,1140.00,597.00,1,1,-1,-1
343,6,1194.00,210.00,630.00,408.00,1,1,-1,-1
344,4,78.00,24.00,1140.00,765.00,1,1,-1,-1
344,7,1626.00,183.00,294.00,261.00,1,1,-1,-1
345,4,66.00,12.00,1170.00,789.00,1,1,-1,-1
345,7,1545.00,144.00,375.00,324.00,1,1,-1,-1
346,4,33.00,39.00,1233.00,762.00,1,1,-1,-1
346,7,1464.00,135.00,450.00,297.00,1,1,-1,-1
347,4,12.00,30.00,1263.00,786.00,1,1,-1,-1
347,7,1335.00,150.00,582.00,453.00,1,1,-1,-1
348,4,12.00,30.00,1260.00,786.00,1,1,-1,-1
348,7,1350.00,153.00,564.00,447.00,1,1,-1,-1
349,4,0.00,42.00,1260.00,780.00,1,1,-1,-1
349,7,1245.00,126.00,666.00,480.00,1,1,-1,-1
350,4,0.00,18.00,1266.00,816.00,1,1,-1,-1
350,7,1200.00,96.00,534.00,390.00,1,1,-1,-1
351,4,0.00,87.00,1296.00,765.00,1,1,-1,-1
351,7,1092.00,150.00,480.00,255.00,1,1,-1,-1
352,4,33.00,63.00,1362.00,807.00,1,1,-1,-1
353,4,21.00,21.00,1437.00,855.00,1,1,-1,-1
354,4,21.00,21.00,1437.00,855.00,1,1,-1,-1
355,4,0.00,54.00,1920.00,828.00,1,1,-1,-1
356,4,0.00,36.00,1116.00,885.00,1,1,-1,-1
357,4,0.00,36.00,1089.00,906.00,1,1,-1,-1
358,4,0.00,21.00,1059.00,933.00,1,1,-1,-1
359,4,6.00,0.00,1026.00,948.00,1,1,-1,-1
360,4,6.00,0.00,1026.00,948.00,1,1,-1,-1
362,4,0.00,0.00,1104.00,978.00,1,1,-1,-1
364,8,3.00,0.00,1905.00,975.00,1,1,-1,-1
369,9,0.00,0.00,1650.00,984.00,1,1,-1,-1
370,9,-0.00,0.00,1830.00,1005.00,1,1,-1,-1
371,9,0.00,0.00,1725.00,1008.00,1,1,-1,-1
372,9,0.00,3.00,1800.00,972.00,1,1,-1,-1
373,9,0.00,3.00,1800.00,975.00,1,1,-1,-1
374,9,0.00,3.00,1833.00,996.00,1,1,-1,-1
375,9,0.00,9.00,1920.00,984.00,1,1,-1,-1
376,9,0.00,15.00,1920.00,984.00,1,1,-1,-1
377,9,0.00,48.00,1920.00,924.00,1,1,-1,-1
378,9,0.00,48.00,1920.00,915.00,1,1,-1,-1
379,9,0.00,51.00,1920.00,912.00,1,1,-1,-1
380,9,3.00,33.00,1917.00,933.00,1,1,-1,-1
381,9,30.00,54.00,1884.00,906.00,1,1,-1,-1
383,9,36.00,27.00,1884.00,921.00,1,1,-1,-1
384,9,18.00,39.00,1902.00,891.00,1,1,-1,-1
402,9,882.00,105.00,1038.00,777.00,1,1,-1,-1
403,9,879.00,105.00,1041.00,777.00,1,1,-1,-1
404,9,843.00,18.00,1077.00,819.00,1,1,-1,-1
405,9,858.00,36.00,1062.00,768.00,1,1,-1,-1
406,9,861.00,-0.00,1059.00,798.00,1,1,-1,-1
407,9,837.00,0.00,1083.00,804.00,1,1,-1,-1
408,9,840.00,0.00,1080.00,768.00,1,1,-1,-1
409,9,840.00,0.00,1080.00,768.00,1,1,-1,-1
410,9,855.00,0.00,1065.00,765.00,1,1,-1,-1
411,9,1020.00,-0.00,900.00,585.00,1,1,-1,-1
412,9,1014.00,-0.00,900.00,582.00,1,1,-1,-1
413,9,846.00,0.00,1074.00,651.00,1,1,-1,-1
416,9,1047.00,0.00,870.00,756.00,1,1,-1,-1
417,9,1005.00,0.00,915.00,741.00,1,1,-1,-1
418,9,1011.00,0.00,903.00,723.00,1,1,-1,-1
419,9,864.00,0.00,1056.00,660.00,1,1,-1,-1
420,9,855.00,0.00,1059.00,552.00,1,1,-1,-1
421,9,858.00,-0.00,1056.00,555.00,1,1,-1,-1
422,9,864.00,0.00,1050.00,591.00,1,1,-1,-1
423,9,870.00,6.00,1050.00,540.00,1,1,-1,-1
424,9,876.00,9.00,1044.00,543.00,1,1,-1,-1
425,9,915.00,27.00,981.00,528.00,1,1,-1,-1
426,9,1062.00,81.00,774.00,468.00,1,1,-1,-1
427,9,1062.00,81.00,777.00,468.00,1,1,-1,-1
429,9,816.00,39.00,948.00,519.00,1,1,-1,-1
485,10,39.00,27.00,1881.00,993.00,1,1,-1,-1
489,11,-0.00,834.00,339.00,195.00,1,1,-1,-1
490,11,-0.00,834.00,339.00,195.00,1,1,-1,-1
491,11,3.00,810.00,333.00,189.00,1,1,-1,-1
491,12,18.00,21.00,1902.00,975.00,1,1,-1,-1
493,12,36.00,21.00,1884.00,981.00,1,1,-1,-1
494,12,36.00,27.00,1884.00,975.00,1,1,-1,-1
494,13,3.00,813.00,339.00,192.00,1,1,-1,-1
495,12,42.00,27.00,1878.00,978.00,1,1,-1,-1
496,12,39.00,27.00,1881.00,981.00,1,1,-1,-1
497,12,15.00,21.00,1905.00,978.00,1,1,-1,-1
503,12,54.00,15.00,1866.00,999.00,1,1,-1,-1
505,14,6.00,816.00,342.00,189.00,1,1,-1,-1
509,15,21.00,27.00,1899.00,1047.00,1,1,-1,-1
510,15,42.00,42.00,1878.00,954.00,1,1,-1,-1
518,16,3.00,807.00,336.00,198.00,1,1,-1,-1
541,16,-0.00,813.00,771.00,267.00,1,1,-1,-1
541,17,936.00,873.00,540.00,165.00,1,1,-1,-1
542,16,6.00,813.00,690.00,267.00,1,1,-1,-1
548,18,3.00,60.00,1917.00,1014.00,1,1,-1,-1
551,19,0.00,831.00,342.00,189.00,1,1,-1,-1
559,20,1476.00,744.00,444.00,234.00,1,1,-1,-1
566,21,3.00,810.00,345.00,216.00,1,1,-1,-1
567,22,942.00,873.00,540.00,162.00,1,1,-1,-1
568,22,942.00,873.00,540.00,159.00,1,1,-1,-1
570,23,6.00,819.00,696.00,261.00,1,1,-1,-1
575,23,3.00,804.00,336.00,201.00,1,1,-1,-1
575,24,927.00,810.00,552.00,210.00,1,1,-1,-1
575,25,1479.00,750.00,441.00,228.00,1,1,-1,-1
576,23,6.00,810.00,699.00,270.00,1,1,-1,-1
577,26,1140.00,246.00,501.00,240.00,1,1,-1,-1
578,26,948.00,243.00,669.00,240.00,1,1,-1,-1
579,26,936.00,243.00,684.00,243.00,1,1,-1,-1
580,26,876.00,243.00,711.00,240.00,1,1,-1,-1
581,26,822.00,249.00,756.00,234.00,1,1,-1,-1
582,26,768.00,252.00,780.00,240.00,1,1,-1,-1
583,26,705.00,249.00,897.00,246.00,1,1,-1,-1
584,26,654.00,240.00,846.00,258.00,1,1,-1,-1
585,26,645.00,240.00,849.00,258.00,1,1,-1,-1
586,26,603.00,225.00,825.00,273.00,1,1,-1,-1
587,26,555.00,207.00,786.00,285.00,1,1,-1,-1
588,26,513.00,192.00,819.00,318.00,1,1,-1,-1
589,26,462.00,186.00,861.00,327.00,1,1,-1,-1
590,26,390.00,180.00,873.00,339.00,1,1,-1,-1
591,26,390.00,180.00,876.00,339.00,1,1,-1,-1
592,26,345.00,177.00,870.00,351.00,1,1,-1,-1
593,26,291.00,174.00,849.00,357.00,1,1,-1,-1
594,26,237.00,168.00,807.00,372.00,1,1,-1,-1
595,26,159.00,171.00,873.00,372.00,1,1,-1,-1
596,26,90.00,174.00,855.00,381.00,1,1,-1,-1
597,26,90.00,174.00,864.00,381.00,1,1,-1,-1
598,26,33.00,180.00,831.00,384.00,1,1,-1,-1
599,26,0.00,171.00,858.00,420.00,1,1,-1,-1
600,26,0.00,189.00,798.00,414.00,1,1,-1,-1
601,26,0.00,201.00,717.00,402.00,1,1,-1,-1
602,26,0.00,213.00,708.00,399.00,1,1,-1,-1
603,26,-0.00,213.00,711.00,399.00,1,1,-1,-1
604,26,-0.00,228.00,603.00,393.00,1,1,-1,-1
605,26,0.00,252.00,477.00,378.00,1,1,-1,-1
606,26,0.00,258.00,429.00,378.00,1,1,-1,-1
607,26,0.00,273.00,348.00,378.00,1,1,-1,-1
608,26,0.00,267.00,297.00,369.00,1,1,-1,-1
609,26,0.00,264.00,288.00,372.00,1,1,-1,-1
610,26,0.00,318.00,276.00,312.00,1,1,-1,-1
611,26,0.00,327.00,294.00,306.00,1,1,-1,-1
627,27,105.00,54.00,1815.00,1002.00,1,1,-1,-1
628,27,102.00,30.00,1818.00,1038.00,1,1,-1,-1
629,27,102.00,30.00,1818.00,1038.00,1,1,-1,-1
646,28,300.00,168.00,39.00,78.00,1,1,-1,-1
647,28,300.00,168.00,39.00,78.00,1,1,-1,-1
650,29,261.00,156.00,33.00,75.00,1,1,-1,-1
657,30,42.00,0.00,1878.00,972.00,1,1,-1,-1
658,30,54.00,9.00,1866.00,975.00,1,1,-1,-1
659,30,51.00,9.00,1869.00,975.00,1,1,-1,-1
660,30,66.00,12.00,1854.00,993.00,1,1,-1,-1
661,30,15.00,12.00,1905.00,996.00,1,1,-1,-1
662,30,30.00,18.00,1890.00,1002.00,1,1,-1,-1
663,30,36.00,30.00,1884.00,969.00,1,1,-1,-1
664,30,54.00,54.00,1866.00,990.00,1,1,-1,-1
665,30,54.00,54.00,1866.00,990.00,1,1,-1,-1
666,30,42.00,48.00,1878.00,996.00,1,1,-1,-1
666,31,33.00,642.00,48.00,108.00,1,1,-1,-1
667,32,786.00,78.00,1062.00,537.00,1,1,-1,-1
668,32,780.00,84.00,1074.00,546.00,1,1,-1,-1
669,32,744.00,93.00,1140.00,552.00,1,1,-1,-1
670,32,702.00,90.00,1194.00,570.00,1,1,-1,-1
671,32,693.00,117.00,1203.00,570.00,1,1,-1,-1
672,32,696.00,117.00,1200.00,570.00,1,1,-1,-1
673,32,540.00,120.00,1350.00,594.00,1,1,-1,-1
674,32,534.00,165.00,1326.00,564.00,1,1,-1,-1
675,32,717.00,234.00,1164.00,507.00,1,1,-1,-1
676,32,729.00,261.00,1119.00,492.00,1,1,-1,-1
677,32,741.00,276.00,1107.00,480.00,1,1,-1,-1
678,32,744.00,276.00,1104.00,480.00,1,1,-1,-1
679,32,801.00,282.00,1050.00,483.00,1,1,-1,-1
680,32,723.00,291.00,1125.00,474.00,1,1,-1,-1
681,32,372.00,270.00,1449.00,486.00,1,1,-1,-1
682,32,528.00,252.00,1320.00,513.00,1,1,-1,-1
683,32,297.00,231.00,1584.00,540.00,1,1,-1,-1
684,32,297.00,231.00,1581.00,540.00,1,1,-1,-1
685,32,282.00,213.00,1599.00,564.00,1,1,-1,-1
686,32,108.00,159.00,1800.00,609.00,1,1,-1,-1
687,32,87.00,132.00,1827.00,660.00,1,1,-1,-1
688,32,36.00,111.00,1884.00,717.00,1,1,-1,-1
688,33,1245.00,165.00,123.00,162.00,1,1,-1,-1
689,32,9.00,108.00,1911.00,708.00,1,1,-1,-1
689,33,1224.00,159.00,120.00,159.00,1,1,-1,-1
690,32,9.00,108.00,1911.00,708.00,1,1,-1,-1
690,33,1224.00,159.00,120.00,159.00,1,1,-1,-1
691,32,6.00,105.00,1914.00,717.00,1,1,-1,-1
692,32,0.00,114.00,1920.00,717.00,1,1,-1,-1
693,32,0.00,108.00,1920.00,735.00,1,1,-1,-1
694,32,33.00,120.00,1887.00,720.00,1,1,-1,-1
695,32,30.00,120.00,1890.00,726.00,1,1,-1,-1
696,32,30.00,120.00,1890.00,726.00,1,1,-1,-1
697,32,0.00,120.00,1866.00,738.00,1,1,-1,-1
698,32,0.00,132.00,1836.00,726.00,1,1,-1,-1
699,32,0.00,147.00,1806.00,717.00,1,1,-1,-1
700,32,-0.00,144.00,1674.00,738.00,1,1,-1,-1
701,32,0.00,144.00,1695.00,750.00,1,1,-1,-1
702,32,0.00,144.00,1695.00,750.00,1,1,-1,-1
703,32,0.00,150.00,1632.00,756.00,1,1,-1,-1
704,32,0.00,168.00,1482.00,756.00,1,1,-1,-1
705,32,0.00,183.00,1485.00,741.00,1,1,-1,-1
706,32,0.00,210.00,1635.00,711.00,1,1,-1,-1
707,32,0.00,225.00,1629.00,699.00,1,1,-1,-1
708,32,0.00,225.00,1632.00,699.00,1,1,-1,-1
709,32,-0.00,252.00,1494.00,684.00,1,1,-1,-1
710,32,0.00,246.00,1428.00,687.00,1,1,-1,-1
711,32,0.00,231.00,1464.00,717.00,1,1,-1,-1
712,32,6.00,234.00,1290.00,723.00,1,1,-1,-1
713,32,-0.00,246.00,1278.00,711.00,1,1,-1,-1
714,32,-0.00,246.00,1278.00,711.00,1,1,-1,-1
715,32,12.00,243.00,1260.00,705.00,1,1,-1,-1
716,32,0.00,252.00,1275.00,693.00,1,1,-1,-1
717,32,0.00,258.00,1290.00,687.00,1,1,-1,-1
718,32,-0.00,276.00,1227.00,660.00,1,1,-1,-1
719,32,0.00,276.00,1212.00,657.00,1,1,-1,-1
720,32,0.00,276.00,1212.00,657.00,1,1,-1,-1
721,32,-0.00,294.00,1158.00,636.00,1,1,-1,-1
722,32,3.00,300.00,1107.00,624.00,1,1,-1,-1
723,32,0.00,315.00,1092.00,603.00,1,1,-1,-1
724,32,0.00,330.00,1062.00,588.00,1,1,-1,-1
725,32,-0.00,348.00,1074.00,573.00,1,1,-1,-1
726,32,0.00,345.00,1077.00,576.00,1,1,-1,-1
727,32,0.00,375.00,1056.00,537.00,1,1,-1,-1
728,32,0.00,390.00,1080.00,516.00,1,1,-1,-1
729,32,-0.00,390.00,1074.00,513.00,1,1,-1,-1
730,32,0.00,402.00,1086.00,495.00,1,1,-1,-1
731,32,-0.00,420.00,1071.00,471.00,1,1,-1,-1
731,34,579.00,390.00,105.00,135.00,1,1,-1,-1
732,32,0.00,417.00,1068.00,474.00,1,1,-1,-1
732,34,579.00,390.00,105.00,135.00,1,1,-1,-1
733,32,6.00,417.00,1047.00,471.00,1,1,-1,-1
733,34,582.00,396.00,102.00,126.00,1,1,-1,-1
734,32,12.00,417.00,1035.00,465.00,1,1,-1,-1
734,34,576.00,396.00,105.00,129.00,1,1,-1,-1
735,32,36.00,411.00,966.00,465.00,1,1,-1,-1
736,32,24.00,405.00,963.00,468.00,1,1,-1,-1
737,32,39.00,405.00,939.00,465.00,1,1,-1,-1
738,32,36.00,405.00,945.00,465.00,1,1,-1,-1
739,32,276.00,411.00,660.00,423.00,1,1,-1,-1
740,32,108.00,396.00,828.00,450.00,1,1,-1,-1
741,32,81.00,381.00,906.00,462.00,1,1,-1,-1
742,32,222.00,402.00,765.00,420.00,1,1,-1,-1
743,32,264.00,420.00,717.00,393.00,1,1,-1,-1
744,32,261.00,420.00,720.00,396.00,1,1,-1,-1
745,32,237.00,417.00,735.00,378.00,1,1,-1,-1
746,32,228.00,423.00,624.00,249.00,1,1,-1,-1
747,32,186.00,420.00,744.00,366.00,1,1,-1,-1
748,32,201.00,432.00,687.00,327.00,1,1,-1,-1
749,32,231.00,426.00,603.00,294.00,1,1,-1,-1
750,32,216.00,420.00,663.00,327.00,1,1,-1,-1
751,32,255.00,429.00,570.00,273.00,1,1,-1,-1
752,32,186.00,441.00,696.00,351.00,1,1,-1,-1
753,32,243.00,441.00,621.00,327.00,1,1,-1,-1
754,32,222.00,444.00,639.00,342.00,1,1,-1,-1
754,35,1800.00,372.00,120.00,108.00,1,1,-1,-1
755,32,231.00,444.00,615.00,336.00,1,1,-1,-1
755,35,1836.00,372.00,84.00,108.00,1,1,-1,-1
756,32,231.00,444.00,615.00,336.00,1,1,-1,-1
756,35,1836.00,372.00,84.00,108.00,1,1,-1,-1
757,32,282.00,444.00,540.00,294.00,1,1,-1,-1
758,32,213.00,444.00,645.00,324.00,1,1,-1,-1
759,32,267.00,444.00,540.00,297.00,1,1,-1,-1
760,32,225.00,444.00,516.00,312.00,1,1,-1,-1
761,32,234.00,441.00,591.00,318.00,1,1,-1,-1
762,32,234.00,441.00,591.00,318.00,1,1,-1,-1
763,32,318.00,450.00,417.00,225.00,1,1,-1,-1
764,32,339.00,459.00,375.00,201.00,1,1,-1,-1
765,32,357.00,444.00,342.00,204.00,1,1,-1,-1
766,32,357.00,447.00,339.00,201.00,1,1,-1,-1
767,32,360.00,450.00,324.00,192.00,1,1,-1,-1
768,32,360.00,450.00,324.00,192.00,1,1,-1,-1
769,32,360.00,453.00,306.00,186.00,1,1,-1,-1
770,36,0.00,0.00,1920.00,1032.00,1,1,-1,-1
771,36,0.00,0.00,1920.00,1038.00,1,1,-1,-1
772,36,0.00,0.00,1920.00,1038.00,1,1,-1,-1
773,36,0.00,0.00,1920.00,1047.00,1,1,-1,-1
774,36,0.00,0.00,1920.00,1062.00,1,1,-1,-1
775,36,0.00,0.00,1920.00,1038.00,1,1,-1,-1
776,36,0.00,0.00,1920.00,1032.00,1,1,-1,-1
777,36,0.00,0.00,1920.00,1026.00,1,1,-1,-1
778,36,0.00,0.00,1920.00,1026.00,1,1,-1,-1
779,36,0.00,0.00,1920.00,1032.00,1,1,-1,-1
780,36,0.00,0.00,1920.00,1020.00,1,1,-1,-1
781,36,0.00,0.00,1920.00,1038.00,1,1,-1,-1
782,36,0.00,0.00,1920.00,1032.00,1,1,-1,-1
783,36,0.00,0.00,1920.00,1029.00,1,1,-1,-1
784,36,0.00,0.00,1920.00,1029.00,1,1,-1,-1
785,36,0.00,-0.00,1920.00,1014.00,1,1,-1,-1
786,36,0.00,0.00,1920.00,1020.00,1,1,-1,-1
787,36,0.00,9.00,1920.00,1005.00,1,1,-1,-1
788,36,0.00,24.00,1920.00,984.00,1,1,-1,-1
789,36,0.00,42.00,1920.00,936.00,1,1,-1,-1
790,36,0.00,45.00,1920.00,933.00,1,1,-1,-1
791,36,0.00,36.00,1920.00,942.00,1,1,-1,-1
792,36,0.00,27.00,1920.00,948.00,1,1,-1,-1
793,36,0.00,-0.00,1920.00,990.00,1,1,-1,-1
794,36,0.00,9.00,1920.00,948.00,1,1,-1,-1
795,36,0.00,12.00,1920.00,945.00,1,1,-1,-1
796,36,0.00,12.00,1920.00,945.00,1,1,-1,-1
797,36,0.00,0.00,1920.00,972.00,1,1,-1,-1
801,36,0.00,-0.00,1920.00,906.00,1,1,-1,-1
802,36,0.00,-0.00,1920.00,906.00,1,1,-1,-1
803,36,0.00,0.00,1920.00,897.00,1,1,-1,-1
804,36,0.00,0.00,1920.00,894.00,1,1,-1,-1
805,36,0.00,-0.00,1920.00,882.00,1,1,-1,-1
806,36,0.00,0.00,1920.00,891.00,1,1,-1,-1
807,36,0.00,-0.00,1920.00,882.00,1,1,-1,-1
808,36,0.00,0.00,1920.00,885.00,1,1,-1,-1
809,36,57.00,0.00,1863.00,876.00,1,1,-1,-1
810,36,108.00,0.00,1806.00,894.00,1,1,-1,-1
811,36,0.00,0.00,1920.00,897.00,1,1,-1,-1
816,36,0.00,0.00,1920.00,894.00,1,1,-1,-1
818,36,12.00,-0.00,1902.00,963.00,1,1,-1,-1
824,36,0.00,0.00,1920.00,897.00,1,1,-1,-1
825,36,0.00,0.00,1920.00,921.00,1,1,-1,-1
826,36,0.00,0.00,1920.00,924.00,1,1,-1,-1
827,36,0.00,114.00,1704.00,906.00,1,1,-1,-1
828,36,0.00,114.00,1722.00,909.00,1,1,-1,-1
829,36,0.00,120.00,1716.00,903.00,1,1,-1,-1
830,36,-0.00,129.00,1758.00,885.00,1,1,-1,-1
831,36,0.00,123.00,1689.00,885.00,1,1,-1,-1
832,36,0.00,123.00,1689.00,885.00,1,1,-1,-1
833,36,6.00,132.00,1653.00,879.00,1,1,-1,-1
834,36,0.00,138.00,1650.00,876.00,1,1,-1,-1
835,36,3.00,141.00,1665.00,864.00,1,1,-1,-1
836,36,0.00,144.00,1662.00,852.00,1,1,-1,-1
837,36,6.00,150.00,1638.00,849.00,1,1,-1,-1
838,36,6.00,150.00,1638.00,849.00,1,1,-1,-1
839,36,0.00,147.00,1599.00,855.00,1,1,-1,-1
840,36,0.00,147.00,1617.00,855.00,1,1,-1,-1
841,36,0.00,150.00,1626.00,843.00,1,1,-1,-1
842,36,-0.00,144.00,1611.00,846.00,1,1,-1,-1
843,36,0.00,147.00,1620.00,837.00,1,1,-1,-1
844,36,0.00,147.00,1623.00,837.00,1,1,-1,-1
845,36,0.00,153.00,1632.00,819.00,1,1,-1,-1
846,36,0.00,162.00,1620.00,810.00,1,1,-1,-1
847,36,0.00,162.00,1650.00,798.00,1,1,-1,-1
848,36,0.00,180.00,1512.00,774.00,1,1,-1,-1
849,36,-0.00,180.00,1491.00,762.00,1,1,-1,-1
850,36,0.00,180.00,1488.00,762.00,1,1,-1,-1
851,36,-0.00,183.00,1611.00,759.00,1,1,-1,-1
852,36,-0.00,195.00,1491.00,735.00,1,1,-1,-1
853,36,0.00,195.00,1497.00,729.00,1,1,-1,-1
854,36,-0.00,201.00,1491.00,717.00,1,1,-1,-1
855,36,0.00,201.00,1524.00,717.00,1,1,-1,-1
856,36,-0.00,201.00,1518.00,717.00,1,1,-1,-1
857,36,0.00,192.00,1482.00,720.00,1,1,-1,-1
858,36,0.00,189.00,1440.00,723.00,1,1,-1,-1
859,36,0.00,189.00,1455.00,723.00,1,1,-1,-1
860,36,0.00,198.00,1482.00,708.00,1,1,-1,-1
861,36,-0.00,195.00,1470.00,705.00,1,1,-1,-1
862,36,-0.00,195.00,1470.00,708.00,1,1,-1,-1
863,36,0.00,204.00,1449.00,693.00,1,1,-1,-1
864,36,0.00,207.00,1446.00,684.00,1,1,-1,-1
865,36,-0.00,210.00,1431.00,675.00,1,1,-1,-1
866,36,0.00,222.00,1440.00,663.00,1,1,-1,-1
867,36,-0.00,216.00,1434.00,666.00,1,1,-1,-1
868,36,-0.00,216.00,1434.00,666.00,1,1,-1,-1
869,36,0.00,216.00,1440.00,660.00,1,1,-1,-1
870,36,-0.00,219.00,1431.00,657.00,1,1,-1,-1
871,36,0.00,231.00,1410.00,639.00,1,1,-1,-1
872,36,12.00,228.00,1398.00,642.00,1,1,-1,-1
873,36,6.00,216.00,1413.00,642.00,1,1,-1,-1
874,36,6.00,216.00,1416.00,642.00,1,1,-1,-1
875,36,30.00,234.00,1332.00,630.00,1,1,-1,-1
876,36,30.00,225.00,1332.00,621.00,1,1,-1,-1
877,36,33.00,228.00,1323.00,618.00,1,1,-1,-1
878,36,54.00,222.00,1260.00,624.00,1,1,-1,-1
879,36,30.00,216.00,1236.00,618.00,1,1,-1,-1
880,36,30.00,216.00,1239.00,621.00,1,1,-1,-1
881,36,30.00,225.00,1242.00,609.00,1,1,-1,-1
882,36,30.00,216.00,1227.00,618.00,1,1,-1,-1
883,36,33.00,210.00,1203.00,624.00,1,1,-1,-1
884,36,36.00,219.00,1176.00,606.00,1,1,-1,-1
885,36,63.00,219.00,1140.00,609.00,1,1,-1,-1
886,36,63.00,219.00,1143.00,609.00,1,1,-1,-1
887,36,60.00,228.00,1128.00,594.00,1,1,-1,-1
888,36,66.00,231.00,1110.00,585.00,1,1,-1,-1
889,36,69.00,231.00,1119.00,582.00,1,1,-1,-1
890,36,60.00,234.00,1140.00,573.00,1,1,-1,-1
891,36,60.00,234.00,1146.00,570.00,1,1,-1,-1
892,36,57.00,234.00,1146.00,570.00,1,1,-1,-1
893,36,75.00,234.00,1116.00,567.00,1,1,-1,-1
894,36,84.00,246.00,1062.00,549.00,1,1,-1,-1
895,36,75.00,240.00,1077.00,558.00,1,1,-1,-1
896,36,87.00,252.00,1041.00,537.00,1,1,-1,-1
897,36,108.00,249.00,1044.00,537.00,1,1,-1,-1
898,36,108.00,249.00,1041.00,537.00,1,1,-1,-1
899,36,123.00,249.00,1017.00,537.00,1,1,-1,-1
900,36,132.00,255.00,990.00,522.00,1,1,-1,-1
901,36,138.00,261.00,981.00,513.00,1,1,-1,-1
902,36,120.00,261.00,1002.00,510.00,1,1,-1,-1
903,36,135.00,264.00,963.00,510.00,1,1,-1,-1
904,36,126.00,264.00,972.00,504.00,1,1,-1,-1
905,36,108.00,270.00,996.00,495.00,1,1,-1,-1
906,36,174.00,267.00,927.00,501.00,1,1,-1,-1
907,36,171.00,267.00,927.00,501.00,1,1,-1,-1
908,36,225.00,279.00,864.00,483.00,1,1,-1,-1
908,37,579.00,261.00,111.00,129.00,1,1,-1,-1
909,36,240.00,279.00,840.00,477.00,1,1,-1,-1
909,37,576.00,264.00,114.00,129.00,1,1,-1,-1
910,36,240.00,282.00,843.00,474.00,1,1,-1,-1
910,37,576.00,264.00,114.00,129.00,1,1,-1,-1
911,36,246.00,288.00,822.00,462.00,1,1,-1,-1
911,37,579.00,270.00,108.00,126.00,1,1,-1,-1
912,36,261.00,291.00,801.00,456.00,1,1,-1,-1
912,37,585.00,273.00,102.00,126.00,1,1,-1,-1
913,36,282.00,291.00,750.00,456.00,1,1,-1,-1
914,36,288.00,285.00,729.00,465.00,1,1,-1,-1
915,36,288.00,291.00,684.00,459.00,1,1,-1,-1
915,38,834.00,408.00,207.00,192.00,1,1,-1,-1
916,36,288.00,291.00,684.00,462.00,1,1,-1,-1
916,38,834.00,408.00,207.00,192.00,1,1,-1,-1
917,36,282.00,294.00,714.00,456.00,1,1,-1,-1
917,38,837.00,411.00,198.00,186.00,1,1,-1,-1
918,36,279.00,294.00,693.00,444.00,1,1,-1,-1
918,38,840.00,417.00,198.00,177.00,1,1,-1,-1
919,36,291.00,294.00,663.00,441.00,1,1,-1,-1
919,38,837.00,417.00,195.00,183.00,1,1,-1,-1
920,36,297.00,294.00,660.00,444.00,1,1,-1,-1
921,36,306.00,297.00,657.00,441.00,1,1,-1,-1
921,39,852.00,468.00,168.00,129.00,1,1,-1,-1
921,40,846.00,408.00,192.00,87.00,1,1,-1,-1
922,36,306.00,297.00,657.00,441.00,1,1,-1,-1
922,39,852.00,468.00,168.00,129.00,1,1,-1,-1
922,40,846.00,408.00,192.00,87.00,1,1,-1,-1
923,36,306.00,297.00,612.00,435.00,1,1,-1,-1
923,39,870.00,498.00,144.00,102.00,1,1,-1,-1
923,40,855.00,408.00,180.00,81.00,1,1,-1,-1
924,36,318.00,300.00,630.00,432.00,1,1,-1,-1
924,39,858.00,483.00,150.00,117.00,1,1,-1,-1
925,36,312.00,300.00,645.00,435.00,1,1,-1,-1
926,36,297.00,303.00,690.00,429.00,1,1,-1,-1
927,36,309.00,306.00,669.00,423.00,1,1,-1,-1
928,36,309.00,306.00,666.00,423.00,1,1,-1,-1
929,36,309.00,312.00,681.00,417.00,1,1,-1,-1
930,36,318.00,312.00,648.00,417.00,1,1,-1,-1
931,36,324.00,315.00,603.00,420.00,1,1,-1,-1
932,36,321.00,315.00,618.00,420.00,1,1,-1,-1
933,36,327.00,315.00,603.00,420.00,1,1,-1,-1
934,36,327.00,315.00,603.00,420.00,1,1,-1,-1
935,36,327.00,315.00,567.00,414.00,1,1,-1,-1
936,36,333.00,318.00,570.00,408.00,1,1,-1,-1
937,36,336.00,318.00,618.00,414.00,1,1,-1,-1
937,41,963.00,414.00,129.00,72.00,1,1,-1,-1
938,36,330.00,321.00,606.00,405.00,1,1,-1,-1
939,36,333.00,330.00,633.00,393.00,1,1,-1,-1
939,42,972.00,411.00,123.00,75.00,1,1,-1,-1
940,36,339.00,330.00,627.00,396.00,1,1,-1,-1
941,36,351.00,339.00,618.00,381.00,1,1,-1,-1
941,43,981.00,414.00,126.00,75.00,1,1,-1,-1
942,36,363.00,345.00,645.00,363.00,1,1,-1,-1
942,43,984.00,414.00,132.00,78.00,1,1,-1,-1
943,36,348.00,345.00,612.00,363.00,1,1,-1,-1
943,43,987.00,414.00,126.00,75.00,1,1,-1,-1
944,36,348.00,348.00,612.00,357.00,1,1,-1,-1
944,43,1002.00,414.00,111.00,75.00,1,1,-1,-1
945,36,363.00,348.00,579.00,354.00,1,1,-1,-1
946,36,354.00,345.00,597.00,360.00,1,1,-1,-1
947,36,360.00,339.00,594.00,363.00,1,1,-1,-1
948,36,378.00,342.00,570.00,360.00,1,1,-1,-1
949,36,357.00,345.00,588.00,348.00,1,1,-1,-1
949,44,1011.00,414.00,117.00,72.00,1,1,-1,-1
950,36,363.00,345.00,579.00,345.00,1,1,-1,-1
951,36,375.00,351.00,555.00,330.00,1,1,-1,-1
952,36,390.00,351.00,531.00,330.00,1,1,-1,-1
953,36,393.00,351.00,528.00,330.00,1,1,-1,-1
954,36,390.00,357.00,534.00,321.00,1,1,-1,-1
955,36,393.00,357.00,513.00,318.00,1,1,-1,-1
956,36,390.00,360.00,513.00,312.00,1,1,-1,-1
957,36,387.00,357.00,513.00,318.00,1,1,-1,-1
958,36,357.00,351.00,546.00,327.00,1,1,-1,-1
959,36,351.00,351.00,552.00,327.00,1,1,-1,-1
960,36,351.00,354.00,552.00,324.00,1,1,-1,-1
961,36,354.00,363.00,546.00,312.00,1,1,-1,-1
962,36,360.00,363.00,531.00,312.00,1,1,-1,-1
963,36,360.00,366.00,525.00,306.00,1,1,-1,-1
963,45,618.00,345.00,57.00,93.00,1,1,-1,-1
964,36,360.00,366.00,525.00,309.00,1,1,-1,-1
964,45,618.00,345.00,57.00,93.00,1,1,-1,-1
965,46,654.00,345.00,414.00,270.00,1,1,-1,-1
966,46,651.00,348.00,417.00,264.00,1,1,-1,-1
967,46,648.00,348.00,423.00,267.00,1,1,-1,-1
968,46,645.00,348.00,426.00,267.00,1,1,-1,-1
969,46,642.00,345.00,432.00,273.00,1,1,-1,-1
970,46,633.00,348.00,438.00,270.00,1,1,-1,-1
971,46,630.00,351.00,444.00,267.00,1,1,-1,-1
972,46,618.00,354.00,456.00,264.00,1,1,-1,-1
973,46,615.00,354.00,462.00,264.00,1,1,-1,-1
974,46,615.00,354.00,462.00,264.00,1,1,-1,-1
975,46,609.00,357.00,471.00,261.00,1,1,-1,-1
976,46,600.00,360.00,483.00,258.00,1,1,-1,-1
977,46,600.00,357.00,483.00,264.00,1,1,-1,-1
978,46,600.00,357.00,486.00,264.00,1,1,-1,-1
979,46,600.00,360.00,486.00,261.00,1,1,-1,-1
980,46,600.00,357.00,486.00,264.00,1,1,-1,-1
981,46,597.00,357.00,489.00,264.00,1,1,-1,-1
982,46,594.00,354.00,495.00,267.00,1,1,-1,-1
983,46,594.00,357.00,498.00,264.00,1,1,-1,-1
984,46,588.00,357.00,507.00,267.00,1,1,-1,-1
985,46,588.00,360.00,513.00,264.00,1,1,-1,-1
986,46,588.00,360.00,513.00,264.00,1,1,-1,-1
987,46,588.00,360.00,510.00,264.00,1,1,-1,-1
988,46,588.00,357.00,513.00,267.00,1,1,-1,-1
989,46,588.00,357.00,522.00,267.00,1,1,-1,-1
990,46,585.00,354.00,525.00,270.00,1,1,-1,-1
991,46,582.00,357.00,531.00,270.00,1,1,-1,-1
992,46,582.00,357.00,534.00,270.00,1,1,-1,-1
993,46,582.00,360.00,531.00,267.00,1,1,-1,-1
994,46,585.00,360.00,534.00,270.00,1,1,-1,-1
995,46,582.00,360.00,537.00,273.00,1,1,-1,-1
996,46,582.00,360.00,543.00,273.00,1,1,-1,-1
997,46,579.00,357.00,549.00,276.00,1,1,-1,-1
998,46,582.00,357.00,546.00,276.00,1,1,-1,-1
999,46,582.00,360.00,552.00,276.00,1,1,-1,-1
1000,46,579.00,363.00,561.00,276.00,1,1,-1,-1
1001,46,579.00,366.00,558.00,276.00,1,1,-1,-1
1002,46,579.00,366.00,561.00,276.00,1,1,-1,-1
1003,46,582.00,369.00,570.00,273.00,1,1,-1,-1
1004,46,579.00,372.00,579.00,270.00,1,1,-1,-1
1005,46,579.00,372.00,579.00,270.00,1,1,-1,-1
1006,46,582.00,375.00,573.00,270.00,1,1,-1,-1
1007,46,582.00,375.00,576.00,276.00,1,1,-1,-1
1008,46,582.00,378.00,579.00,273.00,1,1,-1,-1
1009,46,582.00,375.00,582.00,276.00,1,1,-1,-1
1010,46,582.00,372.00,579.00,282.00,1,1,-1,-1
1011,46,582.00,372.00,582.00,282.00,1,1,-1,-1
1012,46,588.00,378.00,576.00,279.00,1,1,-1,-1
1013,46,594.00,387.00,579.00,270.00,1,1,-1,-1
1014,46,594.00,387.00,573.00,273.00,1,1,-1,-1
1015,46,591.00,390.00,573.00,270.00,1,1,-1,-1
1016,46,594.00,396.00,582.00,276.00,1,1,-1,-1
1017,46,594.00,396.00,582.00,276.00,1,1,-1,-1
1018,46,594.00,393.00,585.00,279.00,1,1,-1,-1
1019,46,597.00,387.00,582.00,291.00,1,1,-1,-1
1020,46,597.00,378.00,582.00,294.00,1,1,-1,-1
1021,46,600.00,378.00,582.00,297.00,1,1,-1,-1
1022,46,597.00,378.00,588.00,291.00,1,1,-1,-1
1023,46,597.00,378.00,588.00,291.00,1,1,-1,-1
1024,46,597.00,384.00,591.00,285.00,1,1,-1,-1
1025,46,600.00,390.00,591.00,282.00,1,1,-1,-1
1026,46,597.00,384.00,597.00,288.00,1,1,-1,-1
1027,46,612.00,381.00,591.00,294.00,1,1,-1,-1
1028,46,603.00,384.00,597.00,288.00,1,1,-1,-1
1029,46,603.00,384.00,597.00,288.00,1,1,-1,-1
1030,46,615.00,384.00,591.00,288.00,1,1,-1,-1
1031,46,621.00,384.00,585.00,291.00,1,1,-1,-1
1032,46,618.00,387.00,594.00,288.00,1,1,-1,-1
1033,46,624.00,384.00,588.00,291.00,1,1,-1,-1
1034,46,624.00,378.00,585.00,297.00,1,1,-1,-1
1035,46,624.00,381.00,585.00,294.00,1,1,-1,-1
1036,46,630.00,384.00,582.00,291.00,1,1,-1,-1
1037,46,642.00,378.00,576.00,300.00,1,1,-1,-1
1038,46,645.00,378.00,573.00,297.00,1,1,-1,-1
1039,46,648.00,378.00,573.00,300.00,1,1,-1,-1
1040,46,648.00,378.00,570.00,288.00,1,1,-1,-1
1041,46,648.00,378.00,570.00,288.00,1,1,-1,-1
1042,46,651.00,378.00,570.00,288.00,1,1,-1,-1
1043,46,657.00,381.00,567.00,291.00,1,1,-1,-1
1044,46,660.00,378.00,567.00,291.00,1,1,-1,-1
1045,46,666.00,366.00,564.00,306.00,1,1,-1,-1
1046,46,666.00,372.00,561.00,294.00,1,1,-1,-1
1047,46,660.00,372.00,567.00,294.00,1,1,-1,-1
1048,46,669.00,369.00,564.00,294.00,1,1,-1,-1
1049,46,666.00,369.00,573.00,291.00,1,1,-1,-1
1050,46,669.00,366.00,576.00,294.00,1,1,-1,-1
1051,46,672.00,366.00,576.00,294.00,1,1,-1,-1
1052,46,672.00,369.00,573.00,288.00,1,1,-1,-1
1053,46,672.00,369.00,573.00,288.00,1,1,-1,-1
1054,46,675.00,372.00,570.00,288.00,1,1,-1,-1
1055,46,678.00,372.00,570.00,288.00,1,1,-1,-1
1056,46,675.00,375.00,576.00,282.00,1,1,-1,-1
1057,46,693.00,366.00,564.00,285.00,1,1,-1,-1
1058,46,693.00,366.00,561.00,282.00,1,1,-1,-1
1059,46,693.00,366.00,564.00,282.00,1,1,-1,-1
1060,46,705.00,369.00,555.00,273.00,1,1,-1,-1
1061,46,705.00,372.00,555.00,267.00,1,1,-1,-1
1062,46,705.00,369.00,567.00,273.00,1,1,-1,-1
1063,46,717.00,378.00,558.00,261.00,1,1,-1,-1
1064,46,717.00,369.00,561.00,270.00,1,1,-1,-1
1065,46,717.00,369.00,561.00,270.00,1,1,-1,-1
1066,46,720.00,375.00,564.00,264.00,1,1,-1,-1
1067,46,735.00,363.00,558.00,276.00,1,1,-1,-1
1068,46,735.00,366.00,558.00,270.00,1,1,-1,-1
1069,46,741.00,381.00,555.00,255.00,1,1,-1,-1
1070,46,744.00,381.00,558.00,258.00,1,1,-1,-1
1071,46,744.00,381.00,558.00,258.00,1,1,-1,-1
1072,46,750.00,375.00,552.00,267.00,1,1,-1,-1
1073,46,750.00,366.00,558.00,276.00,1,1,-1,-1
1074,46,750.00,351.00,564.00,291.00,1,1,-1,-1
1075,46,753.00,351.00,558.00,288.00,1,1,-1,-1
1076,46,756.00,348.00,561.00,297.00,1,1,-1,-1
1077,46,756.00,348.00,558.00,297.00,1,1,-1,-1
1078,46,753.00,348.00,567.00,300.00,1,1,-1,-1
1079,46,762.00,360.00,537.00,285.00,1,1,-1,-1
1080,46,768.00,360.00,534.00,282.00,1,1,-1,-1
1081,46,765.00,354.00,537.00,285.00,1,1,-1,-1
1082,46,774.00,345.00,528.00,285.00,1,1,-1,-1
1083,46,774.00,345.00,528.00,285.00,1,1,-1,-1
1084,46,780.00,345.00,522.00,288.00,1,1,-1,-1
1085,46,786.00,333.00,576.00,300.00,1,1,-1,-1
1089,47,0.00,-0.00,1920.00,882.00,1,1,-1,-1
1090,47,0.00,0.00,1920.00,864.00,1,1,-1,-1
1091,47,0.00,0.00,1920.00,873.00,1,1,-1,-1
1093,47,0.00,-0.00,1920.00,882.00,1,1,-1,-1
1094,47,0.00,-0.00,1920.00,879.00,1,1,-1,-1
1095,47,0.00,0.00,1920.00,867.00,1,1,-1,-1
1096,47,0.00,-0.00,1920.00,852.00,1,1,-1,-1
1097,47,0.00,0.00,1920.00,837.00,1,1,-1,-1
1098,47,0.00,0.00,1920.00,813.00,1,1,-1,-1
1099,47,0.00,0.00,1920.00,804.00,1,1,-1,-1
1100,47,0.00,0.00,1920.00,804.00,1,1,-1,-1
1101,47,0.00,6.00,1920.00,792.00,1,1,-1,-1
1102,47,0.00,3.00,1920.00,807.00,1,1,-1,-1
1103,47,0.00,0.00,1920.00,846.00,1,1,-1,-1
1104,47,3.00,3.00,1917.00,873.00,1,1,-1,-1
1107,47,6.00,0.00,1914.00,894.00,1,1,-1,-1
1108,47,9.00,0.00,1911.00,951.00,1,1,-1,-1
1109,47,0.00,0.00,1920.00,966.00,1,1,-1,-1
1110,47,0.00,0.00,1920.00,1002.00,1,1,-1,-1
1111,47,0.00,0.00,1920.00,1005.00,1,1,-1,-1
1112,47,0.00,0.00,1920.00,1005.00,1,1,-1,-1
1113,47,0.00,30.00,1920.00,984.00,1,1,-1,-1
1114,47,0.00,24.00,1920.00,993.00,1,1,-1,-1
1115,47,0.00,18.00,1920.00,999.00,1,1,-1,-1
1116,47,0.00,6.00,1920.00,1020.00,1,1,-1,-1
1117,47,0.00,6.00,1920.00,1017.00,1,1,-1,-1
1118,47,0.00,6.00,1920.00,1014.00,1,1,-1,-1
1119,47,0.00,0.00,1920.00,1026.00,1,1,-1,-1
1120,47,0.00,0.00,1920.00,1026.00,1,1,-1,-1
1121,47,0.00,0.00,1920.00,1035.00,1,1,-1,-1
1122,47,0.00,-0.00,1920.00,1044.00,1,1,-1,-1
1123,47,0.00,0.00,1920.00,1032.00,1,1,-1,-1
1124,47,0.00,0.00,1920.00,1029.00,1,1,-1,-1
1125,47,0.00,-0.00,1920.00,1014.00,1,1,-1,-1
1126,47,0.00,-0.00,1920.00,1017.00,1,1,-1,-1
1127,47,0.00,9.00,1920.00,1023.00,1,1,-1,-1
1128,47,0.00,0.00,1920.00,1020.00,1,1,-1,-1
1129,47,0.00,-0.00,1920.00,1017.00,1,1,-1,-1
1130,47,0.00,-0.00,1920.00,1017.00,1,1,-1,-1
1131,47,0.00,3.00,1920.00,1011.00,1,1,-1,-1
1132,47,0.00,6.00,1920.00,1020.00,1,1,-1,-1
1133,47,0.00,12.00,1920.00,1026.00,1,1,-1,-1
1134,47,0.00,6.00,1920.00,1020.00,1,1,-1,-1
1135,47,0.00,0.00,1920.00,1038.00,1,1,-1,-1
1136,47,0.00,-0.00,1920.00,1041.00,1,1,-1,-1
1137,47,0.00,6.00,1920.00,1026.00,1,1,-1,-1
1138,47,0.00,0.00,1920.00,1023.00,1,1,-1,-1
1139,47,0.00,27.00,1920.00,936.00,1,1,-1,-1
1140,47,0.00,15.00,1920.00,975.00,1,1,-1,-1
1141,47,6.00,24.00,1914.00,945.00,1,1,-1,-1
1142,47,12.00,24.00,1908.00,948.00,1,1,-1,-1
1143,47,0.00,18.00,1920.00,948.00,1,1,-1,-1
1144,47,0.00,9.00,1920.00,972.00,1,1,-1,-1
1145,47,6.00,0.00,1905.00,984.00,1,1,-1,-1
1146,47,0.00,0.00,1920.00,999.00,1,1,-1,-1
1147,47,21.00,0.00,1899.00,1020.00,1,1,-1,-1
1148,47,18.00,-0.00,1902.00,1017.00,1,1,-1,-1
1149,47,0.00,0.00,1920.00,1023.00,1,1,-1,-1
1150,47,0.00,0.00,1920.00,1008.00,1,1,-1,-1
1151,47,18.00,0.00,1902.00,1026.00,1,1,-1,-1
1152,47,0.00,0.00,1920.00,1008.00,1,1,-1,-1
1153,47,0.00,0.00,1920.00,1005.00,1,1,-1,-1
1154,47,0.00,0.00,1920.00,1002.00,1,1,-1,-1
1155,47,33.00,-0.00,1881.00,828.00,1,1,-1,-1
1156,47,18.00,0.00,1902.00,810.00,1,1,-1,-1
1157,47,0.00,-0.00,1920.00,960.00,1,1,-1,-1
1158,47,30.00,0.00,1890.00,834.00,1,1,-1,-1
1159,47,60.00,0.00,1860.00,969.00,1,1,-1,-1
1160,47,54.00,0.00,1866.00,969.00,1,1,-1,-1
1161,47,57.00,-0.00,1860.00,960.00,1,1,-1,-1
1162,47,96.00,18.00,1806.00,900.00,1,1,-1,-1
1163,47,84.00,6.00,1836.00,945.00,1,1,-1,-1
1205,47,411.00,378.00,1236.00,477.00,1,1,-1,-1
1206,47,405.00,375.00,1245.00,477.00,1,1,-1,-1
1207,47,390.00,372.00,1287.00,480.00,1,1,-1,-1
1208,47,369.00,369.00,1320.00,483.00,1,1,-1,-1
1209,47,360.00,369.00,1338.00,486.00,1,1,-1,-1
1210,47,348.00,366.00,1353.00,486.00,1,1,-1,-1
1211,47,330.00,369.00,1374.00,483.00,1,1,-1,-1
1212,47,336.00,375.00,1359.00,477.00,1,1,-1,-1
1212,48,1071.00,366.00,102.00,144.00,1,1,-1,-1
1213,47,345.00,375.00,1347.00,480.00,1,1,-1,-1
1213,48,1074.00,366.00,96.00,144.00,1,1,-1,-1
1214,47,330.00,375.00,1368.00,480.00,1,1,-1,-1
1214,48,1074.00,366.00,96.00,141.00,1,1,-1,-1
1215,47,330.00,375.00,1368.00,480.00,1,1,-1,-1
1215,48,1074.00,366.00,96.00,138.00,1,1,-1,-1
1216,47,321.00,375.00,1377.00,477.00,1,1,-1,-1
1216,48,1074.00,366.00,93.00,138.00,1,1,-1,-1
1217,47,309.00,378.00,1395.00,474.00,1,1,-1,-1
1217,48,1074.00,366.00,93.00,138.00,1,1,-1,-1
1218,47,306.00,372.00,1392.00,480.00,1,1,-1,-1
1219,47,318.00,378.00,1380.00,477.00,1,1,-1,-1
1220,47,312.00,381.00,1404.00,474.00,1,1,-1,-1
1221,47,312.00,381.00,1404.00,474.00,1,1,-1,-1
1222,47,306.00,378.00,1404.00,477.00,1,1,-1,-1
1223,47,309.00,375.00,1398.00,486.00,1,1,-1,-1
1224,47,294.00,372.00,1422.00,489.00,1,1,-1,-1
1225,47,297.00,372.00,1407.00,489.00,1,1,-1,-1
1226,47,303.00,372.00,1395.00,486.00,1,1,-1,-1
1227,47,300.00,372.00,1395.00,486.00,1,1,-1,-1
1228,47,288.00,378.00,1416.00,480.00,1,1,-1,-1
1229,47,288.00,378.00,1410.00,480.00,1,1,-1,-1
1230,47,279.00,378.00,1431.00,474.00,1,1,-1,-1
1231,47,282.00,375.00,1422.00,486.00,1,1,-1,-1
1232,47,282.00,375.00,1422.00,483.00,1,1,-1,-1
1233,47,282.00,375.00,1422.00,483.00,1,1,-1,-1
1234,47,279.00,375.00,1431.00,483.00,1,1,-1,-1
1234,49,1833.00,483.00,87.00,150.00,1,1,-1,-1
1235,47,294.00,375.00,1425.00,480.00,1,1,-1,-1
1236,47,303.00,378.00,1422.00,471.00,1,1,-1,-1
1237,47,300.00,378.00,1425.00,462.00,1,1,-1,-1
1238,47,309.00,378.00,1425.00,465.00,1,1,-1,-1
1239,47,309.00,378.00,1422.00,462.00,1,1,-1,-1
1240,47,306.00,375.00,1428.00,477.00,1,1,-1,-1
1241,47,291.00,381.00,1431.00,471.00,1,1,-1,-1
1242,47,291.00,381.00,1434.00,465.00,1,1,-1,-1
1243,47,282.00,384.00,1446.00,459.00,1,1,-1,-1
1244,47,282.00,387.00,1446.00,453.00,1,1,-1,-1
1245,47,279.00,384.00,1455.00,456.00,1,1,-1,-1
1246,47,288.00,387.00,1440.00,456.00,1,1,-1,-1
1247,47,297.00,384.00,1431.00,462.00,1,1,-1,-1
1248,47,294.00,387.00,1443.00,456.00,1,1,-1,-1
1249,47,288.00,384.00,1452.00,474.00,1,1,-1,-1
1250,47,297.00,390.00,1431.00,468.00,1,1,-1,-1
1251,47,297.00,390.00,1431.00,468.00,1,1,-1,-1
1252,47,288.00,393.00,1434.00,462.00,1,1,-1,-1
1253,47,294.00,393.00,1410.00,459.00,1,1,-1,-1
1254,47,297.00,393.00,1413.00,459.00,1,1,-1,-1
1255,47,300.00,390.00,1410.00,465.00,1,1,-1,-1
1256,47,294.00,390.00,1416.00,459.00,1,1,-1,-1
1257,47,294.00,390.00,1416.00,462.00,1,1,-1,-1
1258,47,288.00,393.00,1446.00,453.00,1,1,-1,-1
1259,47,270.00,390.00,1473.00,468.00,1,1,-1,-1
1260,47,264.00,387.00,1461.00,471.00,1,1,-1,-1
1261,47,252.00,390.00,1482.00,471.00,1,1,-1,-1
1262,47,270.00,396.00,1458.00,456.00,1,1,-1,-1
1263,47,273.00,396.00,1455.00,456.00,1,1,-1,-1
1264,47,273.00,387.00,1440.00,471.00,1,1,-1,-1
1265,47,267.00,390.00,1419.00,465.00,1,1,-1,-1
1266,47,276.00,396.00,1395.00,450.00,1,1,-1,-1
1267,47,255.00,390.00,1425.00,471.00,1,1,-1,-1
1268,47,198.00,390.00,1470.00,477.00,1,1,-1,-1
1269,47,195.00,390.00,1473.00,477.00,1,1,-1,-1
1270,47,198.00,402.00,1452.00,459.00,1,1,-1,-1
1271,47,174.00,402.00,1473.00,456.00,1,1,-1,-1
1272,47,165.00,408.00,1479.00,450.00,1,1,-1,-1
1273,47,168.00,405.00,1461.00,450.00,1,1,-1,-1
1274,47,159.00,411.00,1485.00,450.00,1,1,-1,-1
1275,47,159.00,411.00,1485.00,453.00,1,1,-1,-1
1276,47,153.00,411.00,1473.00,441.00,1,1,-1,-1
1277,47,153.00,411.00,1479.00,450.00,1,1,-1,-1
1278,47,144.00,405.00,1473.00,453.00,1,1,-1,-1
1279,47,132.00,396.00,1482.00,459.00,1,1,-1,-1
1280,47,135.00,393.00,1470.00,465.00,1,1,-1,-1
1281,47,135.00,393.00,1473.00,465.00,1,1,-1,-1
1282,47,129.00,390.00,1479.00,462.00,1,1,-1,-1
1283,47,123.00,399.00,1500.00,450.00,1,1,-1,-1
1284,47,132.00,402.00,1488.00,444.00,1,1,-1,-1
1285,47,138.00,405.00,1476.00,438.00,1,1,-1,-1
1286,47,141.00,411.00,1461.00,432.00,1,1,-1,-1
1287,47,138.00,408.00,1467.00,435.00,1,1,-1,-1
1288,47,123.00,408.00,1497.00,429.00,1,1,-1,-1
1289,47,129.00,402.00,1494.00,450.00,1,1,-1,-1
1290,47,120.00,402.00,1518.00,450.00,1,1,-1,-1
1291,47,126.00,396.00,1506.00,453.00,1,1,-1,-1
1292,47,120.00,396.00,1506.00,453.00,1,1,-1,-1
1293,47,120.00,396.00,1503.00,453.00,1,1,-1,-1
1294,47,126.00,393.00,1506.00,459.00,1,1,-1,-1
1295,47,114.00,387.00,1518.00,456.00,1,1,-1,-1
1296,47,120.00,384.00,1515.00,465.00,1,1,-1,-1
1297,47,123.00,381.00,1512.00,471.00,1,1,-1,-1
1298,47,114.00,378.00,1536.00,480.00,1,1,-1,-1
1299,47,114.00,378.00,1536.00,480.00,1,1,-1,-1
1300,47,129.00,378.00,1509.00,474.00,1,1,-1,-1
1301,47,129.00,366.00,1512.00,486.00,1,1,-1,-1
1302,47,132.00,366.00,1506.00,477.00,1,1,-1,-1
1303,47,120.00,360.00,1518.00,495.00,1,1,-1,-1
1304,47,114.00,363.00,1521.00,489.00,1,1,-1,-1
1305,47,114.00,363.00,1521.00,489.00,1,1,-1,-1
1306,47,108.00,366.00,1536.00,489.00,1,1,-1,-1
1307,47,117.00,372.00,1533.00,483.00,1,1,-1,-1
1308,47,126.00,375.00,1542.00,462.00,1,1,-1,-1
1309,47,123.00,366.00,1554.00,471.00,1,1,-1,-1
1310,47,147.00,369.00,1551.00,471.00,1,1,-1,-1
1311,47,174.00,375.00,1497.00,465.00,1,1,-1,-1
1312,47,-0.00,84.00,1851.00,996.00,1,1,-1,-1
1313,47,0.00,90.00,1842.00,987.00,1,1,-1,-1
1314,47,0.00,96.00,1836.00,984.00,1,1,-1,-1
1315,47,48.00,81.00,1830.00,984.00,1,1,-1,-1
1316,47,0.00,96.00,1845.00,966.00,1,1,-1,-1
1317,47,0.00,93.00,1845.00,969.00,1,1,-1,-1
1318,47,0.00,93.00,1839.00,966.00,1,1,-1,-1
1319,47,0.00,84.00,1821.00,978.00,1,1,-1,-1
1320,47,-0.00,72.00,1830.00,984.00,1,1,-1,-1
1321,47,3.00,78.00,1812.00,975.00,1,1,-1,-1
1322,47,0.00,99.00,1842.00,939.00,1,1,-1,-1
1323,47,0.00,99.00,1842.00,939.00,1,1,-1,-1
1324,47,0.00,96.00,1803.00,948.00,1,1,-1,-1
1325,47,-0.00,78.00,1794.00,966.00,1,1,-1,-1
1326,47,0.00,81.00,1800.00,963.00,1,1,-1,-1
1327,47,0.00,90.00,1815.00,948.00,1,1,-1,-1
1328,47,0.00,102.00,1800.00,930.00,1,1,-1,-1
1329,47,0.00,102.00,1806.00,930.00,1,1,-1,-1
1330,47,0.00,102.00,1770.00,918.00,1,1,-1,-1
1331,47,0.00,96.00,1764.00,927.00,1,1,-1,-1
1332,47,-0.00,114.00,1794.00,906.00,1,1,-1,-1
1333,47,0.00,120.00,1806.00,900.00,1,1,-1,-1
1334,47,0.00,132.00,1779.00,888.00,1,1,-1,-1
1335,47,0.00,132.00,1779.00,891.00,1,1,-1,-1
1336,47,0.00,141.00,1776.00,867.00,1,1,-1,-1
1337,47,-0.00,132.00,1731.00,876.00,1,1,-1,-1
1338,47,-0.00,123.00,1734.00,882.00,1,1,-1,-1
1339,47,-0.00,108.00,1758.00,906.00,1,1,-1,-1
1340,47,0.00,90.00,1773.00,930.00,1,1,-1,-1
1341,47,0.00,87.00,1773.00,936.00,1,1,-1,-1
1342,47,0.00,42.00,1806.00,966.00,1,1,-1,-1
1343,47,0.00,93.00,1764.00,918.00,1,1,-1,-1
1344,47,0.00,102.00,1785.00,906.00,1,1,-1,-1
1345,47,0.00,114.00,1779.00,894.00,1,1,-1,-1
1346,47,0.00,129.00,1800.00,873.00,1,1,-1,-1
1347,47,0.00,132.00,1800.00,870.00,1,1,-1,-1
1348,47,-0.00,126.00,1830.00,876.00,1,1,-1,-1
1349,47,0.00,132.00,1824.00,864.00,1,1,-1,-1
1350,47,0.00,42.00,1806.00,960.00,1,1,-1,-1
1351,47,0.00,117.00,1764.00,888.00,1,1,-1,-1
1400,47,0.00,288.00,1482.00,786.00,1,1,-1,-1
1405,50,1731.00,390.00,189.00,192.00,1,1,-1,-1
1406,50,1686.00,393.00,234.00,195.00,1,1,-1,-1
1406,51,-0.00,363.00,1038.00,711.00,1,1,-1,-1
1409,51,12.00,321.00,972.00,759.00,1,1,-1,-1
1410,51,15.00,315.00,954.00,765.00,1,1,-1,-1
1413,51,0.00,363.00,909.00,705.00,1,1,-1,-1
1414,51,0.00,363.00,909.00,705.00,1,1,-1,-1
1415,51,0.00,363.00,900.00,711.00,1,1,-1,-1
1417,51,6.00,432.00,894.00,648.00,1,1,-1,-1
1418,51,6.00,435.00,882.00,645.00,1,1,-1,-1
1419,51,3.00,435.00,885.00,645.00,1,1,-1,-1
1420,51,3.00,438.00,885.00,642.00,1,1,-1,-1
1421,51,-0.00,399.00,894.00,675.00,1,1,-1,-1
1421,52,1080.00,378.00,654.00,237.00,1,1,-1,-1
1423,51,-0.00,378.00,903.00,696.00,1,1,-1,-1
1424,51,0.00,360.00,906.00,717.00,1,1,-1,-1
1425,51,3.00,420.00,909.00,648.00,1,1,-1,-1
1426,51,3.00,420.00,909.00,648.00,1,1,-1,-1
1427,51,3.00,420.00,909.00,651.00,1,1,-1,-1
1428,53,1722.00,483.00,198.00,168.00,1,1,-1,-1
1430,54,465.00,453.00,1344.00,507.00,1,1,-1,-1
1431,54,465.00,453.00,1344.00,507.00,1,1,-1,-1
1432,54,468.00,456.00,1341.00,504.00,1,1,-1,-1
1433,54,468.00,453.00,1335.00,507.00,1,1,-1,-1
1434,54,471.00,450.00,1326.00,513.00,1,1,-1,-1
1435,54,462.00,447.00,1344.00,516.00,1,1,-1,-1
1436,54,462.00,444.00,1344.00,522.00,1,1,-1,-1
1437,54,459.00,444.00,1350.00,522.00,1,1,-1,-1
1438,54,459.00,444.00,1353.00,522.00,1,1,-1,-1
1439,54,450.00,444.00,1356.00,525.00,1,1,-1,-1
1440,54,459.00,441.00,1341.00,525.00,1,1,-1,-1
1441,54,456.00,444.00,1335.00,522.00,1,1,-1,-1
1442,54,462.00,444.00,1320.00,525.00,1,1,-1,-1
1443,54,465.00,444.00,1314.00,525.00,1,1,-1,-1
1444,54,462.00,444.00,1317.00,525.00,1,1,-1,-1
1445,54,465.00,453.00,1314.00,510.00,1,1,-1,-1
1446,54,462.00,456.00,1317.00,501.00,1,1,-1,-1
1447,54,468.00,453.00,1311.00,501.00,1,1,-1,-1
1448,54,471.00,447.00,1293.00,510.00,1,1,-1,-1
1449,54,468.00,447.00,1296.00,510.00,1,1,-1,-1
1450,54,462.00,447.00,1293.00,507.00,1,1,-1,-1
1451,54,459.00,444.00,1293.00,507.00,1,1,-1,-1
1452,54,459.00,441.00,1302.00,519.00,1,1,-1,-1
1453,54,456.00,450.00,1296.00,510.00,1,1,-1,-1
1454,54,453.00,450.00,1296.00,510.00,1,1,-1,-1
1455,54,453.00,450.00,1296.00,510.00,1,1,-1,-1
1456,54,450.00,447.00,1290.00,513.00,1,1,-1,-1
1457,54,450.00,444.00,1287.00,516.00,1,1,-1,-1
1458,54,456.00,441.00,1275.00,522.00,1,1,-1,-1
1459,54,462.00,444.00,1263.00,516.00,1,1,-1,-1
1460,54,471.00,450.00,1248.00,510.00,1,1,-1,-1
1461,54,468.00,453.00,1251.00,507.00,1,1,-1,-1
1462,54,471.00,444.00,1245.00,516.00,1,1,-1,-1
1463,54,468.00,447.00,1248.00,513.00,1,1,-1,-1
1464,54,474.00,447.00,1242.00,513.00,1,1,-1,-1
1465,54,471.00,447.00,1242.00,516.00,1,1,-1,-1
1466,54,474.00,441.00,1242.00,522.00,1,1,-1,-1
1467,54,474.00,441.00,1242.00,522.00,1,1,-1,-1
1468,54,471.00,447.00,1245.00,516.00,1,1,-1,-1
1469,54,471.00,444.00,1239.00,516.00,1,1,-1,-1
1470,54,468.00,456.00,1248.00,504.00,1,1,-1,-1
1471,54,468.00,459.00,1248.00,501.00,1,1,-1,-1
1472,54,468.00,459.00,1254.00,495.00,1,1,-1,-1
1473,54,468.00,456.00,1260.00,498.00,1,1,-1,-1
1474,54,471.00,456.00,1257.00,498.00,1,1,-1,-1
1475,54,477.00,456.00,1251.00,495.00,1,1,-1,-1
1476,54,474.00,459.00,1254.00,498.00,1,1,-1,-1
1477,54,471.00,456.00,1254.00,498.00,1,1,-1,-1
1478,54,462.00,450.00,1266.00,510.00,1,1,-1,-1
1479,54,462.00,447.00,1266.00,516.00,1,1,-1,-1
1480,54,459.00,450.00,1269.00,510.00,1,1,-1,-1
1481,54,462.00,447.00,1266.00,513.00,1,1,-1,-1
1482,54,456.00,447.00,1290.00,519.00,1,1,-1,-1
1483,54,459.00,447.00,1281.00,519.00,1,1,-1,-1
1484,54,441.00,447.00,1317.00,525.00,1,1,-1,-1
1485,54,444.00,456.00,1320.00,513.00,1,1,-1,-1
1486,54,444.00,456.00,1320.00,513.00,1,1,-1,-1
1487,54,435.00,450.00,1329.00,519.00,1,1,-1,-1
1488,54,429.00,450.00,1335.00,522.00,1,1,-1,-1
1489,54,423.00,450.00,1347.00,519.00,1,1,-1,-1
1490,54,420.00,450.00,1350.00,522.00,1,1,-1,-1
1491,54,420.00,450.00,1350.00,522.00,1,1,-1,-1
1492,54,420.00,450.00,1353.00,522.00,1,1,-1,-1
1493,54,438.00,459.00,1335.00,516.00,1,1,-1,-1
1494,54,429.00,468.00,1338.00,507.00,1,1,-1,-1
1495,54,432.00,471.00,1332.00,507.00,1,1,-1,-1
1496,54,426.00,468.00,1338.00,507.00,1,1,-1,-1
1497,54,426.00,468.00,1335.00,504.00,1,1,-1,-1
1498,54,429.00,468.00,1335.00,504.00,1,1,-1,-1
1499,54,420.00,468.00,1338.00,504.00,1,1,-1,-1
1500,54,408.00,471.00,1353.00,501.00,1,1,-1,-1
1501,54,399.00,471.00,1365.00,504.00,1,1,-1,-1
1502,54,399.00,471.00,1365.00,504.00,1,1,-1,-1
1503,54,399.00,471.00,1365.00,501.00,1,1,-1,-1
1504,54,399.00,471.00,1365.00,501.00,1,1,-1,-1
1505,54,399.00,468.00,1359.00,510.00,1,1,-1,-1
1506,54,390.00,477.00,1362.00,498.00,1,1,-1,-1
1507,54,384.00,477.00,1368.00,498.00,1,1,-1,-1
1508,54,390.00,477.00,1359.00,495.00,1,1,-1,-1
1509,54,339.00,480.00,1401.00,486.00,1,1,-1,-1
1510,54,339.00,480.00,1401.00,489.00,1,1,-1,-1
1511,54,324.00,480.00,1419.00,492.00,1,1,-1,-1
1512,54,306.00,474.00,1449.00,498.00,1,1,-1,-1
1513,54,303.00,474.00,1455.00,498.00,1,1,-1,-1
1514,54,306.00,474.00,1446.00,501.00,1,1,-1,-1
1515,54,306.00,474.00,1443.00,501.00,1,1,-1,-1
1516,55,786.00,435.00,648.00,300.00,1,1,-1,-1
1517,55,780.00,435.00,654.00,303.00,1,1,-1,-1
1518,55,780.00,432.00,654.00,309.00,1,1,-1,-1
1519,55,777.00,426.00,657.00,318.00,1,1,-1,-1
1520,55,774.00,438.00,663.00,306.00,1,1,-1,-1
1521,55,777.00,435.00,660.00,309.00,1,1,-1,-1
1521,56,-0.00,378.00,99.00,132.00,1,1,-1,-1
1522,55,777.00,435.00,660.00,309.00,1,1,-1,-1
1522,56,-0.00,378.00,99.00,132.00,1,1,-1,-1
1523,55,777.00,438.00,657.00,306.00,1,1,-1,-1
1523,57,1566.00,426.00,45.00,90.00,1,1,-1,-1
1524,55,780.00,429.00,654.00,315.00,1,1,-1,-1
1524,58,0.00,372.00,78.00,129.00,1,1,-1,-1
1525,55,777.00,426.00,657.00,318.00,1,1,-1,-1
1526,55,777.00,432.00,657.00,312.00,1,1,-1,-1
1526,59,1542.00,426.00,42.00,87.00,1,1,-1,-1
1526,60,300.00,498.00,75.00,216.00,1,1,-1,-1
1527,55,780.00,432.00,651.00,315.00,1,1,-1,-1
1528,55,777.00,432.00,654.00,315.00,1,1,-1,-1
1529,55,777.00,432.00,657.00,315.00,1,1,-1,-1
1530,55,780.00,435.00,660.00,312.00,1,1,-1,-1
1531,55,777.00,435.00,663.00,315.00,1,1,-1,-1
1532,55,774.00,438.00,672.00,312.00,1,1,-1,-1
1533,55,774.00,441.00,678.00,309.00,1,1,-1,-1
1534,55,774.00,441.00,678.00,309.00,1,1,-1,-1
1535,55,774.00,438.00,672.00,312.00,1,1,-1,-1
1535,61,240.00,498.00,72.00,222.00,1,1,-1,-1
1536,55,774.00,435.00,672.00,315.00,1,1,-1,-1
1536,61,225.00,498.00,78.00,219.00,1,1,-1,-1
1536,62,1470.00,435.00,42.00,78.00,1,1,-1,-1
1537,55,771.00,438.00,681.00,315.00,1,1,-1,-1
1538,55,771.00,438.00,684.00,312.00,1,1,-1,-1
1538,63,207.00,504.00,81.00,216.00,1,1,-1,-1
1539,55,768.00,438.00,693.00,318.00,1,1,-1,-1
1539,63,207.00,492.00,75.00,231.00,1,1,-1,-1
1539,64,1446.00,432.00,42.00,81.00,1,1,-1,-1
1539,65,1851.00,213.00,69.00,201.00,1,1,-1,-1
1540,55,768.00,438.00,693.00,318.00,1,1,-1,-1
1540,63,207.00,492.00,75.00,231.00,1,1,-1,-1
1540,64,1446.00,432.00,42.00,81.00,1,1,-1,-1
1540,65,1851.00,213.00,69.00,201.00,1,1,-1,-1
1541,55,768.00,438.00,690.00,318.00,1,1,-1,-1
1541,63,195.00,498.00,69.00,225.00,1,1,-1,-1
1542,55,765.00,435.00,693.00,321.00,1,1,-1,-1
1542,63,183.00,495.00,75.00,231.00,1,1,-1,-1
1543,55,765.00,438.00,699.00,321.00,1,1,-1,-1
1544,55,765.00,438.00,705.00,321.00,1,1,-1,-1
1545,55,765.00,435.00,705.00,327.00,1,1,-1,-1
1546,55,765.00,435.00,705.00,327.00,1,1,-1,-1
1547,55,765.00,435.00,711.00,327.00,1,1,-1,-1
1547,66,1788.00,147.00,132.00,273.00,1,1,-1,-1
1548,55,765.00,432.00,711.00,330.00,1,1,-1,-1
1548,67,132.00,507.00,75.00,219.00,1,1,-1,-1
1549,55,762.00,435.00,714.00,333.00,1,1,-1,-1
1550,55,753.00,438.00,723.00,330.00,1,1,-1,-1
1550,68,108.00,507.00,81.00,222.00,1,1,-1,-1
1551,55,756.00,447.00,717.00,321.00,1,1,-1,-1
1551,68,99.00,504.00,69.00,231.00,1,1,-1,-1
1552,55,750.00,450.00,729.00,321.00,1,1,-1,-1
1553,55,750.00,450.00,726.00,321.00,1,1,-1,-1
1554,55,747.00,447.00,729.00,327.00,1,1,-1,-1
1555,55,738.00,453.00,732.00,327.00,1,1,-1,-1
1556,55,741.00,453.00,735.00,327.00,1,1,-1,-1
1557,55,735.00,459.00,741.00,321.00,1,1,-1,-1
1558,55,732.00,456.00,747.00,327.00,1,1,-1,-1
1559,55,732.00,456.00,747.00,327.00,1,1,-1,-1
1560,55,729.00,462.00,747.00,324.00,1,1,-1,-1
1561,55,723.00,459.00,756.00,330.00,1,1,-1,-1
1562,55,717.00,459.00,747.00,333.00,1,1,-1,-1
1563,55,711.00,459.00,750.00,333.00,1,1,-1,-1
1564,55,705.00,456.00,756.00,336.00,1,1,-1,-1
1565,55,705.00,456.00,756.00,336.00,1,1,-1,-1
1566,55,702.00,456.00,759.00,336.00,1,1,-1,-1
1567,55,702.00,450.00,756.00,342.00,1,1,-1,-1
1568,55,702.00,453.00,753.00,339.00,1,1,-1,-1
1569,55,699.00,444.00,762.00,348.00,1,1,-1,-1
1570,55,696.00,447.00,765.00,348.00,1,1,-1,-1
1571,55,696.00,447.00,765.00,348.00,1,1,-1,-1
1572,55,696.00,450.00,762.00,345.00,1,1,-1,-1
1573,55,699.00,456.00,759.00,342.00,1,1,-1,-1
1574,55,696.00,459.00,762.00,339.00,1,1,-1,-1
1575,55,693.00,456.00,765.00,342.00,1,1,-1,-1
1576,55,690.00,453.00,768.00,345.00,1,1,-1,-1
1577,55,690.00,453.00,768.00,345.00,1,1,-1,-1
1578,55,690.00,453.00,765.00,348.00,1,1,-1,-1
1579,55,687.00,450.00,771.00,351.00,1,1,-1,-1
1580,55,684.00,453.00,780.00,348.00,1,1,-1,-1
1581,69,-0.00,153.00,822.00,639.00,1,1,-1,-1
1582,69,3.00,162.00,846.00,636.00,1,1,-1,-1
1583,69,0.00,165.00,879.00,633.00,1,1,-1,-1
1584,69,0.00,168.00,912.00,630.00,1,1,-1,-1
1585,69,0.00,183.00,936.00,609.00,1,1,-1,-1
1586,69,0.00,183.00,936.00,612.00,1,1,-1,-1
1587,69,-0.00,180.00,978.00,615.00,1,1,-1,-1
1588,69,0.00,180.00,1002.00,624.00,1,1,-1,-1
1589,69,0.00,192.00,1026.00,612.00,1,1,-1,-1
1590,69,0.00,189.00,1044.00,615.00,1,1,-1,-1
1591,69,6.00,192.00,1074.00,609.00,1,1,-1,-1
1592,69,6.00,192.00,1074.00,612.00,1,1,-1,-1
1593,69,6.00,189.00,1080.00,600.00,1,1,-1,-1
1594,69,21.00,198.00,1101.00,576.00,1,1,-1,-1
1595,69,0.00,180.00,1206.00,591.00,1,1,-1,-1
1596,69,0.00,183.00,1233.00,579.00,1,1,-1,-1
1597,69,0.00,198.00,912.00,552.00,1,1,-1,-1
1598,69,0.00,195.00,912.00,555.00,1,1,-1,-1
1599,69,0.00,180.00,1284.00,573.00,1,1,-1,-1
1600,69,0.00,177.00,1296.00,570.00,1,1,-1,-1
1601,69,0.00,168.00,1272.00,573.00,1,1,-1,-1
1602,69,0.00,162.00,1272.00,564.00,1,1,-1,-1
1603,69,0.00,144.00,1308.00,591.00,1,1,-1,-1
1604,69,0.00,144.00,1308.00,591.00,1,1,-1,-1
1605,69,0.00,159.00,1272.00,570.00,1,1,-1,-1
1605,70,-0.00,96.00,93.00,168.00,1,1,-1,-1
1606,69,0.00,177.00,1236.00,549.00,1,1,-1,-1
1606,70,12.00,96.00,108.00,141.00,1,1,-1,-1
1607,69,0.00,180.00,1215.00,543.00,1,1,-1,-1
1607,70,45.00,99.00,111.00,132.00,1,1,-1,-1
1608,69,-0.00,177.00,1251.00,543.00,1,1,-1,-1
1608,70,72.00,102.00,108.00,132.00,1,1,-1,-1
1609,69,0.00,162.00,1290.00,567.00,1,1,-1,-1
1609,70,108.00,111.00,102.00,117.00,1,1,-1,-1
1610,69,-0.00,162.00,1287.00,567.00,1,1,-1,-1
1610,70,108.00,108.00,102.00,120.00,1,1,-1,-1
1611,69,0.00,156.00,1524.00,576.00,1,1,-1,-1
1612,69,0.00,174.00,1452.00,558.00,1,1,-1,-1
1612,71,168.00,120.00,105.00,132.00,1,1,-1,-1
1613,69,0.00,177.00,1242.00,555.00,1,1,-1,-1
1613,71,192.00,120.00,111.00,132.00,1,1,-1,-1
1614,69,3.00,180.00,1269.00,552.00,1,1,-1,-1
1614,71,222.00,123.00,102.00,123.00,1,1,-1,-1
1615,69,-0.00,153.00,1638.00,585.00,1,1,-1,-1
1615,71,252.00,123.00,102.00,138.00,1,1,-1,-1
1616,69,-0.00,156.00,1638.00,582.00,1,1,-1,-1
1616,71,252.00,123.00,102.00,138.00,1,1,-1,-1
1617,69,0.00,186.00,1626.00,549.00,1,1,-1,-1
1618,69,0.00,180.00,1428.00,564.00,1,1,-1,-1
1619,69,6.00,186.00,1410.00,558.00,1,1,-1,-1
1620,69,9.00,195.00,1440.00,555.00,1,1,-1,-1
1620,72,357.00,135.00,111.00,150.00,1,1,-1,-1
1621,69,6.00,195.00,1464.00,549.00,1,1,-1,-1
1621,72,384.00,138.00,111.00,147.00,1,1,-1,-1
1622,69,6.00,195.00,1467.00,549.00,1,1,-1,-1
1622,72,384.00,138.00,111.00,147.00,1,1,-1,-1
1623,69,12.00,204.00,1482.00,552.00,1,1,-1,-1
1624,69,6.00,195.00,1494.00,555.00,1,1,-1,-1
1625,69,30.00,204.00,1506.00,537.00,1,1,-1,-1
1626,69,24.00,216.00,1548.00,528.00,1,1,-1,-1
1627,69,33.00,210.00,1575.00,540.00,1,1,-1,-1
1628,69,36.00,210.00,1566.00,540.00,1,1,-1,-1
1629,69,57.00,216.00,1575.00,543.00,1,1,-1,-1
1630,69,75.00,219.00,1623.00,534.00,1,1,-1,-1
1631,69,93.00,213.00,1599.00,543.00,1,1,-1,-1
1632,69,60.00,207.00,1662.00,543.00,1,1,-1,-1
1633,69,69.00,213.00,1668.00,546.00,1,1,-1,-1
1634,69,69.00,213.00,1665.00,546.00,1,1,-1,-1
1635,69,72.00,210.00,1671.00,543.00,1,1,-1,-1
1636,69,105.00,219.00,1614.00,525.00,1,1,-1,-1
1637,69,99.00,213.00,1641.00,537.00,1,1,-1,-1
1638,69,114.00,210.00,1620.00,552.00,1,1,-1,-1
1639,69,108.00,213.00,1743.00,567.00,1,1,-1,-1
1640,69,108.00,213.00,1743.00,567.00,1,1,-1,-1
1641,69,123.00,228.00,1728.00,522.00,1,1,-1,-1
1642,69,126.00,228.00,1728.00,516.00,1,1,-1,-1
1643,69,135.00,222.00,1701.00,552.00,1,1,-1,-1
1644,69,111.00,210.00,1746.00,552.00,1,1,-1,-1
1645,69,117.00,216.00,1749.00,546.00,1,1,-1,-1
1646,69,120.00,216.00,1746.00,546.00,1,1,-1,-1
1647,69,132.00,231.00,1722.00,540.00,1,1,-1,-1
1648,69,96.00,237.00,1776.00,528.00,1,1,-1,-1
1649,69,156.00,243.00,1674.00,507.00,1,1,-1,-1
1650,69,129.00,258.00,1731.00,480.00,1,1,-1,-1
1651,69,135.00,249.00,1734.00,480.00,1,1,-1,-1
1652,69,138.00,249.00,1725.00,480.00,1,1,-1,-1
1653,69,177.00,240.00,1677.00,504.00,1,1,-1,-1
1654,69,189.00,249.00,1644.00,483.00,1,1,-1,-1
1655,69,174.00,249.00,1674.00,498.00,1,1,-1,-1
1656,69,192.00,249.00,1632.00,477.00,1,1,-1,-1
1657,69,219.00,258.00,1587.00,471.00,1,1,-1,-1
1658,69,219.00,258.00,1584.00,471.00,1,1,-1,-1
1659,69,207.00,240.00,1605.00,528.00,1,1,-1,-1
1660,69,213.00,246.00,1611.00,498.00,1,1,-1,-1
1661,69,246.00,252.00,1563.00,480.00,1,1,-1,-1
1662,69,246.00,261.00,1575.00,468.00,1,1,-1,-1
1663,69,315.00,273.00,1542.00,450.00,1,1,-1,-1
1664,69,312.00,273.00,1548.00,453.00,1,1,-1,-1
1665,69,306.00,273.00,1563.00,456.00,1,1,-1,-1
1666,69,249.00,279.00,1560.00,447.00,1,1,-1,-1
1667,69,243.00,288.00,1578.00,426.00,1,1,-1,-1
1668,69,234.00,282.00,1587.00,441.00,1,1,-1,-1
1669,69,219.00,276.00,1617.00,441.00,1,1,-1,-1
1670,69,216.00,276.00,1620.00,441.00,1,1,-1,-1
1671,69,291.00,279.00,1590.00,435.00,1,1,-1,-1
1672,69,204.00,276.00,1650.00,435.00,1,1,-1,-1
1673,69,318.00,270.00,1551.00,438.00,1,1,-1,-1
1674,69,324.00,264.00,1536.00,438.00,1,1,-1,-1
1675,69,324.00,258.00,1524.00,438.00,1,1,-1,-1
1676,69,324.00,258.00,1524.00,438.00,1,1,-1,-1
1677,69,300.00,264.00,1560.00,435.00,1,1,-1,-1
1678,69,294.00,270.00,1578.00,429.00,1,1,-1,-1
1679,69,294.00,276.00,1584.00,423.00,1,1,-1,-1
1680,69,300.00,270.00,1575.00,420.00,1,1,-1,-1
1681,69,294.00,270.00,1578.00,423.00,1,1,-1,-1
1682,69,294.00,270.00,1578.00,423.00,1,1,-1,-1
1683,69,324.00,276.00,1542.00,414.00,1,1,-1,-1
1684,69,324.00,279.00,1554.00,411.00,1,1,-1,-1
1685,69,348.00,282.00,1533.00,408.00,1,1,-1,-1
1686,69,465.00,279.00,1437.00,411.00,1,1,-1,-1
1687,69,330.00,282.00,1557.00,405.00,1,1,-1,-1
1688,69,330.00,282.00,1560.00,405.00,1,1,-1,-1
1689,69,342.00,276.00,1536.00,411.00,1,1,-1,-1
1690,69,348.00,282.00,1527.00,405.00,1,1,-1,-1
1691,69,444.00,279.00,1476.00,402.00,1,1,-1,-1
1692,69,423.00,282.00,1497.00,399.00,1,1,-1,-1
1693,69,417.00,276.00,1503.00,402.00,1,1,-1,-1
1694,69,417.00,276.00,1503.00,402.00,1,1,-1,-1
1695,69,423.00,273.00,1494.00,408.00,1,1,-1,-1
1696,69,426.00,276.00,1494.00,402.00,1,1,-1,-1
1697,69,450.00,276.00,1470.00,405.00,1,1,-1,-1
1698,69,435.00,282.00,1485.00,396.00,1,1,-1,-1
1699,69,417.00,276.00,1437.00,402.00,1,1,-1,-1
1700,69,417.00,276.00,1437.00,402.00,1,1,-1,-1
1701,69,408.00,282.00,1446.00,396.00,1,1,-1,-1
1702,69,447.00,279.00,1455.00,399.00,1,1,-1,-1
1703,69,468.00,282.00,1440.00,393.00,1,1,-1,-1
1704,69,474.00,288.00,1440.00,390.00,1,1,-1,-1
1705,69,462.00,291.00,1446.00,396.00,1,1,-1,-1
1706,69,462.00,291.00,1446.00,396.00,1,1,-1,-1
1707,69,498.00,291.00,1404.00,393.00,1,1,-1,-1
1708,69,816.00,282.00,1104.00,384.00,1,1,-1,-1
1709,69,810.00,288.00,1110.00,372.00,1,1,-1,-1
1710,69,738.00,294.00,1140.00,378.00,1,1,-1,-1
1711,69,537.00,300.00,1347.00,381.00,1,1,-1,-1
1712,69,537.00,300.00,1347.00,381.00,1,1,-1,-1
1713,69,507.00,297.00,1371.00,381.00,1,1,-1,-1
1714,69,498.00,300.00,1386.00,372.00,1,1,-1,-1
1715,69,492.00,303.00,1398.00,372.00,1,1,-1,-1
1716,69,513.00,297.00,1371.00,378.00,1,1,-1,-1
1717,69,447.00,303.00,1380.00,381.00,1,1,-1,-1
1718,69,459.00,303.00,1362.00,381.00,1,1,-1,-1
1719,69,513.00,306.00,1377.00,375.00,1,1,-1,-1
1720,69,498.00,300.00,1392.00,381.00,1,1,-1,-1
1721,69,486.00,303.00,1398.00,384.00,1,1,-1,-1
1722,69,510.00,306.00,1368.00,372.00,1,1,-1,-1
1723,69,522.00,303.00,1353.00,375.00,1,1,-1,-1
1723,73,573.00,414.00,417.00,228.00,1,1,-1,-1
1724,69,522.00,303.00,1353.00,375.00,1,1,-1,-1
1724,73,573.00,414.00,417.00,228.00,1,1,-1,-1
1725,69,492.00,315.00,1398.00,369.00,1,1,-1,-1
1725,74,1299.00,1029.00,126.00,45.00,1,1,-1,-1
1726,69,459.00,309.00,1443.00,369.00,1,1,-1,-1
1727,69,486.00,321.00,1395.00,357.00,1,1,-1,-1
1728,69,513.00,321.00,1359.00,339.00,1,1,-1,-1
1729,69,510.00,321.00,1350.00,336.00,1,1,-1,-1
1730,69,513.00,321.00,1347.00,336.00,1,1,-1,-1
1731,69,525.00,330.00,1314.00,330.00,1,1,-1,-1
1732,69,528.00,327.00,1314.00,339.00,1,1,-1,-1
1733,69,537.00,330.00,1284.00,330.00,1,1,-1,-1
1734,69,564.00,330.00,1176.00,333.00,1,1,-1,-1
1735,69,552.00,330.00,1194.00,342.00,1,1,-1,-1
1736,69,555.00,330.00,1191.00,342.00,1,1,-1,-1
1737,69,510.00,333.00,1335.00,342.00,1,1,-1,-1
1738,69,555.00,333.00,1203.00,342.00,1,1,-1,-1
1739,69,510.00,333.00,1335.00,336.00,1,1,-1,-1
1740,69,543.00,336.00,1227.00,345.00,1,1,-1,-1
1741,69,498.00,333.00,1383.00,345.00,1,1,-1,-1
1742,69,501.00,333.00,1377.00,345.00,1,1,-1,-1
1743,69,531.00,336.00,1305.00,327.00,1,1,-1,-1
1744,69,531.00,342.00,1323.00,321.00,1,1,-1,-1
1745,69,546.00,339.00,1266.00,318.00,1,1,-1,-1
1746,69,540.00,339.00,1260.00,312.00,1,1,-1,-1
1747,69,555.00,339.00,1188.00,339.00,1,1,-1,-1
1748,69,555.00,339.00,1185.00,339.00,1,1,-1,-1
1749,69,552.00,345.00,1182.00,327.00,1,1,-1,-1
1750,69,558.00,342.00,1179.00,336.00,1,1,-1,-1
1751,69,546.00,333.00,1251.00,333.00,1,1,-1,-1
1752,69,549.00,342.00,1242.00,321.00,1,1,-1,-1
1753,69,558.00,342.00,1167.00,327.00,1,1,-1,-1
1754,69,564.00,342.00,1161.00,333.00,1,1,-1,-1
1755,69,564.00,342.00,1161.00,330.00,1,1,-1,-1
1756,69,558.00,345.00,1173.00,327.00,1,1,-1,-1
1757,69,552.00,345.00,1257.00,318.00,1,1,-1,-1
1758,69,558.00,345.00,1239.00,321.00,1,1,-1,-1
1771,75,15.00,0.00,1905.00,762.00,1,1,-1,-1
1772,75,39.00,0.00,1881.00,762.00,1,1,-1,-1
1773,75,54.00,0.00,1848.00,750.00,1,1,-1,-1
1774,75,54.00,0.00,1848.00,750.00,1,1,-1,-1
1781,75,54.00,0.00,1833.00,642.00,1,1,-1,-1
1790,76,570.00,516.00,507.00,240.00,1,1,-1,-1
1791,77,462.00,513.00,177.00,156.00,1,1,-1,-1
1792,77,462.00,513.00,177.00,156.00,1,1,-1,-1
1809,78,1551.00,174.00,342.00,267.00,1,1,-1,-1
1810,78,1551.00,177.00,342.00,264.00,1,1,-1,-1
1811,78,1557.00,174.00,327.00,249.00,1,1,-1,-1
1812,78,1569.00,183.00,309.00,216.00,1,1,-1,-1
1813,78,1536.00,156.00,366.00,288.00,1,1,-1,-1
1815,79,825.00,390.00,393.00,255.00,1,1,-1,-1
1816,79,816.00,384.00,414.00,267.00,1,1,-1,-1
1818,80,1788.00,312.00,132.00,201.00,1,1,-1,-1
1820,81,1662.00,60.00,249.00,288.00,1,1,-1,-1
1821,81,1686.00,60.00,234.00,267.00,1,1,-1,-1
1821,82,1782.00,312.00,138.00,162.00,1,1,-1,-1
1822,81,1701.00,33.00,213.00,255.00,1,1,-1,-1
1823,81,1701.00,33.00,213.00,255.00,1,1,-1,-1
1824,81,1710.00,36.00,204.00,273.00,1,1,-1,-1
1834,81,1704.00,93.00,204.00,201.00,1,1,-1,-1
1835,81,1704.00,93.00,204.00,201.00,1,1,-1,-1
1838,81,1656.00,150.00,198.00,189.00,1,1,-1,-1
1874,83,-0.00,516.00,522.00,510.00,1,1,-1,-1
1875,83,-0.00,516.00,522.00,510.00,1,1,-1,-1
1894,83,0.00,501.00,540.00,531.00,1,1,-1,-1
1906,83,0.00,525.00,513.00,492.00,1,1,-1,-1
1907,83,-0.00,525.00,510.00,492.00,1,1,-1,-1
1915,83,0.00,528.00,504.00,492.00,1,1,-1,-1
1922,83,0.00,519.00,546.00,516.00,1,1,-1,-1
1923,83,0.00,522.00,546.00,516.00,1,1,-1,-1
1926,83,3.00,525.00,540.00,501.00,1,1,-1,-1
1930,83,0.00,555.00,537.00,471.00,1,1,-1,-1
1931,83,3.00,546.00,528.00,480.00,1,1,-1,-1
1932,83,3.00,540.00,519.00,498.00,1,1,-1,-1
1933,83,3.00,522.00,519.00,522.00,1,1,-1,-1
1939,83,3.00,495.00,528.00,561.00,1,1,-1,-1
1940,83,3.00,477.00,534.00,582.00,1,1,-1,-1
1941,83,3.00,474.00,534.00,585.00,1,1,-1,-1
1942,83,-0.00,480.00,534.00,582.00,1,1,-1,-1
1943,83,0.00,498.00,525.00,561.00,1,1,-1,-1
1944,83,3.00,483.00,528.00,573.00,1,1,-1,-1
1962,84,1809.00,591.00,111.00,120.00,1,1,-1,-1
1969,84,1806.00,579.00,114.00,135.00,1,1,-1,-1
1986,85,792.00,456.00,675.00,312.00,1,1,-1,-1
1986,86,534.00,-0.00,207.00,69.00,1,1,-1,-1
1987,85,789.00,462.00,681.00,303.00,1,1,-1,-1
1987,86,522.00,-0.00,207.00,69.00,1,1,-1,-1
1988,85,789.00,462.00,684.00,300.00,1,1,-1,-1
1988,86,513.00,0.00,204.00,66.00,1,1,-1,-1
1989,85,783.00,468.00,690.00,294.00,1,1,-1,-1
1989,86,510.00,-0.00,207.00,69.00,1,1,-1,-1
1990,85,783.00,468.00,693.00,297.00,1,1,-1,-1
1990,86,504.00,-0.00,195.00,69.00,1,1,-1,-1
1991,85,783.00,468.00,696.00,297.00,1,1,-1,-1
1991,86,504.00,-0.00,195.00,69.00,1,1,-1,-1
1992,85,786.00,471.00,693.00,291.00,1,1,-1,-1
1992,86,501.00,-0.00,201.00,69.00,1,1,-1,-1
1993,85,786.00,468.00,702.00,297.00,1,1,-1,-1
1993,86,489.00,-0.00,201.00,69.00,1,1,-1,-1
1994,85,786.00,468.00,702.00,294.00,1,1,-1,-1
1994,86,486.00,-0.00,195.00,69.00,1,1,-1,-1
1994,87,0.00,285.00,132.00,87.00,1,1,-1,-1
1995,85,786.00,474.00,702.00,288.00,1,1,-1,-1
1995,86,480.00,0.00,201.00,66.00,1,1,-1,-1
1995,87,-0.00,282.00,123.00,90.00,1,1,-1,-1
1996,85,789.00,465.00,699.00,300.00,1,1,-1,-1
1996,86,468.00,0.00,201.00,66.00,1,1,-1,-1
1996,87,0.00,282.00,114.00,90.00,1,1,-1,-1
1997,85,789.00,465.00,699.00,300.00,1,1,-1,-1
1997,86,468.00,0.00,201.00,66.00,1,1,-1,-1
1998,85,789.00,465.00,702.00,300.00,1,1,-1,-1
1998,86,462.00,0.00,204.00,66.00,1,1,-1,-1
1999,85,795.00,474.00,699.00,291.00,1,1,-1,-1
1999,86,456.00,0.00,192.00,66.00,1,1,-1,-1
2000,85,792.00,474.00,708.00,288.00,1,1,-1,-1
2000,86,447.00,0.00,198.00,66.00,1,1,-1,-1
2001,85,792.00,477.00,708.00,285.00,1,1,-1,-1
2001,86,444.00,0.00,198.00,66.00,1,1,-1,-1
2002,85,786.00,471.00,714.00,297.00,1,1,-1,-1
2002,86,441.00,0.00,198.00,66.00,1,1,-1,-1
2003,85,786.00,471.00,714.00,297.00,1,1,-1,-1
2003,86,441.00,0.00,198.00,66.00,1,1,-1,-1
2004,85,789.00,468.00,717.00,306.00,1,1,-1,-1
2004,86,432.00,0.00,204.00,66.00,1,1,-1,-1
2005,85,783.00,468.00,726.00,300.00,1,1,-1,-1
2005,86,414.00,0.00,210.00,66.00,1,1,-1,-1
2006,85,786.00,468.00,726.00,300.00,1,1,-1,-1
2006,86,414.00,0.00,204.00,66.00,1,1,-1,-1
2007,85,789.00,465.00,726.00,306.00,1,1,-1,-1
2007,86,411.00,0.00,204.00,66.00,1,1,-1,-1
2008,85,783.00,465.00,735.00,309.00,1,1,-1,-1
2008,86,399.00,0.00,204.00,66.00,1,1,-1,-1
2009,85,783.00,465.00,735.00,309.00,1,1,-1,-1
2009,86,399.00,0.00,204.00,66.00,1,1,-1,-1
2010,85,813.00,465.00,702.00,312.00,1,1,-1,-1
2010,86,396.00,0.00,201.00,66.00,1,1,-1,-1
2011,85,801.00,456.00,717.00,312.00,1,1,-1,-1
2011,86,390.00,0.00,198.00,66.00,1,1,-1,-1
2012,85,807.00,453.00,714.00,318.00,1,1,-1,-1
2012,86,381.00,0.00,201.00,66.00,1,1,-1,-1
2013,85,804.00,456.00,720.00,312.00,1,1,-1,-1
2013,86,372.00,0.00,204.00,66.00,1,1,-1,-1
2014,85,804.00,462.00,723.00,306.00,1,1,-1,-1
2014,86,366.00,0.00,204.00,66.00,1,1,-1,-1
2015,85,798.00,459.00,726.00,303.00,1,1,-1,-1
2015,86,366.00,0.00,204.00,66.00,1,1,-1,-1
2016,85,798.00,450.00,732.00,315.00,1,1,-1,-1
2016,86,360.00,0.00,198.00,66.00,1,1,-1,-1
2017,85,816.00,459.00,714.00,306.00,1,1,-1,-1
2017,86,348.00,0.00,201.00,63.00,1,1,-1,-1
2018,85,816.00,459.00,717.00,306.00,1,1,-1,-1
2018,86,345.00,0.00,198.00,66.00,1,1,-1,-1
2019,85,816.00,462.00,717.00,303.00,1,1,-1,-1
2019,86,339.00,0.00,201.00,66.00,1,1,-1,-1
2020,85,813.00,477.00,720.00,285.00,1,1,-1,-1
2020,86,327.00,0.00,210.00,66.00,1,1,-1,-1
2021,85,813.00,477.00,720.00,285.00,1,1,-1,-1
2021,86,327.00,0.00,210.00,66.00,1,1,-1,-1
2022,85,813.00,474.00,723.00,288.00,1,1,-1,-1
2022,86,318.00,0.00,207.00,66.00,1,1,-1,-1
2023,85,813.00,462.00,723.00,300.00,1,1,-1,-1
2023,86,303.00,0.00,204.00,66.00,1,1,-1,-1
2024,85,810.00,474.00,726.00,288.00,1,1,-1,-1
2024,86,300.00,0.00,198.00,63.00,1,1,-1,-1
2025,85,810.00,480.00,726.00,282.00,1,1,-1,-1
2025,86,294.00,0.00,198.00,66.00,1,1,-1,-1
2026,85,810.00,483.00,726.00,279.00,1,1,-1,-1
2026,86,279.00,0.00,207.00,66.00,1,1,-1,-1
2027,85,810.00,483.00,726.00,279.00,1,1,-1,-1
2027,86,279.00,0.00,207.00,66.00,1,1,-1,-1
2028,85,810.00,480.00,726.00,285.00,1,1,-1,-1
2028,86,270.00,0.00,207.00,63.00,1,1,-1,-1
2029,85,816.00,477.00,714.00,285.00,1,1,-1,-1
2029,86,255.00,0.00,204.00,66.00,1,1,-1,-1
2030,85,807.00,474.00,726.00,291.00,1,1,-1,-1
2030,86,249.00,0.00,204.00,63.00,1,1,-1,-1
2031,85,810.00,480.00,723.00,282.00,1,1,-1,-1
2031,86,243.00,0.00,204.00,66.00,1,1,-1,-1
2032,85,804.00,468.00,732.00,294.00,1,1,-1,-1
2032,86,231.00,0.00,210.00,66.00,1,1,-1,-1
2033,85,804.00,468.00,732.00,294.00,1,1,-1,-1
2033,86,231.00,0.00,210.00,66.00,1,1,-1,-1
2034,85,810.00,465.00,723.00,297.00,1,1,-1,-1
2034,86,222.00,0.00,207.00,63.00,1,1,-1,-1
2035,85,792.00,468.00,750.00,288.00,1,1,-1,-1
2035,86,204.00,0.00,204.00,66.00,1,1,-1,-1
2036,85,792.00,474.00,750.00,282.00,1,1,-1,-1
2036,86,198.00,0.00,201.00,66.00,1,1,-1,-1
2037,85,792.00,474.00,750.00,282.00,1,1,-1,-1
2037,86,186.00,0.00,207.00,66.00,1,1,-1,-1
2038,85,792.00,468.00,750.00,288.00,1,1,-1,-1
2038,86,174.00,0.00,210.00,66.00,1,1,-1,-1
2039,85,789.00,465.00,753.00,291.00,1,1,-1,-1
2039,86,174.00,0.00,210.00,66.00,1,1,-1,-1
2040,85,786.00,465.00,753.00,285.00,1,1,-1,-1
2040,86,165.00,0.00,207.00,66.00,1,1,-1,-1
2041,85,783.00,456.00,753.00,294.00,1,1,-1,-1
2041,86,147.00,0.00,210.00,66.00,1,1,-1,-1
2042,85,780.00,456.00,756.00,291.00,1,1,-1,-1
2042,86,138.00,0.00,210.00,66.00,1,1,-1,-1
2043,85,762.00,462.00,780.00,282.00,1,1,-1,-1
2043,86,126.00,0.00,213.00,66.00,1,1,-1,-1
2044,85,762.00,471.00,774.00,273.00,1,1,-1,-1
2044,86,120.00,0.00,207.00,66.00,1,1,-1,-1
2045,85,765.00,471.00,771.00,273.00,1,1,-1,-1
2045,86,120.00,0.00,207.00,66.00,1,1,-1,-1
2046,85,768.00,465.00,768.00,279.00,1,1,-1,-1
2046,86,108.00,0.00,210.00,66.00,1,1,-1,-1
2047,85,768.00,468.00,765.00,279.00,1,1,-1,-1
2047,86,99.00,0.00,213.00,66.00,1,1,-1,-1
2048,85,762.00,468.00,765.00,282.00,1,1,-1,-1
2048,86,78.00,-0.00,213.00,69.00,1,1,-1,-1
2049,85,756.00,477.00,774.00,273.00,1,1,-1,-1
2049,86,72.00,0.00,204.00,66.00,1,1,-1,-1
2050,85,765.00,465.00,762.00,291.00,1,1,-1,-1
2050,86,57.00,-0.00,213.00,69.00,1,1,-1,-1
2051,85,768.00,465.00,762.00,291.00,1,1,-1,-1
2051,86,57.00,-0.00,213.00,69.00,1,1,-1,-1
2052,85,759.00,468.00,771.00,288.00,1,1,-1,-1
2052,86,51.00,-0.00,213.00,69.00,1,1,-1,-1
2053,85,744.00,474.00,780.00,276.00,1,1,-1,-1
2053,86,42.00,-0.00,216.00,69.00,1,1,-1,-1
2054,85,750.00,474.00,774.00,273.00,1,1,-1,-1
2054,86,21.00,-0.00,213.00,69.00,1,1,-1,-1
2055,85,726.00,474.00,798.00,276.00,1,1,-1,-1
2055,86,12.00,-0.00,210.00,72.00,1,1,-1,-1
2056,85,744.00,471.00,780.00,279.00,1,1,-1,-1
2056,86,6.00,-0.00,210.00,69.00,1,1,-1,-1
2057,85,732.00,477.00,786.00,273.00,1,1,-1,-1
2057,86,3.00,-0.00,201.00,72.00,1,1,-1,-1
2058,85,732.00,474.00,786.00,276.00,1,1,-1,-1
2058,86,3.00,-0.00,201.00,72.00,1,1,-1,-1
2059,85,720.00,468.00,798.00,288.00,1,1,-1,-1
2059,86,0.00,-0.00,201.00,72.00,1,1,-1,-1
2060,85,723.00,480.00,795.00,267.00,1,1,-1,-1
2060,86,0.00,-0.00,177.00,72.00,1,1,-1,-1
2061,85,735.00,483.00,780.00,258.00,1,1,-1,-1
2061,86,0.00,-0.00,168.00,72.00,1,1,-1,-1
2062,85,756.00,483.00,756.00,261.00,1,1,-1,-1
2062,86,0.00,-0.00,165.00,72.00,1,1,-1,-1
2063,85,762.00,480.00,750.00,264.00,1,1,-1,-1
2063,86,-0.00,-0.00,153.00,72.00,1,1,-1,-1
2064,85,762.00,480.00,750.00,264.00,1,1,-1,-1
2064,86,-0.00,-0.00,153.00,72.00,1,1,-1,-1
2065,85,756.00,480.00,750.00,264.00,1,1,-1,-1
2065,86,-0.00,-0.00,135.00,69.00,1,1,-1,-1
2066,85,762.00,483.00,747.00,261.00,1,1,-1,-1
2066,86,0.00,0.00,126.00,75.00,1,1,-1,-1
2067,85,762.00,483.00,750.00,261.00,1,1,-1,-1
2067,86,0.00,0.00,117.00,75.00,1,1,-1,-1
2068,85,756.00,477.00,753.00,267.00,1,1,-1,-1
2068,86,0.00,0.00,114.00,75.00,1,1,-1,-1
2069,85,765.00,474.00,741.00,276.00,1,1,-1,-1
2069,86,0.00,0.00,108.00,78.00,1,1,-1,-1
2070,85,765.00,477.00,741.00,273.00,1,1,-1,-1
2070,86,0.00,0.00,108.00,78.00,1,1,-1,-1
2071,85,765.00,477.00,735.00,267.00,1,1,-1,-1
2071,86,0.00,0.00,102.00,78.00,1,1,-1,-1
2072,85,753.00,477.00,747.00,261.00,1,1,-1,-1
2073,85,753.00,480.00,747.00,258.00,1,1,-1,-1
2074,85,744.00,474.00,759.00,264.00,1,1,-1,-1
2075,85,750.00,468.00,756.00,276.00,1,1,-1,-1
2076,85,750.00,468.00,756.00,276.00,1,1,-1,-1
2077,85,741.00,459.00,771.00,279.00,1,1,-1,-1
2078,85,750.00,426.00,756.00,315.00,1,1,-1,-1
2079,85,750.00,420.00,756.00,315.00,1,1,-1,-1
2080,85,744.00,417.00,762.00,315.00,1,1,-1,-1
2081,85,741.00,435.00,759.00,285.00,1,1,-1,-1
2082,85,738.00,417.00,762.00,303.00,1,1,-1,-1
2083,85,729.00,420.00,774.00,306.00,1,1,-1,-1
2084,85,756.00,450.00,738.00,270.00,1,1,-1,-1
2085,85,750.00,393.00,756.00,336.00,1,1,-1,-1
2085,88,753.00,228.00,750.00,510.00,1,1,-1,-1
2086,85,747.00,408.00,756.00,309.00,1,1,-1,-1
2086,88,747.00,228.00,753.00,501.00,1,1,-1,-1
2087,88,747.00,225.00,756.00,507.00,1,1,-1,-1
2088,88,738.00,225.00,768.00,507.00,1,1,-1,-1
2088,89,741.00,384.00,765.00,336.00,1,1,-1,-1
2089,88,744.00,228.00,762.00,516.00,1,1,-1,-1
2089,89,744.00,393.00,762.00,336.00,1,1,-1,-1
2090,89,750.00,429.00,750.00,288.00,1,1,-1,-1
2091,89,756.00,426.00,744.00,294.00,1,1,-1,-1
2092,89,756.00,438.00,744.00,288.00,1,1,-1,-1
2093,89,759.00,441.00,741.00,279.00,1,1,-1,-1
2094,89,759.00,447.00,741.00,273.00,1,1,-1,-1
2095,89,750.00,462.00,750.00,249.00,1,1,-1,-1
2096,89,747.00,471.00,753.00,240.00,1,1,-1,-1
2097,89,741.00,462.00,759.00,258.00,1,1,-1,-1
2098,89,744.00,465.00,753.00,249.00,1,1,-1,-1
2099,89,744.00,468.00,747.00,243.00,1,1,-1,-1
2100,89,744.00,468.00,750.00,243.00,1,1,-1,-1
2101,89,729.00,468.00,762.00,240.00,1,1,-1,-1
2102,89,741.00,462.00,750.00,240.00,1,1,-1,-1
2103,89,729.00,456.00,759.00,246.00,1,1,-1,-1
2104,89,717.00,453.00,771.00,246.00,1,1,-1,-1
2105,89,708.00,444.00,780.00,255.00,1,1,-1,-1
2106,89,708.00,447.00,780.00,252.00,1,1,-1,-1
2107,89,708.00,459.00,780.00,240.00,1,1,-1,-1
2108,89,732.00,462.00,750.00,234.00,1,1,-1,-1
2109,89,720.00,456.00,762.00,237.00,1,1,-1,-1
2110,89,708.00,456.00,774.00,243.00,1,1,-1,-1
2111,89,723.00,456.00,756.00,240.00,1,1,-1,-1
2112,89,726.00,456.00,756.00,240.00,1,1,-1,-1
2113,89,696.00,444.00,792.00,252.00,1,1,-1,-1
2114,89,699.00,261.00,783.00,435.00,1,1,-1,-1
2115,89,723.00,438.00,759.00,249.00,1,1,-1,-1
2133,90,153.00,831.00,219.00,123.00,1,1,-1,-1
2134,91,1887.00,696.00,33.00,48.00,1,1,-1,-1
2153,92,411.00,585.00,168.00,99.00,1,1,-1,-1
2154,92,411.00,585.00,168.00,99.00,1,1,-1,-1
2168,93,453.00,618.00,174.00,114.00,1,1,-1,-1
2240,94,1845.00,615.00,75.00,180.00,1,1,-1,-1
2260,95,294.00,447.00,453.00,162.00,1,1,-1,-1
2278,96,291.00,324.00,414.00,198.00,1,1,-1,-1
2311,97,711.00,636.00,234.00,168.00,1,1,-1,-1
2312,97,711.00,633.00,237.00,171.00,1,1,-1,-1
2313,97,711.00,633.00,237.00,171.00,1,1,-1,-1
2314,97,714.00,630.00,237.00,174.00,1,1,-1,-1
2315,97,717.00,630.00,237.00,174.00,1,1,-1,-1
2316,97,720.00,633.00,237.00,174.00,1,1,-1,-1
2317,97,723.00,630.00,237.00,177.00,1,1,-1,-1
2318,97,726.00,630.00,237.00,174.00,1,1,-1,-1
2319,97,726.00,630.00,237.00,177.00,1,1,-1,-1
2320,97,726.00,633.00,240.00,174.00,1,1,-1,-1
2321,97,732.00,633.00,237.00,174.00,1,1,-1,-1
2322,97,735.00,633.00,237.00,177.00,1,1,-1,-1
2323,97,741.00,636.00,231.00,171.00,1,1,-1,-1
2324,97,744.00,636.00,228.00,168.00,1,1,-1,-1
2325,97,744.00,636.00,228.00,168.00,1,1,-1,-1
2326,97,747.00,636.00,225.00,168.00,1,1,-1,-1
2327,97,750.00,636.00,228.00,171.00,1,1,-1,-1
2328,97,750.00,636.00,228.00,174.00,1,1,-1,-1
2329,97,759.00,642.00,225.00,165.00,1,1,-1,-1
2330,97,759.00,639.00,231.00,171.00,1,1,-1,-1
2331,97,759.00,639.00,231.00,171.00,1,1,-1,-1
2332,97,762.00,642.00,228.00,168.00,1,1,-1,-1
2333,97,765.00,642.00,228.00,168.00,1,1,-1,-1
2334,97,768.00,642.00,225.00,168.00,1,1,-1,-1
2335,97,774.00,642.00,228.00,168.00,1,1,-1,-1
2336,97,771.00,642.00,231.00,171.00,1,1,-1,-1
2337,97,774.00,645.00,228.00,168.00,1,1,-1,-1
2338,97,774.00,645.00,231.00,168.00,1,1,-1,-1
2339,97,774.00,645.00,234.00,171.00,1,1,-1,-1
2340,97,774.00,642.00,237.00,174.00,1,1,-1,-1
2341,97,777.00,642.00,228.00,171.00,1,1,-1,-1
2342,97,780.00,645.00,240.00,177.00,1,1,-1,-1
2343,97,780.00,642.00,237.00,177.00,1,1,-1,-1
2344,97,780.00,639.00,237.00,183.00,1,1,-1,-1
2345,97,783.00,639.00,231.00,183.00,1,1,-1,-1
2346,97,786.00,636.00,228.00,186.00,1,1,-1,-1
2347,97,789.00,633.00,222.00,189.00,1,1,-1,-1
2348,97,795.00,642.00,234.00,183.00,1,1,-1,-1
2349,97,795.00,642.00,234.00,183.00,1,1,-1,-1
2350,97,795.00,642.00,234.00,186.00,1,1,-1,-1
2351,97,795.00,636.00,234.00,192.00,1,1,-1,-1
2352,97,798.00,651.00,240.00,177.00,1,1,-1,-1
2353,97,798.00,648.00,246.00,183.00,1,1,-1,-1
2354,97,804.00,648.00,234.00,180.00,1,1,-1,-1
2355,97,804.00,648.00,231.00,180.00,1,1,-1,-1
2356,97,807.00,639.00,237.00,192.00,1,1,-1,-1
2357,97,807.00,651.00,243.00,180.00,1,1,-1,-1
2358,97,810.00,663.00,246.00,171.00,1,1,-1,-1
2359,97,816.00,660.00,240.00,174.00,1,1,-1,-1
2360,97,813.00,660.00,246.00,177.00,1,1,-1,-1
2361,97,813.00,660.00,246.00,177.00,1,1,-1,-1
2362,97,819.00,657.00,246.00,180.00,1,1,-1,-1
2363,97,816.00,657.00,246.00,183.00,1,1,-1,-1
2364,97,822.00,657.00,246.00,183.00,1,1,-1,-1
2365,97,822.00,654.00,249.00,189.00,1,1,-1,-1
2366,97,828.00,666.00,237.00,180.00,1,1,-1,-1
2367,97,828.00,666.00,237.00,180.00,1,1,-1,-1
2368,97,828.00,672.00,246.00,177.00,1,1,-1,-1
2369,97,828.00,672.00,252.00,177.00,1,1,-1,-1
2370,97,834.00,675.00,249.00,180.00,1,1,-1,-1
2371,97,834.00,675.00,246.00,180.00,1,1,-1,-1
2372,97,843.00,675.00,243.00,183.00,1,1,-1,-1
2373,97,843.00,675.00,243.00,183.00,1,1,-1,-1
2374,97,846.00,669.00,237.00,189.00,1,1,-1,-1
2375,97,852.00,672.00,231.00,189.00,1,1,-1,-1
2376,97,852.00,684.00,234.00,177.00,1,1,-1,-1
2376,98,675.00,642.00,168.00,75.00,1,1,-1,-1
2377,97,855.00,675.00,237.00,189.00,1,1,-1,-1
2377,98,672.00,642.00,171.00,75.00,1,1,-1,-1
2378,97,858.00,675.00,237.00,189.00,1,1,-1,-1
2379,97,858.00,675.00,237.00,189.00,1,1,-1,-1
2380,97,858.00,675.00,237.00,189.00,1,1,-1,-1
2380,99,705.00,642.00,141.00,84.00,1,1,-1,-1
2381,97,858.00,678.00,228.00,186.00,1,1,-1,-1
2382,97,858.00,684.00,237.00,183.00,1,1,-1,-1
2383,97,858.00,684.00,249.00,186.00,1,1,-1,-1
2384,97,861.00,687.00,243.00,186.00,1,1,-1,-1
2385,97,861.00,687.00,243.00,186.00,1,1,-1,-1
2386,97,858.00,687.00,252.00,189.00,1,1,-1,-1
2387,97,867.00,696.00,249.00,183.00,1,1,-1,-1
2388,97,861.00,687.00,258.00,192.00,1,1,-1,-1
2389,97,864.00,696.00,258.00,192.00,1,1,-1,-1
2390,97,876.00,693.00,246.00,195.00,1,1,-1,-1
2391,97,876.00,693.00,246.00,195.00,1,1,-1,-1
2392,97,879.00,696.00,255.00,198.00,1,1,-1,-1
2393,97,879.00,702.00,258.00,192.00,1,1,-1,-1
2394,97,876.00,699.00,264.00,195.00,1,1,-1,-1
2395,97,882.00,699.00,249.00,198.00,1,1,-1,-1
2396,97,885.00,702.00,267.00,207.00,1,1,-1,-1
2397,97,885.00,702.00,267.00,207.00,1,1,-1,-1
2398,97,882.00,705.00,267.00,207.00,1,1,-1,-1
2399,97,885.00,702.00,273.00,210.00,1,1,-1,-1
2402,100,1020.00,633.00,60.00,48.00,1,1,-1,-1
2406,101,114.00,852.00,177.00,60.00,1,1,-1,-1
2407,101,114.00,852.00,177.00,60.00,1,1,-1,-1
2422,102,33.00,339.00,171.00,45.00,1,1,-1,-1
2422,103,1716.00,801.00,138.00,39.00,1,1,-1,-1
2423,103,1749.00,801.00,111.00,42.00,1,1,-1,-1
2424,103,1758.00,801.00,126.00,42.00,1,1,-1,-1
2424,104,42.00,339.00,177.00,45.00,1,1,-1,-1
2425,103,1758.00,804.00,120.00,39.00,1,1,-1,-1
2425,104,42.00,339.00,177.00,45.00,1,1,-1,-1
2430,105,-0.00,870.00,243.00,180.00,1,1,-1,-1
2430,106,243.00,1023.00,108.00,57.00,1,1,-1,-1
2431,105,-0.00,870.00,243.00,177.00,1,1,-1,-1
2431,106,243.00,1023.00,108.00,57.00,1,1,-1,-1
2433,105,0.00,876.00,228.00,168.00,1,1,-1,-1
2433,107,1671.00,786.00,165.00,45.00,1,1,-1,-1
2434,107,1680.00,783.00,180.00,57.00,1,1,-1,-1
2447,108,66.00,897.00,153.00,45.00,1,1,-1,-1
2448,109,1755.00,840.00,78.00,27.00,1,1,-1,-1
2448,110,1590.00,318.00,117.00,33.00,1,1,-1,-1
2449,109,1755.00,840.00,81.00,27.00,1,1,-1,-1
2449,110,1590.00,318.00,117.00,33.00,1,1,-1,-1
2450,109,1773.00,846.00,66.00,27.00,1,1,-1,-1
2451,109,1776.00,852.00,66.00,27.00,1,1,-1,-1
2451,111,51.00,921.00,96.00,36.00,1,1,-1,-1
2469,112,0.00,405.00,519.00,252.00,1,1,-1,-1
2470,112,138.00,414.00,429.00,240.00,1,1,-1,-1
2473,113,348.00,333.00,393.00,255.00,1,1,-1,-1
2474,113,348.00,333.00,393.00,255.00,1,1,-1,-1
2485,114,279.00,306.00,390.00,162.00,1,1,-1,-1
2486,114,279.00,306.00,390.00,162.00,1,1,-1,-1
2487,114,285.00,303.00,366.00,177.00,1,1,-1,-1
2491,115,1032.00,663.00,144.00,66.00,1,1,-1,-1
2492,115,1032.00,663.00,144.00,66.00,1,1,-1,-1
2531,116,36.00,468.00,759.00,231.00,1,1,-1,-1
2533,116,33.00,462.00,807.00,258.00,1,1,-1,-1
2548,117,57.00,105.00,1095.00,585.00,1,1,-1,-1
2549,117,72.00,96.00,1110.00,606.00,1,1,-1,-1
2550,117,99.00,246.00,1083.00,456.00,1,1,-1,-1
2551,117,102.00,243.00,1080.00,459.00,1,1,-1,-1
2552,117,117.00,237.00,1071.00,474.00,1,1,-1,-1
2553,117,48.00,87.00,1206.00,624.00,1,1,-1,-1
2554,117,30.00,87.00,1230.00,627.00,1,1,-1,-1
2555,117,21.00,81.00,1251.00,630.00,1,1,-1,-1
2556,117,15.00,78.00,1284.00,630.00,1,1,-1,-1
2557,117,12.00,78.00,1287.00,630.00,1,1,-1,-1
2558,117,3.00,69.00,1317.00,645.00,1,1,-1,-1
2559,117,84.00,69.00,1260.00,642.00,1,1,-1,-1
2560,117,72.00,216.00,1266.00,498.00,1,1,-1,-1
2561,117,30.00,66.00,1359.00,669.00,1,1,-1,-1
2562,117,3.00,57.00,1389.00,711.00,1,1,-1,-1
2563,117,3.00,57.00,1389.00,711.00,1,1,-1,-1
2564,117,12.00,48.00,1386.00,744.00,1,1,-1,-1
2565,117,6.00,39.00,1410.00,750.00,1,1,-1,-1
2566,117,0.00,39.00,1428.00,747.00,1,1,-1,-1
2568,117,3.00,123.00,1449.00,687.00,1,1,-1,-1
2569,117,3.00,120.00,1449.00,693.00,1,1,-1,-1
2570,117,9.00,24.00,1461.00,792.00,1,1,-1,-1
2585,117,60.00,195.00,1689.00,594.00,1,1,-1,-1
2588,117,36.00,141.00,1776.00,684.00,1,1,-1,-1
2592,118,138.00,327.00,1737.00,504.00,1,1,-1,-1
2593,118,138.00,324.00,1740.00,510.00,1,1,-1,-1
2594,118,135.00,336.00,1728.00,480.00,1,1,-1,-1
2595,118,126.00,342.00,1782.00,480.00,1,1,-1,-1
2596,118,120.00,348.00,1791.00,462.00,1,1,-1,-1
2597,118,135.00,330.00,1776.00,495.00,1,1,-1,-1
2598,118,120.00,357.00,1785.00,453.00,1,1,-1,-1
2599,118,117.00,360.00,1785.00,450.00,1,1,-1,-1
2600,118,108.00,363.00,1812.00,447.00,1,1,-1,-1
2601,118,147.00,351.00,1761.00,462.00,1,1,-1,-1
2602,118,294.00,345.00,1596.00,483.00,1,1,-1,-1
2603,118,276.00,345.00,1617.00,471.00,1,1,-1,-1
2604,118,264.00,357.00,1656.00,453.00,1,1,-1,-1
2605,118,261.00,360.00,1659.00,450.00,1,1,-1,-1
2606,118,261.00,366.00,1659.00,444.00,1,1,-1,-1
2607,118,255.00,381.00,1665.00,432.00,1,1,-1,-1
2610,118,909.00,345.00,999.00,471.00,1,1,-1,-1
2612,118,120.00,366.00,1791.00,456.00,1,1,-1,-1
2613,118,99.00,339.00,1803.00,498.00,1,1,-1,-1
2614,118,87.00,345.00,1806.00,489.00,1,1,-1,-1
2615,118,123.00,345.00,1752.00,477.00,1,1,-1,-1
2616,118,96.00,333.00,1797.00,504.00,1,1,-1,-1
2617,118,90.00,333.00,1803.00,504.00,1,1,-1,-1
2618,118,645.00,345.00,1254.00,474.00,1,1,-1,-1
2619,118,615.00,339.00,1293.00,489.00,1,1,-1,-1
2622,118,84.00,252.00,1833.00,702.00,1,1,-1,-1
2623,118,84.00,246.00,1830.00,708.00,1,1,-1,-1
2624,118,666.00,327.00,1245.00,525.00,1,1,-1,-1
2625,118,666.00,324.00,1245.00,546.00,1,1,-1,-1
2626,118,648.00,327.00,1260.00,531.00,1,1,-1,-1
2627,118,639.00,321.00,1263.00,534.00,1,1,-1,-1
2628,118,630.00,312.00,1278.00,546.00,1,1,-1,-1
2629,118,627.00,312.00,1284.00,546.00,1,1,-1,-1
2632,118,42.00,240.00,1878.00,678.00,1,1,-1,-1
2633,118,45.00,264.00,1875.00,624.00,1,1,-1,-1
2638,118,639.00,315.00,1245.00,555.00,1,1,-1,-1
2639,118,459.00,294.00,1461.00,582.00,1,1,-1,-1
2642,118,453.00,297.00,1467.00,579.00,1,1,-1,-1
2643,118,429.00,294.00,1491.00,591.00,1,1,-1,-1
2644,118,414.00,288.00,1506.00,600.00,1,1,-1,-1
2645,118,276.00,276.00,1644.00,618.00,1,1,-1,-1
2646,118,273.00,291.00,1647.00,597.00,1,1,-1,-1
2647,118,279.00,291.00,1641.00,597.00,1,1,-1,-1
2648,118,297.00,294.00,1611.00,582.00,1,1,-1,-1
2649,118,291.00,294.00,1629.00,591.00,1,1,-1,-1
2650,118,276.00,297.00,1641.00,582.00,1,1,-1,-1
2651,118,264.00,282.00,1644.00,600.00,1,1,-1,-1
2652,118,282.00,279.00,1623.00,603.00,1,1,-1,-1
2653,118,285.00,282.00,1617.00,600.00,1,1,-1,-1
2654,118,96.00,249.00,1824.00,642.00,1,1,-1,-1
2655,118,258.00,279.00,1662.00,615.00,1,1,-1,-1
2656,118,258.00,279.00,1662.00,615.00,1,1,-1,-1
2657,118,72.00,276.00,1848.00,615.00,1,1,-1,-1
2658,118,96.00,273.00,1824.00,618.00,1,1,-1,-1
2659,118,105.00,270.00,1815.00,621.00,1,1,-1,-1
2660,118,132.00,270.00,1788.00,624.00,1,1,-1,-1
2661,118,165.00,264.00,1755.00,630.00,1,1,-1,-1
2662,118,135.00,261.00,1785.00,651.00,1,1,-1,-1
2663,118,246.00,258.00,1668.00,648.00,1,1,-1,-1
2664,118,180.00,264.00,1716.00,621.00,1,1,-1,-1
2665,118,186.00,264.00,1710.00,621.00,1,1,-1,-1
2666,118,168.00,270.00,1713.00,612.00,1,1,-1,-1
2666,119,840.00,243.00,111.00,144.00,1,1,-1,-1
2667,118,141.00,270.00,1695.00,627.00,1,1,-1,-1
2667,119,834.00,240.00,120.00,150.00,1,1,-1,-1
2668,118,126.00,273.00,1743.00,618.00,1,1,-1,-1
2668,119,828.00,240.00,126.00,144.00,1,1,-1,-1
2669,118,144.00,270.00,1728.00,615.00,1,1,-1,-1
2670,118,165.00,270.00,1710.00,612.00,1,1,-1,-1
2671,118,159.00,267.00,1716.00,615.00,1,1,-1,-1
2672,118,126.00,264.00,1767.00,633.00,1,1,-1,-1
2673,118,117.00,267.00,1788.00,624.00,1,1,-1,-1
2674,118,99.00,270.00,1806.00,609.00,1,1,-1,-1
2674,120,834.00,228.00,120.00,162.00,1,1,-1,-1
2675,118,132.00,258.00,1764.00,630.00,1,1,-1,-1
2676,118,120.00,273.00,1776.00,585.00,1,1,-1,-1
2676,121,831.00,228.00,126.00,162.00,1,1,-1,-1
2677,118,117.00,276.00,1779.00,582.00,1,1,-1,-1
2677,121,831.00,228.00,126.00,162.00,1,1,-1,-1
2678,118,108.00,276.00,1782.00,588.00,1,1,-1,-1
2678,121,831.00,228.00,123.00,162.00,1,1,-1,-1
2679,118,117.00,270.00,1758.00,603.00,1,1,-1,-1
2680,118,90.00,267.00,1824.00,597.00,1,1,-1,-1
2681,118,96.00,258.00,1818.00,618.00,1,1,-1,-1
2682,118,60.00,261.00,1860.00,624.00,1,1,-1,-1
2683,118,66.00,258.00,1854.00,627.00,1,1,-1,-1
2686,118,132.00,207.00,1770.00,726.00,1,1,-1,-1
2687,118,138.00,195.00,1764.00,738.00,1,1,-1,-1
2695,118,93.00,87.00,1818.00,858.00,1,1,-1,-1
2696,118,96.00,90.00,1812.00,855.00,1,1,-1,-1
2700,122,681.00,201.00,453.00,315.00,1,1,-1,-1
2704,123,60.00,111.00,1860.00,759.00,1,1,-1,-1
2705,123,33.00,141.00,1887.00,693.00,1,1,-1,-1
2706,123,60.00,162.00,1860.00,651.00,1,1,-1,-1
2709,123,99.00,204.00,1803.00,567.00,1,1,-1,-1
2710,123,114.00,213.00,1770.00,567.00,1,1,-1,-1
2711,123,123.00,174.00,1761.00,660.00,1,1,-1,-1
2729,123,153.00,153.00,1515.00,645.00,1,1,-1,-1
2735,123,105.00,108.00,1482.00,615.00,1,1,-1,-1
2736,123,120.00,96.00,1398.00,645.00,1,1,-1,-1
2737,123,75.00,117.00,1437.00,684.00,1,1,-1,-1
2738,123,72.00,120.00,1440.00,678.00,1,1,-1,-1
2739,123,15.00,129.00,1518.00,678.00,1,1,-1,-1
2740,123,18.00,141.00,1482.00,651.00,1,1,-1,-1
2741,123,24.00,147.00,1467.00,642.00,1,1,-1,-1
2742,123,6.00,153.00,1452.00,630.00,1,1,-1,-1
2743,123,36.00,132.00,1419.00,564.00,1,1,-1,-1
2744,123,36.00,129.00,1416.00,567.00,1,1,-1,-1
2745,123,24.00,147.00,1422.00,633.00,1,1,-1,-1
2746,123,30.00,162.00,1413.00,609.00,1,1,-1,-1
2747,123,18.00,150.00,1422.00,642.00,1,1,-1,-1
2748,123,21.00,150.00,1449.00,645.00,1,1,-1,-1
2751,123,51.00,126.00,1347.00,552.00,1,1,-1,-1
2753,123,15.00,168.00,1278.00,486.00,1,1,-1,-1
2753,124,438.00,174.00,114.00,120.00,1,1,-1,-1
2754,123,27.00,144.00,1254.00,516.00,1,1,-1,-1
2755,123,15.00,120.00,1269.00,588.00,1,1,-1,-1
2756,123,15.00,120.00,1269.00,591.00,1,1,-1,-1
2758,123,21.00,129.00,1239.00,552.00,1,1,-1,-1
2760,123,48.00,132.00,1176.00,576.00,1,1,-1,-1
2761,123,81.00,132.00,1119.00,561.00,1,1,-1,-1
2762,123,81.00,129.00,1119.00,561.00,1,1,-1,-1
2763,123,72.00,132.00,1122.00,552.00,1,1,-1,-1
2764,123,639.00,123.00,522.00,483.00,1,1,-1,-1
2764,125,42.00,117.00,1143.00,558.00,1,1,-1,-1
2765,125,39.00,108.00,1143.00,582.00,1,1,-1,-1
2766,125,69.00,111.00,1083.00,564.00,1,1,-1,-1
2767,125,75.00,114.00,1074.00,552.00,1,1,-1,-1
2768,125,78.00,114.00,1071.00,552.00,1,1,-1,-1
2769,125,45.00,-0.00,1647.00,828.00,1,1,-1,-1
2770,125,6.00,0.00,1644.00,783.00,1,1,-1,-1
2771,125,69.00,0.00,1635.00,822.00,1,1,-1,-1
2772,125,54.00,-0.00,1647.00,825.00,1,1,-1,-1
2773,125,54.00,0.00,1644.00,822.00,1,1,-1,-1
2774,125,54.00,0.00,1656.00,810.00,1,1,-1,-1
2775,125,42.00,0.00,1674.00,816.00,1,1,-1,-1
2776,125,54.00,0.00,1638.00,831.00,1,1,-1,-1
2777,125,45.00,0.00,1659.00,822.00,1,1,-1,-1
2777,126,1683.00,717.00,237.00,273.00,1,1,-1,-1
2778,125,0.00,0.00,1677.00,819.00,1,1,-1,-1
2778,126,1650.00,723.00,270.00,279.00,1,1,-1,-1
2779,125,-0.00,0.00,1674.00,819.00,1,1,-1,-1
2779,126,1650.00,723.00,270.00,279.00,1,1,-1,-1
2780,125,0.00,0.00,1668.00,819.00,1,1,-1,-1
2780,126,1635.00,720.00,285.00,273.00,1,1,-1,-1
2781,125,0.00,0.00,1662.00,846.00,1,1,-1,-1
2781,126,1605.00,708.00,315.00,309.00,1,1,-1,-1
2782,125,6.00,0.00,1659.00,840.00,1,1,-1,-1
2782,126,1626.00,696.00,294.00,318.00,1,1,-1,-1
2783,125,12.00,0.00,1650.00,843.00,1,1,-1,-1
2783,126,1626.00,690.00,294.00,324.00,1,1,-1,-1
2784,125,3.00,99.00,915.00,726.00,1,1,-1,-1
2784,126,1587.00,696.00,333.00,306.00,1,1,-1,-1
2784,127,18.00,0.00,1719.00,876.00,1,1,-1,-1
2785,125,3.00,99.00,915.00,726.00,1,1,-1,-1
2785,126,1590.00,696.00,330.00,306.00,1,1,-1,-1
2785,127,15.00,0.00,1725.00,876.00,1,1,-1,-1
2786,127,-0.00,0.00,1647.00,846.00,1,1,-1,-1
2787,127,0.00,0.00,1641.00,861.00,1,1,-1,-1
2788,127,27.00,0.00,1713.00,918.00,1,1,-1,-1
2789,127,24.00,0.00,1725.00,912.00,1,1,-1,-1
2790,127,30.00,-0.00,1710.00,906.00,1,1,-1,-1
2791,127,30.00,-0.00,1713.00,906.00,1,1,-1,-1
2792,127,3.00,-0.00,1668.00,879.00,1,1,-1,-1
2793,127,0.00,0.00,1668.00,912.00,1,1,-1,-1
2794,127,0.00,-0.00,1632.00,882.00,1,1,-1,-1
2795,127,0.00,0.00,1650.00,903.00,1,1,-1,-1
2796,127,0.00,9.00,1773.00,900.00,1,1,-1,-1
2797,127,0.00,9.00,1776.00,900.00,1,1,-1,-1
2798,127,90.00,0.00,1776.00,900.00,1,1,-1,-1
2799,127,0.00,12.00,1809.00,903.00,1,1,-1,-1
2800,127,57.00,6.00,1842.00,927.00,1,1,-1,-1
2801,127,18.00,12.00,1902.00,906.00,1,1,-1,-1
2802,127,0.00,18.00,1842.00,900.00,1,1,-1,-1
2803,127,0.00,18.00,1842.00,900.00,1,1,-1,-1
2804,127,0.00,18.00,1839.00,906.00,1,1,-1,-1
2805,127,0.00,18.00,1824.00,897.00,1,1,-1,-1
2806,127,-0.00,12.00,1818.00,912.00,1,1,-1,-1
2807,127,0.00,18.00,1836.00,897.00,1,1,-1,-1
2808,127,0.00,18.00,1824.00,906.00,1,1,-1,-1
2809,127,-0.00,21.00,1827.00,903.00,1,1,-1,-1
2810,127,-0.00,18.00,1830.00,894.00,1,1,-1,-1
2811,127,18.00,9.00,1902.00,900.00,1,1,-1,-1
2812,127,0.00,15.00,1920.00,894.00,1,1,-1,-1
2813,127,12.00,6.00,1908.00,909.00,1,1,-1,-1
2814,127,0.00,9.00,1920.00,906.00,1,1,-1,-1
2815,127,0.00,9.00,1920.00,906.00,1,1,-1,-1
2816,127,0.00,24.00,1920.00,897.00,1,1,-1,-1
2817,127,9.00,3.00,1911.00,933.00,1,1,-1,-1
2818,127,0.00,-0.00,1920.00,936.00,1,1,-1,-1
2819,127,0.00,-0.00,1920.00,936.00,1,1,-1,-1
2820,127,0.00,6.00,1920.00,933.00,1,1,-1,-1
2821,127,0.00,6.00,1920.00,930.00,1,1,-1,-1
2822,127,0.00,12.00,1920.00,930.00,1,1,-1,-1
2823,127,9.00,6.00,1911.00,921.00,1,1,-1,-1
2824,127,6.00,0.00,1914.00,930.00,1,1,-1,-1
2825,127,9.00,6.00,1911.00,930.00,1,1,-1,-1
2826,127,6.00,3.00,1914.00,933.00,1,1,-1,-1
2827,127,3.00,3.00,1917.00,933.00,1,1,-1,-1
2828,127,0.00,0.00,1920.00,951.00,1,1,-1,-1
2829,127,0.00,6.00,1920.00,960.00,1,1,-1,-1
2830,127,0.00,6.00,1920.00,960.00,1,1,-1,-1
2831,127,0.00,3.00,1920.00,948.00,1,1,-1,-1
2832,127,0.00,6.00,1920.00,960.00,1,1,-1,-1
2833,127,0.00,6.00,1920.00,960.00,1,1,-1,-1
2834,127,0.00,21.00,1920.00,951.00,1,1,-1,-1
2835,127,0.00,21.00,1920.00,939.00,1,1,-1,-1
2836,127,0.00,6.00,1920.00,969.00,1,1,-1,-1
2837,128,99.00,336.00,900.00,333.00,1,1,-1,-1
2838,128,99.00,336.00,900.00,333.00,1,1,-1,-1
2839,128,99.00,336.00,918.00,333.00,1,1,-1,-1
2840,128,99.00,318.00,930.00,354.00,1,1,-1,-1
2841,128,117.00,336.00,927.00,339.00,1,1,-1,-1
2842,128,126.00,342.00,918.00,330.00,1,1,-1,-1
2843,128,129.00,348.00,927.00,330.00,1,1,-1,-1
2844,128,129.00,348.00,927.00,330.00,1,1,-1,-1
2845,128,141.00,342.00,954.00,336.00,1,1,-1,-1
2846,128,141.00,339.00,957.00,336.00,1,1,-1,-1
2847,128,153.00,351.00,954.00,333.00,1,1,-1,-1
2848,128,168.00,342.00,948.00,330.00,1,1,-1,-1
2849,128,165.00,336.00,966.00,339.00,1,1,-1,-1
2850,128,165.00,336.00,963.00,339.00,1,1,-1,-1
2851,128,177.00,345.00,951.00,324.00,1,1,-1,-1
2852,128,168.00,327.00,1035.00,348.00,1,1,-1,-1
2853,128,174.00,342.00,990.00,330.00,1,1,-1,-1
2854,128,171.00,336.00,1011.00,336.00,1,1,-1,-1
2855,128,183.00,339.00,1011.00,336.00,1,1,-1,-1
2856,128,183.00,339.00,1005.00,336.00,1,1,-1,-1
2857,128,198.00,345.00,987.00,327.00,1,1,-1,-1
2858,128,195.00,342.00,1005.00,333.00,1,1,-1,-1
2859,128,198.00,357.00,1002.00,318.00,1,1,-1,-1
2860,128,207.00,351.00,1023.00,327.00,1,1,-1,-1
2861,128,213.00,345.00,1053.00,336.00,1,1,-1,-1
2862,128,213.00,345.00,1053.00,336.00,1,1,-1,-1
2863,128,162.00,336.00,1164.00,348.00,1,1,-1,-1
2864,128,222.00,345.00,1122.00,342.00,1,1,-1,-1
2865,128,234.00,327.00,1110.00,357.00,1,1,-1,-1
2866,128,258.00,336.00,1116.00,348.00,1,1,-1,-1
2867,128,270.00,345.00,1140.00,339.00,1,1,-1,-1
2868,128,270.00,345.00,1140.00,339.00,1,1,-1,-1
2869,128,246.00,336.00,1203.00,357.00,1,1,-1,-1
2870,128,294.00,324.00,1188.00,375.00,1,1,-1,-1
2871,128,264.00,327.00,1263.00,372.00,1,1,-1,-1
2872,128,303.00,339.00,1212.00,360.00,1,1,-1,-1
2873,128,288.00,333.00,1287.00,369.00,1,1,-1,-1
2874,128,291.00,333.00,1281.00,372.00,1,1,-1,-1
2875,128,315.00,315.00,1320.00,396.00,1,1,-1,-1
2876,128,327.00,312.00,1308.00,402.00,1,1,-1,-1
2877,128,342.00,318.00,1314.00,390.00,1,1,-1,-1
2878,128,348.00,327.00,1326.00,384.00,1,1,-1,-1
2879,128,363.00,327.00,1323.00,387.00,1,1,-1,-1
2880,128,363.00,327.00,1317.00,387.00,1,1,-1,-1
2881,128,357.00,327.00,1335.00,390.00,1,1,-1,-1
2882,128,378.00,309.00,1398.00,414.00,1,1,-1,-1
2883,128,399.00,312.00,1356.00,414.00,1,1,-1,-1
2884,128,420.00,306.00,1326.00,432.00,1,1,-1,-1
2885,128,417.00,306.00,1377.00,432.00,1,1,-1,-1
2886,128,411.00,306.00,1383.00,432.00,1,1,-1,-1
2887,128,459.00,288.00,1419.00,456.00,1,1,-1,-1
2888,128,459.00,291.00,1413.00,453.00,1,1,-1,-1
2889,128,465.00,291.00,1413.00,453.00,1,1,-1,-1
2890,128,474.00,291.00,1443.00,456.00,1,1,-1,-1
2891,128,477.00,303.00,1443.00,444.00,1,1,-1,-1
2892,128,474.00,303.00,1446.00,444.00,1,1,-1,-1
2893,128,507.00,309.00,1413.00,441.00,1,1,-1,-1
2894,128,531.00,315.00,1365.00,438.00,1,1,-1,-1
2895,128,564.00,330.00,1314.00,426.00,1,1,-1,-1
2896,128,618.00,306.00,1287.00,450.00,1,1,-1,-1
2897,128,630.00,315.00,1266.00,441.00,1,1,-1,-1
2898,128,624.00,288.00,1275.00,477.00,1,1,-1,-1
2899,128,654.00,267.00,1242.00,495.00,1,1,-1,-1
2900,128,645.00,282.00,1266.00,486.00,1,1,-1,-1
2901,128,669.00,252.00,1236.00,522.00,1,1,-1,-1
2902,128,708.00,249.00,1206.00,528.00,1,1,-1,-1
2903,128,708.00,276.00,1200.00,492.00,1,1,-1,-1
2904,128,705.00,276.00,1206.00,492.00,1,1,-1,-1
2905,128,759.00,294.00,1143.00,468.00,1,1,-1,-1
2906,128,816.00,303.00,1104.00,471.00,1,1,-1,-1
2907,128,861.00,297.00,1053.00,480.00,1,1,-1,-1
2908,128,882.00,309.00,1038.00,465.00,1,1,-1,-1
2909,128,912.00,288.00,1008.00,480.00,1,1,-1,-1
2910,128,912.00,288.00,1008.00,480.00,1,1,-1,-1
2911,128,945.00,297.00,975.00,474.00,1,1,-1,-1
2912,128,972.00,273.00,942.00,519.00,1,1,-1,-1
2913,128,1005.00,243.00,915.00,528.00,1,1,-1,-1
2914,128,1026.00,279.00,891.00,501.00,1,1,-1,-1
2915,128,1044.00,261.00,876.00,525.00,1,1,-1,-1
2916,128,1044.00,270.00,876.00,516.00,1,1,-1,-1
2917,128,1068.00,297.00,852.00,507.00,1,1,-1,-1
2918,128,1128.00,324.00,789.00,468.00,1,1,-1,-1
2919,128,1134.00,240.00,780.00,558.00,1,1,-1,-1
2920,128,1173.00,321.00,747.00,498.00,1,1,-1,-1
2921,128,1200.00,351.00,717.00,450.00,1,1,-1,-1
2922,128,1200.00,351.00,717.00,450.00,1,1,-1,-1
2923,128,1224.00,273.00,690.00,525.00,1,1,-1,-1
2924,128,1251.00,363.00,666.00,447.00,1,1,-1,-1
2925,128,1272.00,360.00,642.00,438.00,1,1,-1,-1
2926,128,1329.00,345.00,591.00,480.00,1,1,-1,-1
2927,128,1356.00,369.00,564.00,438.00,1,1,-1,-1
2928,128,1356.00,369.00,564.00,435.00,1,1,-1,-1
2929,128,1404.00,219.00,516.00,618.00,1,1,-1,-1
2930,129,1635.00,216.00,123.00,51.00,1,1,-1,-1
2931,130,1479.00,132.00,435.00,738.00,1,1,-1,-1
2932,130,1512.00,45.00,402.00,819.00,1,1,-1,-1
2935,130,1614.00,258.00,306.00,513.00,1,1,-1,-1
2936,130,1644.00,252.00,276.00,516.00,1,1,-1,-1
2957,131,564.00,417.00,66.00,93.00,1,1,-1,-1
2969,132,909.00,663.00,105.00,75.00,1,1,-1,-1
2974,133,903.00,615.00,99.00,87.00,1,1,-1,-1
2975,133,906.00,609.00,99.00,84.00,1,1,-1,-1
2976,133,906.00,603.00,96.00,93.00,1,1,-1,-1
2981,133,888.00,567.00,120.00,123.00,1,1,-1,-1
2982,133,891.00,570.00,114.00,120.00,1,1,-1,-1
2983,133,882.00,567.00,126.00,126.00,1,1,-1,-1
2984,133,882.00,579.00,132.00,114.00,1,1,-1,-1
2985,133,882.00,579.00,132.00,114.00,1,1,-1,-1
3024,134,570.00,465.00,57.00,108.00,1,1,-1,-1
3026,134,588.00,468.00,63.00,96.00,1,1,-1,-1
3205,135,804.00,540.00,84.00,63.00,1,1,-1,-1
3206,135,804.00,537.00,84.00,63.00,1,1,-1,-1
3207,135,804.00,537.00,84.00,63.00,1,1,-1,-1
3208,135,804.00,537.00,84.00,63.00,1,1,-1,-1
3209,135,804.00,540.00,84.00,60.00,1,1,-1,-1
3210,135,804.00,537.00,84.00,63.00,1,1,-1,-1
3211,135,801.00,537.00,90.00,63.00,1,1,-1,-1
3212,135,804.00,537.00,87.00,63.00,1,1,-1,-1
3213,135,804.00,537.00,87.00,63.00,1,1,-1,-1
3214,135,804.00,537.00,87.00,63.00,1,1,-1,-1
3215,135,804.00,537.00,87.00,63.00,1,1,-1,-1
3216,135,804.00,537.00,87.00,63.00,1,1,-1,-1
3217,135,804.00,537.00,87.00,63.00,1,1,-1,-1
3218,135,804.00,537.00,84.00,63.00,1,1,-1,-1
3219,135,804.00,537.00,87.00,63.00,1,1,-1,-1
3220,135,804.00,537.00,84.00,63.00,1,1,-1,-1
3221,135,804.00,534.00,87.00,63.00,1,1,-1,-1
3222,135,804.00,537.00,87.00,63.00,1,1,-1,-1
3223,135,804.00,537.00,84.00,63.00,1,1,-1,-1
3224,135,807.00,531.00,84.00,63.00,1,1,-1,-1
3225,135,804.00,534.00,87.00,66.00,1,1,-1,-1
3226,135,804.00,534.00,87.00,66.00,1,1,-1,-1
3227,135,804.00,537.00,84.00,63.00,1,1,-1,-1
3228,135,804.00,528.00,90.00,66.00,1,1,-1,-1
3229,135,804.00,537.00,87.00,63.00,1,1,-1,-1
3230,135,804.00,537.00,87.00,63.00,1,1,-1,-1
3231,135,804.00,531.00,90.00,66.00,1,1,-1,-1
3232,135,804.00,531.00,90.00,66.00,1,1,-1,-1
3233,135,804.00,537.00,87.00,63.00,1,1,-1,-1
3234,135,804.00,537.00,87.00,63.00,1,1,-1,-1
3235,135,804.00,534.00,87.00,63.00,1,1,-1,-1
3236,135,804.00,537.00,84.00,60.00,1,1,-1,-1
3236,136,1116.00,717.00,117.00,75.00,1,1,-1,-1
3237,135,801.00,537.00,87.00,63.00,1,1,-1,-1
3237,136,1116.00,714.00,117.00,78.00,1,1,-1,-1
3238,135,801.00,534.00,87.00,66.00,1,1,-1,-1
3238,136,1116.00,714.00,117.00,78.00,1,1,-1,-1
3239,135,801.00,534.00,90.00,63.00,1,1,-1,-1
3239,136,1116.00,717.00,120.00,75.00,1,1,-1,-1
3240,135,801.00,534.00,90.00,63.00,1,1,-1,-1
3240,136,1116.00,717.00,120.00,75.00,1,1,-1,-1
3241,135,801.00,537.00,87.00,60.00,1,1,-1,-1
3241,136,1116.00,717.00,120.00,75.00,1,1,-1,-1
3242,135,804.00,534.00,84.00,63.00,1,1,-1,-1
3242,136,1116.00,717.00,123.00,75.00,1,1,-1,-1
3243,135,801.00,534.00,90.00,63.00,1,1,-1,-1
3243,136,1116.00,717.00,123.00,75.00,1,1,-1,-1
3244,135,801.00,534.00,90.00,63.00,1,1,-1,-1
3244,136,1116.00,717.00,123.00,75.00,1,1,-1,-1
3245,135,801.00,534.00,90.00,66.00,1,1,-1,-1
3245,136,1116.00,717.00,120.00,75.00,1,1,-1,-1
3246,135,801.00,537.00,87.00,60.00,1,1,-1,-1
3246,136,1116.00,717.00,120.00,75.00,1,1,-1,-1
3247,135,801.00,534.00,87.00,63.00,1,1,-1,-1
3247,136,1116.00,717.00,120.00,75.00,1,1,-1,-1
3248,135,801.00,534.00,87.00,66.00,1,1,-1,-1
3248,136,1116.00,717.00,120.00,75.00,1,1,-1,-1
3249,135,801.00,534.00,87.00,66.00,1,1,-1,-1
3249,136,1116.00,717.00,120.00,75.00,1,1,-1,-1
3250,135,801.00,537.00,87.00,60.00,1,1,-1,-1
3250,136,1116.00,717.00,120.00,75.00,1,1,-1,-1
3251,135,801.00,534.00,87.00,63.00,1,1,-1,-1
3251,136,1116.00,717.00,126.00,75.00,1,1,-1,-1
3252,135,801.00,534.00,87.00,63.00,1,1,-1,-1
3252,136,1116.00,717.00,120.00,75.00,1,1,-1,-1
3253,135,801.00,534.00,87.00,63.00,1,1,-1,-1
3253,136,1116.00,717.00,120.00,75.00,1,1,-1,-1
3254,135,801.00,534.00,87.00,63.00,1,1,-1,-1
3254,136,1116.00,717.00,126.00,75.00,1,1,-1,-1
3255,135,801.00,534.00,87.00,63.00,1,1,-1,-1
3256,135,801.00,534.00,87.00,63.00,1,1,-1,-1
3256,137,1116.00,717.00,117.00,75.00,1,1,-1,-1
3257,135,801.00,534.00,90.00,63.00,1,1,-1,-1
3257,137,1116.00,717.00,120.00,75.00,1,1,-1,-1
3258,135,801.00,534.00,90.00,63.00,1,1,-1,-1
3258,137,1119.00,714.00,117.00,75.00,1,1,-1,-1
3259,135,801.00,534.00,87.00,63.00,1,1,-1,-1
3259,137,1116.00,717.00,120.00,75.00,1,1,-1,-1
3260,135,801.00,534.00,87.00,63.00,1,1,-1,-1
3260,137,1116.00,717.00,120.00,75.00,1,1,-1,-1
3261,135,801.00,534.00,87.00,63.00,1,1,-1,-1
3261,137,1116.00,717.00,120.00,75.00,1,1,-1,-1
3262,135,801.00,534.00,87.00,63.00,1,1,-1,-1
3262,137,1116.00,717.00,120.00,75.00,1,1,-1,-1
3263,135,801.00,534.00,87.00,63.00,1,1,-1,-1
3263,137,1116.00,717.00,120.00,75.00,1,1,-1,-1
3272,138,423.00,405.00,57.00,69.00,1,1,-1,-1
3273,138,411.00,402.00,63.00,69.00,1,1,-1,-1
3276,138,408.00,405.00,63.00,66.00,1,1,-1,-1
3277,138,414.00,408.00,60.00,69.00,1,1,-1,-1
3278,138,429.00,408.00,60.00,66.00,1,1,-1,-1
3287,139,387.00,414.00,69.00,60.00,1,1,-1,-1
3290,139,375.00,417.00,75.00,60.00,1,1,-1,-1
3292,140,324.00,426.00,81.00,63.00,1,1,-1,-1
3304,141,690.00,864.00,198.00,99.00,1,1,-1,-1
3342,142,1347.00,768.00,435.00,312.00,1,1,-1,-1
3350,143,1578.00,792.00,174.00,222.00,1,1,-1,-1
3351,144,699.00,921.00,78.00,51.00,1,1,-1,-1
3363,145,1092.00,888.00,108.00,78.00,1,1,-1,-1
3367,146,27.00,135.00,1893.00,939.00,1,1,-1,-1
3368,146,60.00,93.00,1860.00,972.00,1,1,-1,-1
3386,147,1389.00,528.00,264.00,132.00,1,1,-1,-1
3386,148,234.00,516.00,270.00,138.00,1,1,-1,-1
3387,147,1389.00,531.00,267.00,135.00,1,1,-1,-1
3387,148,237.00,507.00,270.00,144.00,1,1,-1,-1
3388,148,234.00,510.00,273.00,144.00,1,1,-1,-1
3389,148,234.00,516.00,270.00,138.00,1,1,-1,-1
3389,149,1392.00,528.00,264.00,132.00,1,1,-1,-1
3390,148,234.00,513.00,273.00,141.00,1,1,-1,-1
3390,149,1404.00,531.00,258.00,135.00,1,1,-1,-1
3391,148,234.00,513.00,273.00,141.00,1,1,-1,-1
3391,149,1410.00,540.00,246.00,120.00,1,1,-1,-1
3392,148,234.00,516.00,273.00,138.00,1,1,-1,-1
3392,149,1422.00,534.00,240.00,129.00,1,1,-1,-1
3393,148,237.00,516.00,270.00,141.00,1,1,-1,-1
3393,149,1422.00,534.00,240.00,123.00,1,1,-1,-1
3394,148,237.00,513.00,273.00,141.00,1,1,-1,-1
3394,149,1440.00,531.00,225.00,129.00,1,1,-1,-1
3395,148,237.00,510.00,273.00,147.00,1,1,-1,-1
3395,149,1422.00,534.00,240.00,126.00,1,1,-1,-1
3396,148,240.00,516.00,270.00,144.00,1,1,-1,-1
3396,149,1416.00,537.00,240.00,114.00,1,1,-1,-1
3397,148,240.00,516.00,270.00,144.00,1,1,-1,-1
3397,149,1416.00,537.00,240.00,114.00,1,1,-1,-1
3398,148,240.00,513.00,270.00,150.00,1,1,-1,-1
3398,149,1365.00,528.00,303.00,135.00,1,1,-1,-1
3399,148,237.00,519.00,279.00,132.00,1,1,-1,-1
3399,149,1380.00,531.00,285.00,132.00,1,1,-1,-1
3400,148,243.00,510.00,273.00,144.00,1,1,-1,-1
3400,149,1410.00,531.00,258.00,132.00,1,1,-1,-1
3401,148,246.00,513.00,270.00,141.00,1,1,-1,-1
3401,149,1404.00,528.00,264.00,132.00,1,1,-1,-1
3402,148,243.00,510.00,279.00,141.00,1,1,-1,-1
3402,149,1413.00,531.00,258.00,132.00,1,1,-1,-1
3403,148,243.00,510.00,279.00,141.00,1,1,-1,-1
3403,149,1410.00,531.00,261.00,132.00,1,1,-1,-1
3404,148,246.00,510.00,276.00,144.00,1,1,-1,-1
3404,149,1428.00,528.00,246.00,132.00,1,1,-1,-1
3405,148,246.00,510.00,276.00,144.00,1,1,-1,-1
3405,149,1416.00,528.00,258.00,132.00,1,1,-1,-1
3406,148,246.00,516.00,276.00,132.00,1,1,-1,-1
3406,149,1416.00,528.00,258.00,135.00,1,1,-1,-1
3407,148,252.00,516.00,270.00,135.00,1,1,-1,-1
3407,149,1422.00,525.00,252.00,135.00,1,1,-1,-1
3408,148,252.00,507.00,276.00,141.00,1,1,-1,-1
3408,149,1416.00,525.00,258.00,138.00,1,1,-1,-1
3409,148,252.00,507.00,276.00,141.00,1,1,-1,-1
3409,149,1416.00,525.00,258.00,138.00,1,1,-1,-1
3410,148,255.00,504.00,273.00,144.00,1,1,-1,-1
3410,149,1416.00,525.00,264.00,135.00,1,1,-1,-1
3411,148,255.00,510.00,270.00,138.00,1,1,-1,-1
3411,149,1416.00,522.00,261.00,138.00,1,1,-1,-1
3412,148,255.00,507.00,273.00,141.00,1,1,-1,-1
3412,149,1419.00,522.00,261.00,141.00,1,1,-1,-1
3413,148,258.00,507.00,270.00,141.00,1,1,-1,-1
3413,149,1419.00,519.00,261.00,141.00,1,1,-1,-1
3414,148,258.00,507.00,273.00,144.00,1,1,-1,-1
3414,149,1416.00,522.00,267.00,141.00,1,1,-1,-1
3415,148,258.00,507.00,273.00,144.00,1,1,-1,-1
3415,149,1416.00,522.00,267.00,141.00,1,1,-1,-1
3416,148,261.00,504.00,273.00,144.00,1,1,-1,-1
3416,149,1416.00,522.00,267.00,141.00,1,1,-1,-1
3417,148,264.00,504.00,273.00,144.00,1,1,-1,-1
3417,149,1419.00,516.00,264.00,138.00,1,1,-1,-1
3418,148,267.00,498.00,273.00,147.00,1,1,-1,-1
3418,149,1416.00,519.00,270.00,141.00,1,1,-1,-1
3419,148,270.00,504.00,279.00,144.00,1,1,-1,-1
3419,149,1410.00,525.00,276.00,138.00,1,1,-1,-1
3420,148,270.00,501.00,279.00,141.00,1,1,-1,-1
3420,149,1416.00,519.00,273.00,138.00,1,1,-1,-1
3421,148,270.00,501.00,279.00,141.00,1,1,-1,-1
3421,149,1416.00,519.00,276.00,135.00,1,1,-1,-1
3422,148,273.00,495.00,279.00,153.00,1,1,-1,-1
3422,149,1404.00,525.00,279.00,138.00,1,1,-1,-1
3423,148,279.00,495.00,276.00,150.00,1,1,-1,-1
3423,149,1404.00,522.00,288.00,141.00,1,1,-1,-1
3424,148,279.00,498.00,273.00,144.00,1,1,-1,-1
3424,149,1410.00,519.00,282.00,138.00,1,1,-1,-1
3425,148,282.00,498.00,276.00,147.00,1,1,-1,-1
3425,149,1410.00,522.00,282.00,138.00,1,1,-1,-1
3426,148,282.00,498.00,276.00,147.00,1,1,-1,-1
3426,149,1410.00,522.00,282.00,138.00,1,1,-1,-1
3427,148,282.00,498.00,276.00,147.00,1,1,-1,-1
3427,149,1410.00,522.00,282.00,138.00,1,1,-1,-1
3428,148,288.00,501.00,270.00,141.00,1,1,-1,-1
3428,149,1407.00,519.00,291.00,138.00,1,1,-1,-1
3429,148,288.00,501.00,273.00,147.00,1,1,-1,-1
3429,149,1410.00,519.00,288.00,141.00,1,1,-1,-1
3430,148,291.00,504.00,270.00,141.00,1,1,-1,-1
3430,149,1404.00,519.00,300.00,141.00,1,1,-1,-1
3431,148,294.00,507.00,270.00,135.00,1,1,-1,-1
3431,149,1407.00,519.00,294.00,138.00,1,1,-1,-1
3432,148,294.00,504.00,267.00,138.00,1,1,-1,-1
3432,149,1407.00,519.00,294.00,141.00,1,1,-1,-1
3433,148,294.00,504.00,270.00,138.00,1,1,-1,-1
3433,149,1407.00,519.00,294.00,141.00,1,1,-1,-1
3434,148,297.00,504.00,273.00,138.00,1,1,-1,-1
3434,149,1410.00,519.00,294.00,141.00,1,1,-1,-1
3435,148,297.00,504.00,273.00,138.00,1,1,-1,-1
3435,149,1410.00,519.00,294.00,138.00,1,1,-1,-1
3436,148,297.00,501.00,276.00,141.00,1,1,-1,-1
3436,149,1416.00,522.00,294.00,135.00,1,1,-1,-1
3437,148,300.00,504.00,276.00,141.00,1,1,-1,-1
3437,149,1416.00,519.00,294.00,141.00,1,1,-1,-1
3438,148,300.00,504.00,276.00,141.00,1,1,-1,-1
3438,149,1413.00,519.00,300.00,138.00,1,1,-1,-1
3439,148,297.00,504.00,279.00,138.00,1,1,-1,-1
3439,149,1416.00,519.00,297.00,138.00,1,1,-1,-1
3440,148,297.00,504.00,279.00,138.00,1,1,-1,-1
3440,149,1416.00,519.00,294.00,138.00,1,1,-1,-1
3441,148,303.00,504.00,273.00,138.00,1,1,-1,-1
3441,149,1419.00,519.00,294.00,144.00,1,1,-1,-1
3442,148,303.00,504.00,276.00,141.00,1,1,-1,-1
3442,149,1416.00,516.00,297.00,144.00,1,1,-1,-1
3443,148,312.00,519.00,261.00,123.00,1,1,-1,-1
3443,149,1416.00,519.00,294.00,141.00,1,1,-1,-1
3444,148,312.00,501.00,264.00,144.00,1,1,-1,-1
3444,149,1416.00,522.00,294.00,138.00,1,1,-1,-1
3445,148,312.00,501.00,264.00,144.00,1,1,-1,-1
3445,149,1416.00,522.00,294.00,138.00,1,1,-1,-1
3446,148,306.00,504.00,276.00,138.00,1,1,-1,-1
3446,149,1422.00,522.00,282.00,138.00,1,1,-1,-1
3447,148,306.00,501.00,279.00,141.00,1,1,-1,-1
3447,149,1422.00,522.00,288.00,138.00,1,1,-1,-1
3448,148,312.00,504.00,273.00,138.00,1,1,-1,-1
3448,149,1422.00,522.00,288.00,138.00,1,1,-1,-1
3449,148,315.00,504.00,273.00,138.00,1,1,-1,-1
3449,149,1422.00,522.00,288.00,138.00,1,1,-1,-1
3450,148,315.00,504.00,276.00,138.00,1,1,-1,-1
3450,149,1425.00,522.00,285.00,135.00,1,1,-1,-1
3451,148,315.00,504.00,276.00,138.00,1,1,-1,-1
3451,149,1428.00,522.00,282.00,135.00,1,1,-1,-1
3452,148,315.00,504.00,279.00,138.00,1,1,-1,-1
3452,149,1428.00,522.00,288.00,135.00,1,1,-1,-1
3453,148,318.00,504.00,279.00,138.00,1,1,-1,-1
3453,149,1431.00,522.00,285.00,132.00,1,1,-1,-1
3454,148,318.00,504.00,282.00,138.00,1,1,-1,-1
3454,149,1431.00,522.00,285.00,132.00,1,1,-1,-1
3455,148,318.00,501.00,282.00,141.00,1,1,-1,-1
3455,149,1434.00,522.00,282.00,132.00,1,1,-1,-1
3456,148,324.00,504.00,276.00,135.00,1,1,-1,-1
3456,149,1434.00,522.00,288.00,132.00,1,1,-1,-1
3457,148,324.00,504.00,276.00,135.00,1,1,-1,-1
3457,149,1431.00,522.00,291.00,132.00,1,1,-1,-1
3458,148,330.00,501.00,273.00,141.00,1,1,-1,-1
3458,149,1440.00,525.00,282.00,126.00,1,1,-1,-1
3459,148,336.00,504.00,267.00,138.00,1,1,-1,-1
3459,149,1440.00,522.00,282.00,132.00,1,1,-1,-1
3460,148,336.00,510.00,270.00,129.00,1,1,-1,-1
3460,149,1449.00,522.00,276.00,123.00,1,1,-1,-1
3461,148,342.00,510.00,264.00,126.00,1,1,-1,-1
3461,149,1446.00,522.00,282.00,120.00,1,1,-1,-1
3462,148,342.00,510.00,267.00,132.00,1,1,-1,-1
3462,149,1464.00,522.00,270.00,135.00,1,1,-1,-1
3463,148,342.00,510.00,267.00,132.00,1,1,-1,-1
3463,149,1464.00,522.00,270.00,135.00,1,1,-1,-1
3464,148,342.00,510.00,267.00,129.00,1,1,-1,-1
3464,149,1446.00,522.00,282.00,123.00,1,1,-1,-1
3465,148,345.00,513.00,261.00,123.00,1,1,-1,-1
3465,149,1446.00,519.00,282.00,126.00,1,1,-1,-1
3466,148,348.00,516.00,267.00,129.00,1,1,-1,-1
3466,149,1458.00,525.00,276.00,132.00,1,1,-1,-1
3467,148,351.00,507.00,261.00,129.00,1,1,-1,-1
3467,149,1449.00,522.00,276.00,120.00,1,1,-1,-1
3468,148,354.00,510.00,261.00,129.00,1,1,-1,-1
3468,149,1458.00,522.00,276.00,126.00,1,1,-1,-1
3469,148,354.00,510.00,261.00,129.00,1,1,-1,-1
3469,149,1452.00,522.00,279.00,123.00,1,1,-1,-1
3470,148,348.00,510.00,270.00,132.00,1,1,-1,-1
3470,149,1452.00,525.00,270.00,117.00,1,1,-1,-1
3471,148,351.00,510.00,267.00,129.00,1,1,-1,-1
3471,149,1458.00,522.00,270.00,120.00,1,1,-1,-1
3472,148,360.00,504.00,264.00,135.00,1,1,-1,-1
3472,149,1458.00,519.00,276.00,129.00,1,1,-1,-1
3473,148,360.00,507.00,267.00,135.00,1,1,-1,-1
3473,149,1467.00,519.00,261.00,117.00,1,1,-1,-1
3474,148,363.00,507.00,264.00,132.00,1,1,-1,-1
3474,149,1470.00,516.00,252.00,120.00,1,1,-1,-1
3475,148,363.00,504.00,264.00,135.00,1,1,-1,-1
3475,149,1464.00,516.00,270.00,126.00,1,1,-1,-1
3476,148,363.00,504.00,267.00,135.00,1,1,-1,-1
3476,149,1464.00,516.00,270.00,123.00,1,1,-1,-1
3477,148,366.00,507.00,267.00,135.00,1,1,-1,-1
3477,149,1461.00,522.00,273.00,126.00,1,1,-1,-1
3478,148,366.00,504.00,270.00,132.00,1,1,-1,-1
3478,149,1464.00,513.00,270.00,126.00,1,1,-1,-1
3479,148,366.00,504.00,273.00,135.00,1,1,-1,-1
3479,149,1464.00,516.00,264.00,120.00,1,1,-1,-1
3480,148,363.00,510.00,282.00,138.00,1,1,-1,-1
3480,149,1464.00,522.00,270.00,129.00,1,1,-1,-1
3481,148,363.00,510.00,282.00,138.00,1,1,-1,-1
3481,149,1464.00,522.00,276.00,129.00,1,1,-1,-1
3482,148,372.00,501.00,270.00,135.00,1,1,-1,-1
3482,149,1470.00,513.00,270.00,123.00,1,1,-1,-1
3483,148,372.00,504.00,270.00,135.00,1,1,-1,-1
3483,149,1476.00,522.00,243.00,108.00,1,1,-1,-1
3488,150,1044.00,852.00,132.00,207.00,1,1,-1,-1
3489,150,1044.00,852.00,132.00,207.00,1,1,-1,-1
3504,151,582.00,957.00,114.00,78.00,1,1,-1,-1
3516,152,1074.00,930.00,135.00,102.00,1,1,-1,-1
3518,153,15.00,114.00,1905.00,954.00,1,1,-1,-1
3519,153,15.00,114.00,1905.00,954.00,1,1,-1,-1
3559,154,804.00,594.00,90.00,51.00,1,1,-1,-1
3562,155,423.00,492.00,207.00,111.00,1,1,-1,-1
3563,156,435.00,486.00,210.00,105.00,1,1,-1,-1
3564,156,435.00,486.00,210.00,105.00,1,1,-1,-1
3565,157,441.00,486.00,213.00,114.00,1,1,-1,-1
3566,157,456.00,486.00,219.00,120.00,1,1,-1,-1
3567,157,456.00,486.00,216.00,120.00,1,1,-1,-1
3568,157,468.00,489.00,219.00,114.00,1,1,-1,-1
3569,157,480.00,492.00,222.00,114.00,1,1,-1,-1
3570,157,480.00,489.00,222.00,117.00,1,1,-1,-1
3571,157,492.00,492.00,216.00,114.00,1,1,-1,-1
3572,157,504.00,492.00,231.00,120.00,1,1,-1,-1
3573,157,510.00,492.00,219.00,114.00,1,1,-1,-1
3574,157,516.00,486.00,234.00,120.00,1,1,-1,-1
3575,157,525.00,489.00,231.00,120.00,1,1,-1,-1
3576,157,537.00,489.00,222.00,123.00,1,1,-1,-1
3577,157,537.00,489.00,225.00,123.00,1,1,-1,-1
3578,157,549.00,492.00,228.00,126.00,1,1,-1,-1
3579,157,558.00,492.00,216.00,126.00,1,1,-1,-1
3580,157,564.00,489.00,234.00,129.00,1,1,-1,-1
3581,157,576.00,489.00,225.00,132.00,1,1,-1,-1
3582,157,585.00,489.00,228.00,135.00,1,1,-1,-1
3583,157,585.00,489.00,228.00,135.00,1,1,-1,-1
3584,157,597.00,486.00,219.00,138.00,1,1,-1,-1
3585,157,603.00,486.00,231.00,132.00,1,1,-1,-1
3586,157,609.00,489.00,411.00,165.00,1,1,-1,-1
3586,158,615.00,486.00,222.00,135.00,1,1,-1,-1
3587,158,627.00,483.00,219.00,138.00,1,1,-1,-1
3588,158,636.00,486.00,222.00,138.00,1,1,-1,-1
3589,158,633.00,486.00,225.00,138.00,1,1,-1,-1
3590,158,642.00,486.00,222.00,135.00,1,1,-1,-1
3591,158,648.00,483.00,225.00,141.00,1,1,-1,-1
3592,158,660.00,483.00,231.00,138.00,1,1,-1,-1
3593,158,672.00,486.00,225.00,135.00,1,1,-1,-1
3594,158,681.00,489.00,225.00,135.00,1,1,-1,-1
3595,158,681.00,489.00,225.00,135.00,1,1,-1,-1
3596,158,690.00,492.00,222.00,138.00,1,1,-1,-1
3597,158,696.00,492.00,243.00,132.00,1,1,-1,-1
3598,158,714.00,489.00,234.00,135.00,1,1,-1,-1
3599,158,720.00,489.00,252.00,135.00,1,1,-1,-1
3599,159,717.00,489.00,273.00,138.00,1,1,-1,-1
3600,158,726.00,495.00,240.00,135.00,1,1,-1,-1
3600,159,723.00,495.00,243.00,135.00,1,1,-1,-1
3601,158,723.00,495.00,243.00,132.00,1,1,-1,-1
3601,159,723.00,495.00,246.00,135.00,1,1,-1,-1
3602,158,735.00,501.00,261.00,129.00,1,1,-1,-1
3602,159,732.00,504.00,300.00,126.00,1,1,-1,-1
3603,158,750.00,501.00,240.00,129.00,1,1,-1,-1
3603,159,741.00,498.00,255.00,126.00,1,1,-1,-1
3604,158,756.00,501.00,249.00,135.00,1,1,-1,-1
3605,160,768.00,501.00,243.00,126.00,1,1,-1,-1
3606,161,780.00,504.00,246.00,126.00,1,1,-1,-1
3607,161,780.00,504.00,246.00,126.00,1,1,-1,-1
3608,162,783.00,495.00,258.00,132.00,1,1,-1,-1
3609,162,780.00,507.00,342.00,132.00,1,1,-1,-1
3609,163,798.00,504.00,234.00,120.00,1,1,-1,-1
3610,162,798.00,510.00,303.00,123.00,1,1,-1,-1
3610,163,804.00,504.00,258.00,126.00,1,1,-1,-1
3611,163,819.00,501.00,234.00,126.00,1,1,-1,-1
3611,164,0.00,540.00,72.00,66.00,1,1,-1,-1
3612,163,831.00,504.00,243.00,123.00,1,1,-1,-1
3612,164,-0.00,540.00,75.00,66.00,1,1,-1,-1
3613,163,831.00,504.00,243.00,123.00,1,1,-1,-1
3613,164,3.00,543.00,72.00,60.00,1,1,-1,-1
3614,163,840.00,504.00,258.00,123.00,1,1,-1,-1
3615,163,849.00,501.00,258.00,132.00,1,1,-1,-1
3615,165,0.00,537.00,87.00,69.00,1,1,-1,-1
3615,166,846.00,504.00,300.00,129.00,1,1,-1,-1
3616,166,852.00,498.00,459.00,165.00,1,1,-1,-1
3617,167,870.00,507.00,237.00,123.00,1,1,-1,-1
3618,167,876.00,510.00,342.00,141.00,1,1,-1,-1
3618,168,870.00,510.00,453.00,165.00,1,1,-1,-1
3619,167,876.00,510.00,345.00,144.00,1,1,-1,-1
3620,169,879.00,513.00,450.00,147.00,1,1,-1,-1
3620,170,3.00,546.00,111.00,60.00,1,1,-1,-1
3621,169,888.00,513.00,450.00,141.00,1,1,-1,-1
3622,169,900.00,510.00,459.00,159.00,1,1,-1,-1
3622,171,3.00,540.00,111.00,69.00,1,1,-1,-1
3623,169,909.00,513.00,444.00,144.00,1,1,-1,-1
3624,169,912.00,510.00,444.00,144.00,1,1,-1,-1
3625,169,912.00,510.00,441.00,144.00,1,1,-1,-1
3626,169,918.00,513.00,435.00,138.00,1,1,-1,-1
3627,169,924.00,519.00,420.00,138.00,1,1,-1,-1
3627,172,942.00,522.00,297.00,117.00,1,1,-1,-1
3628,169,930.00,519.00,480.00,147.00,1,1,-1,-1
3629,169,954.00,528.00,294.00,114.00,1,1,-1,-1
3630,169,960.00,528.00,270.00,117.00,1,1,-1,-1
3631,169,960.00,531.00,267.00,114.00,1,1,-1,-1
3631,173,960.00,528.00,255.00,114.00,1,1,-1,-1
3632,169,966.00,534.00,270.00,111.00,1,1,-1,-1
3633,169,978.00,537.00,273.00,108.00,1,1,-1,-1
3633,174,984.00,537.00,261.00,105.00,1,1,-1,-1
3634,169,984.00,540.00,270.00,105.00,1,1,-1,-1
3634,174,990.00,540.00,261.00,102.00,1,1,-1,-1
3635,169,999.00,537.00,285.00,111.00,1,1,-1,-1
3636,169,1008.00,540.00,282.00,108.00,1,1,-1,-1
3637,169,1008.00,537.00,294.00,111.00,1,1,-1,-1
3638,169,1014.00,537.00,273.00,111.00,1,1,-1,-1
3639,175,1023.00,537.00,270.00,111.00,1,1,-1,-1
3640,175,1032.00,537.00,267.00,111.00,1,1,-1,-1
3641,175,1041.00,537.00,267.00,111.00,1,1,-1,-1
3641,176,1044.00,531.00,264.00,114.00,1,1,-1,-1
3642,175,1056.00,537.00,267.00,114.00,1,1,-1,-1
3642,176,1056.00,534.00,270.00,117.00,1,1,-1,-1
3643,175,1056.00,537.00,264.00,114.00,1,1,-1,-1
3643,176,1053.00,534.00,273.00,117.00,1,1,-1,-1
3644,175,1074.00,543.00,270.00,105.00,1,1,-1,-1
3644,176,1053.00,534.00,375.00,120.00,1,1,-1,-1
3645,175,1077.00,534.00,279.00,114.00,1,1,-1,-1
3645,176,1071.00,525.00,420.00,129.00,1,1,-1,-1
3646,175,1083.00,528.00,264.00,123.00,1,1,-1,-1
3646,176,1077.00,516.00,399.00,138.00,1,1,-1,-1
3647,176,1092.00,516.00,357.00,132.00,1,1,-1,-1
3648,176,1101.00,513.00,342.00,135.00,1,1,-1,-1
3648,177,1107.00,510.00,309.00,144.00,1,1,-1,-1
3649,176,1101.00,510.00,345.00,138.00,1,1,-1,-1
3649,177,1107.00,510.00,312.00,144.00,1,1,-1,-1
3650,176,1113.00,516.00,351.00,132.00,1,1,-1,-1
3650,177,1116.00,513.00,324.00,141.00,1,1,-1,-1
3651,176,1128.00,516.00,336.00,132.00,1,1,-1,-1
3652,176,1137.00,510.00,291.00,138.00,1,1,-1,-1
3653,176,1131.00,510.00,423.00,144.00,1,1,-1,-1
3653,178,1491.00,855.00,66.00,78.00,1,1,-1,-1
3654,176,1158.00,507.00,414.00,150.00,1,1,-1,-1
3656,176,1167.00,504.00,318.00,150.00,1,1,-1,-1
3656,179,1173.00,501.00,267.00,147.00,1,1,-1,-1
3657,179,1185.00,498.00,258.00,153.00,1,1,-1,-1
3658,179,1194.00,504.00,252.00,150.00,1,1,-1,-1
3658,180,1194.00,504.00,354.00,153.00,1,1,-1,-1
3659,180,1194.00,504.00,390.00,162.00,1,1,-1,-1
3662,180,1203.00,501.00,417.00,159.00,1,1,-1,-1
3663,180,1218.00,519.00,378.00,138.00,1,1,-1,-1
3664,181,1260.00,531.00,276.00,123.00,1,1,-1,-1
3665,181,1254.00,528.00,288.00,126.00,1,1,-1,-1
3665,182,1254.00,525.00,294.00,126.00,1,1,-1,-1
3666,181,1260.00,546.00,285.00,111.00,1,1,-1,-1
3667,181,1260.00,546.00,285.00,111.00,1,1,-1,-1
3676,183,6.00,438.00,432.00,192.00,1,1,-1,-1
3689,184,294.00,339.00,264.00,171.00,1,1,-1,-1
3690,184,300.00,339.00,258.00,168.00,1,1,-1,-1
3692,185,384.00,366.00,219.00,96.00,1,1,-1,-1
3723,186,546.00,417.00,222.00,99.00,1,1,-1,-1
3728,187,954.00,414.00,138.00,87.00,1,1,-1,-1
3730,187,999.00,408.00,135.00,84.00,1,1,-1,-1
3731,187,1032.00,411.00,147.00,87.00,1,1,-1,-1
3731,188,1251.00,417.00,69.00,69.00,1,1,-1,-1
3732,187,1032.00,411.00,147.00,87.00,1,1,-1,-1
3732,188,1254.00,417.00,66.00,69.00,1,1,-1,-1
3733,187,1068.00,411.00,147.00,87.00,1,1,-1,-1
3734,187,1098.00,420.00,138.00,84.00,1,1,-1,-1
3735,187,1149.00,402.00,132.00,96.00,1,1,-1,-1
3736,187,1176.00,405.00,138.00,93.00,1,1,-1,-1
3737,187,1188.00,399.00,144.00,96.00,1,1,-1,-1
3738,187,1188.00,402.00,144.00,96.00,1,1,-1,-1
3739,187,1206.00,405.00,144.00,93.00,1,1,-1,-1
3752,189,1125.00,387.00,135.00,87.00,1,1,-1,-1
3757,190,1098.00,342.00,138.00,90.00,1,1,-1,-1
3761,191,1182.00,378.00,147.00,93.00,1,1,-1,-1
3762,191,1182.00,378.00,147.00,93.00,1,1,-1,-1
3763,191,1167.00,381.00,135.00,90.00,1,1,-1,-1
3764,191,1134.00,372.00,156.00,96.00,1,1,-1,-1
3771,192,573.00,336.00,285.00,114.00,1,1,-1,-1
3772,192,600.00,321.00,288.00,129.00,1,1,-1,-1
3773,192,612.00,324.00,312.00,123.00,1,1,-1,-1
3774,192,612.00,324.00,312.00,123.00,1,1,-1,-1
3807,193,1182.00,321.00,198.00,129.00,1,1,-1,-1
3814,194,555.00,348.00,279.00,171.00,1,1,-1,-1
3846,195,3.00,591.00,231.00,255.00,1,1,-1,-1
3847,195,3.00,591.00,234.00,258.00,1,1,-1,-1
3848,195,0.00,588.00,234.00,258.00,1,1,-1,-1
3849,195,3.00,591.00,225.00,255.00,1,1,-1,-1
3850,195,0.00,591.00,228.00,255.00,1,1,-1,-1
3851,195,3.00,594.00,225.00,255.00,1,1,-1,-1
3852,195,3.00,594.00,225.00,258.00,1,1,-1,-1
3853,195,3.00,597.00,228.00,252.00,1,1,-1,-1
3855,196,183.00,528.00,828.00,354.00,1,1,-1,-1
3856,196,183.00,525.00,825.00,357.00,1,1,-1,-1
3858,196,168.00,540.00,894.00,336.00,1,1,-1,-1
3859,196,180.00,573.00,870.00,297.00,1,1,-1,-1
3860,196,159.00,582.00,858.00,288.00,1,1,-1,-1
3861,196,57.00,570.00,744.00,342.00,1,1,-1,-1
3862,196,57.00,573.00,744.00,339.00,1,1,-1,-1
3863,196,27.00,546.00,963.00,366.00,1,1,-1,-1
3864,196,87.00,540.00,891.00,342.00,1,1,-1,-1
3865,196,81.00,558.00,903.00,330.00,1,1,-1,-1
3866,196,75.00,579.00,906.00,312.00,1,1,-1,-1
3866,197,0.00,624.00,126.00,249.00,1,1,-1,-1
3867,196,72.00,561.00,918.00,333.00,1,1,-1,-1
3868,196,72.00,564.00,915.00,330.00,1,1,-1,-1
3869,196,72.00,549.00,945.00,348.00,1,1,-1,-1
3870,196,87.00,534.00,840.00,366.00,1,1,-1,-1
3871,198,1005.00,624.00,315.00,180.00,1,1,-1,-1
3876,199,123.00,591.00,732.00,321.00,1,1,-1,-1
3877,199,114.00,597.00,711.00,315.00,1,1,-1,-1
3878,199,105.00,603.00,711.00,315.00,1,1,-1,-1
3888,199,96.00,603.00,675.00,309.00,1,1,-1,-1
3893,199,105.00,564.00,633.00,315.00,1,1,-1,-1
3894,199,102.00,561.00,636.00,309.00,1,1,-1,-1
3924,199,84.00,453.00,978.00,393.00,1,1,-1,-1
3929,200,906.00,573.00,126.00,123.00,1,1,-1,-1
3930,201,75.00,480.00,996.00,360.00,1,1,-1,-1
3931,201,90.00,489.00,975.00,345.00,1,1,-1,-1
3932,201,84.00,477.00,966.00,363.00,1,1,-1,-1
3933,201,99.00,474.00,942.00,363.00,1,1,-1,-1
3933,202,915.00,576.00,114.00,114.00,1,1,-1,-1
3934,201,102.00,474.00,945.00,366.00,1,1,-1,-1
3935,201,102.00,462.00,930.00,378.00,1,1,-1,-1
3935,203,954.00,522.00,246.00,108.00,1,1,-1,-1
3936,201,90.00,462.00,948.00,375.00,1,1,-1,-1
3937,201,105.00,468.00,945.00,366.00,1,1,-1,-1
3938,201,105.00,468.00,942.00,366.00,1,1,-1,-1
3939,201,105.00,462.00,939.00,372.00,1,1,-1,-1
3942,204,906.00,567.00,126.00,123.00,1,1,-1,-1
3943,204,903.00,564.00,135.00,126.00,1,1,-1,-1
3944,204,906.00,567.00,126.00,123.00,1,1,-1,-1
3945,204,921.00,573.00,105.00,117.00,1,1,-1,-1
3946,204,924.00,576.00,102.00,114.00,1,1,-1,-1
3947,204,918.00,573.00,111.00,117.00,1,1,-1,-1
3947,205,948.00,525.00,258.00,120.00,1,1,-1,-1
3948,204,921.00,573.00,108.00,117.00,1,1,-1,-1
3948,205,948.00,522.00,258.00,120.00,1,1,-1,-1
3949,204,909.00,570.00,129.00,120.00,1,1,-1,-1
3950,206,81.00,438.00,1053.00,384.00,1,1,-1,-1
3951,206,105.00,480.00,933.00,354.00,1,1,-1,-1
3952,206,105.00,477.00,933.00,357.00,1,1,-1,-1
3954,206,72.00,432.00,1071.00,393.00,1,1,-1,-1
3955,206,78.00,483.00,990.00,348.00,1,1,-1,-1
3956,206,72.00,474.00,993.00,357.00,1,1,-1,-1
3957,206,72.00,489.00,984.00,336.00,1,1,-1,-1
3958,206,69.00,489.00,993.00,336.00,1,1,-1,-1
3959,206,75.00,495.00,975.00,345.00,1,1,-1,-1
3960,206,78.00,492.00,945.00,345.00,1,1,-1,-1
3961,206,78.00,492.00,978.00,345.00,1,1,-1,-1
3962,206,78.00,489.00,999.00,354.00,1,1,-1,-1
3963,206,84.00,474.00,990.00,366.00,1,1,-1,-1
3964,206,81.00,480.00,984.00,363.00,1,1,-1,-1
3965,206,84.00,486.00,978.00,357.00,1,1,-1,-1
3966,206,108.00,501.00,951.00,339.00,1,1,-1,-1
3967,206,114.00,507.00,978.00,336.00,1,1,-1,-1
3968,206,114.00,507.00,1002.00,342.00,1,1,-1,-1
3968,207,984.00,501.00,132.00,177.00,1,1,-1,-1
3969,206,123.00,507.00,1014.00,345.00,1,1,-1,-1
3970,206,123.00,507.00,1014.00,345.00,1,1,-1,-1
3971,206,129.00,507.00,999.00,348.00,1,1,-1,-1
3972,206,135.00,492.00,1011.00,363.00,1,1,-1,-1
3973,206,138.00,489.00,1017.00,369.00,1,1,-1,-1
3974,206,138.00,492.00,1008.00,366.00,1,1,-1,-1
3975,206,138.00,486.00,1020.00,375.00,1,1,-1,-1
3976,206,141.00,486.00,1017.00,375.00,1,1,-1,-1
3977,206,138.00,480.00,1032.00,384.00,1,1,-1,-1
3978,206,156.00,480.00,1002.00,384.00,1,1,-1,-1
3979,206,162.00,498.00,1005.00,366.00,1,1,-1,-1
3980,206,120.00,477.00,1116.00,396.00,1,1,-1,-1
3981,206,114.00,489.00,1098.00,381.00,1,1,-1,-1
3982,206,120.00,480.00,1104.00,396.00,1,1,-1,-1
3983,206,120.00,480.00,1110.00,396.00,1,1,-1,-1
3984,206,132.00,468.00,1104.00,408.00,1,1,-1,-1
3985,206,156.00,513.00,1080.00,366.00,1,1,-1,-1
3986,206,132.00,498.00,1152.00,384.00,1,1,-1,-1
3987,206,144.00,501.00,1140.00,387.00,1,1,-1,-1
3988,206,117.00,507.00,1215.00,393.00,1,1,-1,-1
3989,206,114.00,507.00,1215.00,393.00,1,1,-1,-1
3990,206,141.00,504.00,1149.00,390.00,1,1,-1,-1
3991,206,141.00,498.00,1173.00,402.00,1,1,-1,-1
3992,206,135.00,474.00,1173.00,420.00,1,1,-1,-1
3993,206,126.00,486.00,1191.00,414.00,1,1,-1,-1
3994,206,126.00,477.00,1179.00,435.00,1,1,-1,-1
3995,206,129.00,477.00,1173.00,432.00,1,1,-1,-1
3996,206,147.00,480.00,1047.00,429.00,1,1,-1,-1
3997,206,129.00,492.00,1215.00,423.00,1,1,-1,-1
3998,206,141.00,492.00,1164.00,429.00,1,1,-1,-1
3999,206,150.00,489.00,1152.00,435.00,1,1,-1,-1
4000,206,132.00,492.00,1170.00,435.00,1,1,-1,-1
4001,206,132.00,492.00,1167.00,435.00,1,1,-1,-1
4002,206,129.00,462.00,1164.00,468.00,1,1,-1,-1
4003,206,114.00,456.00,1227.00,480.00,1,1,-1,-1
4004,206,120.00,438.00,1233.00,501.00,1,1,-1,-1
4005,206,168.00,471.00,1176.00,465.00,1,1,-1,-1
4006,206,165.00,468.00,1191.00,471.00,1,1,-1,-1
4007,206,165.00,468.00,1188.00,471.00,1,1,-1,-1
4008,206,156.00,468.00,1212.00,477.00,1,1,-1,-1
4009,206,132.00,441.00,1314.00,519.00,1,1,-1,-1
4010,206,144.00,495.00,1290.00,465.00,1,1,-1,-1
4011,206,123.00,447.00,993.00,525.00,1,1,-1,-1
4014,206,126.00,465.00,1356.00,513.00,1,1,-1,-1
4015,206,93.00,453.00,1422.00,531.00,1,1,-1,-1
4016,206,105.00,387.00,1455.00,597.00,1,1,-1,-1
4017,206,48.00,429.00,1542.00,555.00,1,1,-1,-1
4018,206,69.00,375.00,1539.00,612.00,1,1,-1,-1
4019,206,69.00,366.00,1542.00,627.00,1,1,-1,-1
4020,206,12.00,324.00,1590.00,669.00,1,1,-1,-1
4021,206,66.00,318.00,1644.00,687.00,1,1,-1,-1
4022,206,48.00,303.00,1686.00,717.00,1,1,-1,-1
4023,206,48.00,288.00,1698.00,738.00,1,1,-1,-1
4025,206,0.00,297.00,1773.00,735.00,1,1,-1,-1
4032,206,18.00,435.00,1038.00,516.00,1,1,-1,-1
4033,206,24.00,420.00,1020.00,534.00,1,1,-1,-1
4034,206,15.00,450.00,1053.00,513.00,1,1,-1,-1
4035,206,18.00,429.00,978.00,519.00,1,1,-1,-1
4036,206,18.00,426.00,981.00,522.00,1,1,-1,-1
4037,206,12.00,411.00,972.00,540.00,1,1,-1,-1
4037,208,729.00,468.00,393.00,255.00,1,1,-1,-1
4038,206,0.00,261.00,1080.00,699.00,1,1,-1,-1
4038,208,747.00,471.00,366.00,273.00,1,1,-1,-1
4039,206,21.00,441.00,996.00,513.00,1,1,-1,-1
4040,206,12.00,411.00,1008.00,543.00,1,1,-1,-1
4040,209,807.00,486.00,339.00,255.00,1,1,-1,-1
4043,206,0.00,405.00,1224.00,567.00,1,1,-1,-1
4044,206,3.00,378.00,1074.00,600.00,1,1,-1,-1
4045,206,12.00,405.00,1206.00,585.00,1,1,-1,-1
4046,206,12.00,372.00,1071.00,630.00,1,1,-1,-1
4047,206,39.00,516.00,1101.00,486.00,1,1,-1,-1
4048,206,39.00,516.00,1101.00,486.00,1,1,-1,-1
4049,206,30.00,546.00,1059.00,456.00,1,1,-1,-1
4050,206,30.00,528.00,1098.00,483.00,1,1,-1,-1
4056,206,24.00,522.00,1134.00,510.00,1,1,-1,-1
4057,206,18.00,513.00,1137.00,516.00,1,1,-1,-1
4058,206,-0.00,354.00,1218.00,675.00,1,1,-1,-1
4059,206,3.00,399.00,1173.00,633.00,1,1,-1,-1
4060,206,3.00,396.00,1179.00,636.00,1,1,-1,-1
4061,206,0.00,366.00,1203.00,663.00,1,1,-1,-1
4062,206,15.00,522.00,1185.00,510.00,1,1,-1,-1
4063,206,24.00,510.00,1056.00,528.00,1,1,-1,-1
4064,206,6.00,384.00,1068.00,660.00,1,1,-1,-1
4065,206,18.00,483.00,1092.00,561.00,1,1,-1,-1
4066,206,18.00,483.00,1092.00,561.00,1,1,-1,-1
4067,206,6.00,378.00,1056.00,666.00,1,1,-1,-1
4068,206,21.00,492.00,1041.00,552.00,1,1,-1,-1
4069,206,3.00,390.00,1044.00,648.00,1,1,-1,-1
4070,206,6.00,351.00,1053.00,687.00,1,1,-1,-1
4071,206,0.00,312.00,1068.00,735.00,1,1,-1,-1
4072,206,0.00,318.00,1068.00,729.00,1,1,-1,-1
4073,206,3.00,339.00,1065.00,702.00,1,1,-1,-1
4074,206,0.00,348.00,1083.00,690.00,1,1,-1,-1
4075,206,0.00,336.00,1086.00,702.00,1,1,-1,-1
4076,206,0.00,297.00,1086.00,747.00,1,1,-1,-1
4077,206,36.00,345.00,1179.00,690.00,1,1,-1,-1
4078,206,36.00,345.00,1179.00,690.00,1,1,-1,-1
4080,206,9.00,351.00,1209.00,690.00,1,1,-1,-1
4081,206,12.00,378.00,1203.00,660.00,1,1,-1,-1
4082,206,21.00,360.00,1182.00,669.00,1,1,-1,-1
4094,206,-0.00,378.00,1254.00,651.00,1,1,-1,-1
4095,206,6.00,366.00,1191.00,672.00,1,1,-1,-1
4096,206,3.00,363.00,1200.00,675.00,1,1,-1,-1
4097,206,21.00,387.00,1203.00,588.00,1,1,-1,-1
4104,210,375.00,273.00,117.00,126.00,1,1,-1,-1
4105,210,378.00,273.00,111.00,111.00,1,1,-1,-1
4107,210,372.00,261.00,132.00,132.00,1,1,-1,-1
4137,211,582.00,546.00,69.00,72.00,1,1,-1,-1
4137,212,1029.00,345.00,93.00,81.00,1,1,-1,-1
4142,212,1008.00,321.00,96.00,81.00,1,1,-1,-1
4142,213,483.00,534.00,81.00,90.00,1,1,-1,-1
4144,214,228.00,354.00,183.00,102.00,1,1,-1,-1
4145,214,171.00,330.00,207.00,129.00,1,1,-1,-1
4146,214,126.00,324.00,210.00,123.00,1,1,-1,-1
4147,214,126.00,324.00,210.00,123.00,1,1,-1,-1
4149,215,264.00,504.00,120.00,114.00,1,1,-1,-1
4157,216,12.00,426.00,138.00,144.00,1,1,-1,-1
4242,217,918.00,165.00,183.00,117.00,1,1,-1,-1
4243,217,918.00,165.00,183.00,117.00,1,1,-1,-1
4263,218,0.00,195.00,195.00,759.00,1,1,-1,-1
4270,219,3.00,225.00,111.00,174.00,1,1,-1,-1
4272,220,3.00,231.00,102.00,114.00,1,1,-1,-1
4273,220,3.00,234.00,102.00,114.00,1,1,-1,-1
4295,221,1065.00,543.00,669.00,276.00,1,1,-1,-1
4296,221,1065.00,543.00,669.00,276.00,1,1,-1,-1
4297,221,1074.00,555.00,654.00,261.00,1,1,-1,-1
4298,221,1056.00,549.00,681.00,270.00,1,1,-1,-1
4299,221,1062.00,540.00,660.00,279.00,1,1,-1,-1
4303,222,1083.00,525.00,651.00,279.00,1,1,-1,-1
4304,222,1053.00,441.00,654.00,261.00,1,1,-1,-1
4305,222,1056.00,348.00,666.00,315.00,1,1,-1,-1
4311,223,984.00,522.00,687.00,288.00,1,1,-1,-1
4312,223,981.00,510.00,705.00,276.00,1,1,-1,-1
4313,223,981.00,510.00,705.00,276.00,1,1,-1,-1
4367,224,1374.00,642.00,216.00,150.00,1,1,-1,-1
4415,225,1167.00,477.00,54.00,27.00,1,1,-1,-1
4416,225,1167.00,477.00,54.00,27.00,1,1,-1,-1
4417,225,1167.00,477.00,54.00,27.00,1,1,-1,-1
4418,225,1167.00,477.00,54.00,27.00,1,1,-1,-1
4419,225,1167.00,477.00,54.00,27.00,1,1,-1,-1
4420,225,1167.00,477.00,54.00,27.00,1,1,-1,-1
4421,225,1167.00,477.00,54.00,27.00,1,1,-1,-1
4422,225,1167.00,477.00,54.00,27.00,1,1,-1,-1
4423,225,1167.00,477.00,54.00,27.00,1,1,-1,-1
4424,225,1167.00,477.00,54.00,27.00,1,1,-1,-1
4425,225,1167.00,477.00,54.00,27.00,1,1,-1,-1
4426,225,1167.00,477.00,54.00,27.00,1,1,-1,-1
4427,225,1167.00,477.00,54.00,27.00,1,1,-1,-1
4428,225,1167.00,477.00,54.00,27.00,1,1,-1,-1
4433,226,1470.00,405.00,438.00,183.00,1,1,-1,-1
4434,226,1518.00,420.00,393.00,150.00,1,1,-1,-1
4437,226,1752.00,414.00,168.00,213.00,1,1,-1,-1
4439,226,1656.00,360.00,264.00,210.00,1,1,-1,-1
4440,226,1662.00,369.00,258.00,213.00,1,1,-1,-1
4441,226,1668.00,363.00,252.00,216.00,1,1,-1,-1
4442,226,1668.00,360.00,252.00,225.00,1,1,-1,-1
4443,226,1662.00,363.00,258.00,234.00,1,1,-1,-1
4443,227,0.00,492.00,453.00,138.00,1,1,-1,-1
4444,226,1653.00,363.00,267.00,225.00,1,1,-1,-1
4445,226,1689.00,348.00,228.00,246.00,1,1,-1,-1
4449,228,-0.00,486.00,345.00,273.00,1,1,-1,-1
4450,228,-0.00,480.00,345.00,264.00,1,1,-1,-1
4451,228,0.00,474.00,315.00,255.00,1,1,-1,-1
4452,228,0.00,474.00,306.00,258.00,1,1,-1,-1
4453,228,0.00,459.00,300.00,315.00,1,1,-1,-1
4454,228,0.00,456.00,282.00,333.00,1,1,-1,-1
4455,228,0.00,456.00,282.00,330.00,1,1,-1,-1
4456,228,0.00,468.00,261.00,267.00,1,1,-1,-1
4457,228,0.00,450.00,246.00,270.00,1,1,-1,-1
4458,228,-0.00,468.00,243.00,264.00,1,1,-1,-1
4459,228,0.00,489.00,231.00,240.00,1,1,-1,-1
4460,228,0.00,501.00,222.00,222.00,1,1,-1,-1
4461,228,0.00,504.00,222.00,216.00,1,1,-1,-1
4462,228,0.00,528.00,210.00,297.00,1,1,-1,-1
4463,228,-0.00,528.00,219.00,312.00,1,1,-1,-1
4464,228,0.00,504.00,216.00,342.00,1,1,-1,-1
4465,228,0.00,516.00,210.00,330.00,1,1,-1,-1
4466,228,-0.00,504.00,207.00,342.00,1,1,-1,-1
4467,228,-0.00,504.00,207.00,342.00,1,1,-1,-1
4468,228,0.00,525.00,204.00,312.00,1,1,-1,-1
4469,228,0.00,513.00,210.00,351.00,1,1,-1,-1
4470,228,0.00,504.00,204.00,363.00,1,1,-1,-1
4474,229,0.00,441.00,246.00,123.00,1,1,-1,-1
4475,230,0.00,468.00,213.00,402.00,1,1,-1,-1
4476,230,0.00,480.00,222.00,372.00,1,1,-1,-1
4477,230,0.00,474.00,228.00,363.00,1,1,-1,-1
4478,230,-0.00,456.00,243.00,384.00,1,1,-1,-1
4479,230,0.00,456.00,246.00,378.00,1,1,-1,-1
4480,230,-0.00,477.00,249.00,261.00,1,1,-1,-1
4481,230,0.00,450.00,276.00,312.00,1,1,-1,-1
4482,230,0.00,450.00,282.00,330.00,1,1,-1,-1
4483,230,-0.00,447.00,279.00,324.00,1,1,-1,-1
4484,230,-0.00,450.00,279.00,306.00,1,1,-1,-1
4485,230,0.00,450.00,276.00,306.00,1,1,-1,-1
4486,230,0.00,450.00,264.00,321.00,1,1,-1,-1
4487,230,-0.00,453.00,249.00,312.00,1,1,-1,-1
4488,230,0.00,450.00,264.00,276.00,1,1,-1,-1
4489,230,0.00,441.00,267.00,315.00,1,1,-1,-1
4490,230,0.00,438.00,264.00,318.00,1,1,-1,-1
4491,230,0.00,438.00,264.00,318.00,1,1,-1,-1
4492,230,0.00,444.00,258.00,294.00,1,1,-1,-1
4493,231,1644.00,438.00,276.00,330.00,1,1,-1,-1
4493,232,381.00,453.00,921.00,375.00,1,1,-1,-1
4494,231,1650.00,441.00,270.00,327.00,1,1,-1,-1
4494,232,378.00,450.00,912.00,378.00,1,1,-1,-1
4495,231,1650.00,447.00,270.00,321.00,1,1,-1,-1
4495,232,369.00,453.00,909.00,375.00,1,1,-1,-1
4496,231,1644.00,450.00,276.00,318.00,1,1,-1,-1
4496,232,351.00,450.00,924.00,378.00,1,1,-1,-1
4497,231,1638.00,447.00,282.00,321.00,1,1,-1,-1
4497,232,342.00,450.00,924.00,375.00,1,1,-1,-1
4498,231,1635.00,447.00,285.00,318.00,1,1,-1,-1
4498,232,342.00,453.00,924.00,372.00,1,1,-1,-1
4499,231,1623.00,456.00,297.00,306.00,1,1,-1,-1
4499,232,330.00,459.00,924.00,369.00,1,1,-1,-1
4500,231,1623.00,456.00,297.00,306.00,1,1,-1,-1
4500,232,315.00,462.00,933.00,360.00,1,1,-1,-1
4501,231,1614.00,456.00,306.00,306.00,1,1,-1,-1
4501,232,309.00,459.00,927.00,363.00,1,1,-1,-1
4502,231,1611.00,462.00,309.00,306.00,1,1,-1,-1
4502,232,300.00,456.00,936.00,366.00,1,1,-1,-1
4502,233,1830.00,462.00,54.00,81.00,1,1,-1,-1
4503,231,1605.00,555.00,306.00,207.00,1,1,-1,-1
4503,232,300.00,456.00,933.00,369.00,1,1,-1,-1
4503,234,1725.00,474.00,195.00,204.00,1,1,-1,-1
4504,231,1608.00,468.00,312.00,285.00,1,1,-1,-1
4504,232,285.00,456.00,963.00,372.00,1,1,-1,-1
4504,234,1746.00,483.00,174.00,177.00,1,1,-1,-1
4505,231,1602.00,471.00,318.00,273.00,1,1,-1,-1
4505,232,264.00,453.00,969.00,372.00,1,1,-1,-1
4505,234,1737.00,486.00,180.00,177.00,1,1,-1,-1
4506,231,1590.00,477.00,330.00,276.00,1,1,-1,-1
4506,232,240.00,450.00,969.00,375.00,1,1,-1,-1
4507,231,1716.00,483.00,198.00,183.00,1,1,-1,-1
4507,232,234.00,450.00,963.00,378.00,1,1,-1,-1
4507,235,1596.00,471.00,324.00,267.00,1,1,-1,-1
4508,232,234.00,444.00,978.00,378.00,1,1,-1,-1
4508,235,1584.00,468.00,336.00,300.00,1,1,-1,-1
4509,232,240.00,444.00,948.00,381.00,1,1,-1,-1
4509,235,1584.00,474.00,336.00,294.00,1,1,-1,-1
4510,232,219.00,444.00,975.00,381.00,1,1,-1,-1
4510,235,1596.00,480.00,324.00,288.00,1,1,-1,-1
4511,232,225.00,438.00,957.00,390.00,1,1,-1,-1
4511,235,1602.00,477.00,318.00,291.00,1,1,-1,-1
4512,232,228.00,441.00,972.00,381.00,1,1,-1,-1
4512,235,1608.00,477.00,312.00,291.00,1,1,-1,-1
4513,232,231.00,438.00,978.00,384.00,1,1,-1,-1
4513,235,1623.00,480.00,294.00,291.00,1,1,-1,-1
4514,232,240.00,435.00,978.00,387.00,1,1,-1,-1
4514,235,1638.00,471.00,282.00,297.00,1,1,-1,-1
4515,232,255.00,438.00,975.00,384.00,1,1,-1,-1
4515,235,1650.00,456.00,270.00,327.00,1,1,-1,-1
4516,232,240.00,432.00,1008.00,390.00,1,1,-1,-1
4516,235,1662.00,465.00,258.00,327.00,1,1,-1,-1
4517,232,240.00,432.00,996.00,390.00,1,1,-1,-1
4517,235,1674.00,474.00,246.00,324.00,1,1,-1,-1
4518,232,288.00,426.00,945.00,396.00,1,1,-1,-1
4518,235,1677.00,465.00,243.00,336.00,1,1,-1,-1
4519,232,282.00,423.00,954.00,399.00,1,1,-1,-1
4519,235,1698.00,498.00,222.00,306.00,1,1,-1,-1
4520,232,294.00,426.00,942.00,396.00,1,1,-1,-1
4520,235,1704.00,486.00,216.00,342.00,1,1,-1,-1
4521,232,297.00,426.00,951.00,396.00,1,1,-1,-1
4521,235,1716.00,498.00,204.00,303.00,1,1,-1,-1
4522,232,297.00,426.00,951.00,396.00,1,1,-1,-1
4522,235,1716.00,519.00,204.00,273.00,1,1,-1,-1
4523,232,303.00,423.00,954.00,399.00,1,1,-1,-1
4523,235,1722.00,525.00,198.00,285.00,1,1,-1,-1
4524,232,309.00,426.00,945.00,396.00,1,1,-1,-1
4524,235,1734.00,546.00,186.00,240.00,1,1,-1,-1
4525,232,309.00,426.00,951.00,396.00,1,1,-1,-1
4525,235,1740.00,549.00,180.00,243.00,1,1,-1,-1
4526,232,306.00,423.00,954.00,399.00,1,1,-1,-1
4526,235,1749.00,573.00,171.00,207.00,1,1,-1,-1
4527,232,306.00,423.00,963.00,399.00,1,1,-1,-1
4527,235,1749.00,552.00,171.00,234.00,1,1,-1,-1
4528,232,306.00,417.00,969.00,408.00,1,1,-1,-1
4528,235,1746.00,585.00,174.00,198.00,1,1,-1,-1
4529,232,303.00,423.00,966.00,399.00,1,1,-1,-1
4529,235,1752.00,576.00,168.00,201.00,1,1,-1,-1
4530,232,312.00,420.00,963.00,408.00,1,1,-1,-1
4530,235,1761.00,558.00,159.00,228.00,1,1,-1,-1
4531,232,318.00,420.00,960.00,408.00,1,1,-1,-1
4531,235,1770.00,552.00,150.00,246.00,1,1,-1,-1
4532,232,318.00,420.00,969.00,408.00,1,1,-1,-1
4532,235,1776.00,525.00,144.00,279.00,1,1,-1,-1
4533,232,321.00,414.00,963.00,411.00,1,1,-1,-1
4533,235,1782.00,525.00,138.00,285.00,1,1,-1,-1
4534,232,330.00,411.00,963.00,414.00,1,1,-1,-1
4534,235,1794.00,528.00,126.00,273.00,1,1,-1,-1
4535,232,324.00,414.00,981.00,414.00,1,1,-1,-1
4535,235,1800.00,522.00,120.00,285.00,1,1,-1,-1
4536,232,330.00,414.00,981.00,411.00,1,1,-1,-1
4536,235,1812.00,507.00,108.00,303.00,1,1,-1,-1
4537,232,342.00,414.00,966.00,408.00,1,1,-1,-1
4538,232,345.00,408.00,978.00,420.00,1,1,-1,-1
4539,232,348.00,408.00,981.00,420.00,1,1,-1,-1
4539,236,1836.00,519.00,84.00,273.00,1,1,-1,-1
4540,232,348.00,405.00,984.00,423.00,1,1,-1,-1
4541,232,348.00,402.00,978.00,426.00,1,1,-1,-1
4542,232,348.00,399.00,1002.00,429.00,1,1,-1,-1
4542,237,1863.00,525.00,57.00,264.00,1,1,-1,-1
4543,232,354.00,399.00,996.00,432.00,1,1,-1,-1
4543,237,1863.00,540.00,57.00,249.00,1,1,-1,-1
4544,232,351.00,399.00,996.00,432.00,1,1,-1,-1
4544,237,1866.00,546.00,54.00,234.00,1,1,-1,-1
4545,232,348.00,396.00,996.00,435.00,1,1,-1,-1
4546,232,348.00,396.00,1002.00,435.00,1,1,-1,-1
4547,232,351.00,399.00,1005.00,429.00,1,1,-1,-1
4548,232,357.00,396.00,996.00,432.00,1,1,-1,-1
4549,232,357.00,396.00,1002.00,432.00,1,1,-1,-1
4550,232,357.00,396.00,1002.00,432.00,1,1,-1,-1
4551,232,360.00,393.00,993.00,435.00,1,1,-1,-1
4552,232,360.00,390.00,996.00,438.00,1,1,-1,-1
4553,232,354.00,396.00,996.00,432.00,1,1,-1,-1
4554,232,354.00,396.00,990.00,432.00,1,1,-1,-1
4555,232,360.00,396.00,984.00,429.00,1,1,-1,-1
4556,232,366.00,396.00,990.00,426.00,1,1,-1,-1
4557,232,360.00,396.00,996.00,426.00,1,1,-1,-1
4558,232,357.00,396.00,1005.00,426.00,1,1,-1,-1
4559,232,357.00,393.00,1014.00,429.00,1,1,-1,-1
4560,232,360.00,393.00,1005.00,426.00,1,1,-1,-1
4561,232,360.00,381.00,1011.00,441.00,1,1,-1,-1
4562,232,366.00,390.00,990.00,429.00,1,1,-1,-1
4563,232,366.00,390.00,993.00,426.00,1,1,-1,-1
4564,232,366.00,399.00,984.00,417.00,1,1,-1,-1
4565,232,369.00,399.00,978.00,417.00,1,1,-1,-1
4566,232,366.00,396.00,990.00,420.00,1,1,-1,-1
4567,232,366.00,399.00,981.00,417.00,1,1,-1,-1
4568,232,366.00,399.00,981.00,420.00,1,1,-1,-1
4569,232,372.00,402.00,972.00,414.00,1,1,-1,-1
4570,232,372.00,393.00,996.00,429.00,1,1,-1,-1
4571,232,378.00,390.00,996.00,432.00,1,1,-1,-1
4572,232,372.00,390.00,1002.00,432.00,1,1,-1,-1
4572,238,681.00,417.00,81.00,111.00,1,1,-1,-1
4573,232,372.00,393.00,1011.00,429.00,1,1,-1,-1
4573,238,681.00,420.00,81.00,108.00,1,1,-1,-1
4574,232,375.00,396.00,1002.00,423.00,1,1,-1,-1
4574,238,684.00,420.00,78.00,108.00,1,1,-1,-1
4575,232,369.00,393.00,1023.00,429.00,1,1,-1,-1
4575,238,687.00,414.00,81.00,114.00,1,1,-1,-1
4576,232,378.00,390.00,1023.00,432.00,1,1,-1,-1
4576,238,687.00,420.00,81.00,108.00,1,1,-1,-1
4577,232,381.00,384.00,1017.00,438.00,1,1,-1,-1
4577,238,687.00,420.00,84.00,114.00,1,1,-1,-1
4578,232,384.00,393.00,1005.00,432.00,1,1,-1,-1
4578,238,687.00,423.00,84.00,111.00,1,1,-1,-1
4579,232,378.00,384.00,1029.00,438.00,1,1,-1,-1
4579,238,684.00,417.00,84.00,117.00,1,1,-1,-1
4580,232,375.00,384.00,1038.00,438.00,1,1,-1,-1
4580,238,684.00,423.00,81.00,114.00,1,1,-1,-1
4581,232,378.00,393.00,1032.00,429.00,1,1,-1,-1
4581,238,684.00,420.00,81.00,117.00,1,1,-1,-1
4582,232,378.00,393.00,1026.00,429.00,1,1,-1,-1
4582,238,681.00,423.00,84.00,117.00,1,1,-1,-1
4583,232,375.00,396.00,1035.00,426.00,1,1,-1,-1
4583,238,684.00,423.00,81.00,117.00,1,1,-1,-1
4584,232,369.00,402.00,1026.00,420.00,1,1,-1,-1
4584,238,678.00,420.00,84.00,120.00,1,1,-1,-1
4585,232,354.00,396.00,1044.00,420.00,1,1,-1,-1
4586,232,348.00,396.00,1059.00,420.00,1,1,-1,-1
4587,232,354.00,393.00,1056.00,423.00,1,1,-1,-1
4588,232,360.00,387.00,1050.00,429.00,1,1,-1,-1
4589,232,348.00,396.00,1065.00,420.00,1,1,-1,-1
4590,232,342.00,384.00,1074.00,432.00,1,1,-1,-1
4591,232,348.00,384.00,1071.00,432.00,1,1,-1,-1
4592,232,348.00,384.00,1071.00,432.00,1,1,-1,-1
4593,232,348.00,414.00,1002.00,402.00,1,1,-1,-1
4593,239,669.00,420.00,81.00,120.00,1,1,-1,-1
4594,232,351.00,402.00,1062.00,417.00,1,1,-1,-1
4595,232,339.00,414.00,1014.00,402.00,1,1,-1,-1
4596,232,342.00,414.00,1005.00,405.00,1,1,-1,-1
4597,232,339.00,414.00,1017.00,405.00,1,1,-1,-1
4598,232,327.00,414.00,1035.00,405.00,1,1,-1,-1
4598,240,669.00,423.00,81.00,108.00,1,1,-1,-1
4599,232,324.00,408.00,1026.00,408.00,1,1,-1,-1
4600,232,309.00,408.00,1044.00,408.00,1,1,-1,-1
4601,232,300.00,402.00,1065.00,414.00,1,1,-1,-1
4602,232,306.00,402.00,1071.00,414.00,1,1,-1,-1
4603,232,303.00,405.00,1041.00,411.00,1,1,-1,-1
4604,232,309.00,402.00,1047.00,411.00,1,1,-1,-1
4605,232,291.00,405.00,1053.00,411.00,1,1,-1,-1
4606,232,330.00,402.00,1026.00,414.00,1,1,-1,-1
4607,232,324.00,399.00,1032.00,417.00,1,1,-1,-1
4608,232,336.00,399.00,1029.00,417.00,1,1,-1,-1
4609,232,348.00,396.00,1062.00,423.00,1,1,-1,-1
4610,232,348.00,396.00,1071.00,423.00,1,1,-1,-1
4611,232,348.00,393.00,1071.00,423.00,1,1,-1,-1
4612,232,339.00,393.00,1077.00,423.00,1,1,-1,-1
4613,232,327.00,393.00,1119.00,423.00,1,1,-1,-1
4614,232,303.00,390.00,1077.00,420.00,1,1,-1,-1
4615,232,306.00,393.00,1077.00,417.00,1,1,-1,-1
4616,232,306.00,393.00,1074.00,417.00,1,1,-1,-1
4617,232,306.00,390.00,1083.00,420.00,1,1,-1,-1
4618,232,663.00,366.00,849.00,399.00,1,1,-1,-1
4619,232,666.00,369.00,846.00,396.00,1,1,-1,-1
4620,232,672.00,369.00,834.00,393.00,1,1,-1,-1
4621,232,681.00,372.00,831.00,393.00,1,1,-1,-1
4622,232,687.00,369.00,822.00,396.00,1,1,-1,-1
4623,232,690.00,372.00,819.00,390.00,1,1,-1,-1
4624,232,693.00,375.00,813.00,387.00,1,1,-1,-1
4625,232,696.00,372.00,810.00,393.00,1,1,-1,-1
4626,232,705.00,369.00,819.00,396.00,1,1,-1,-1
4627,232,711.00,372.00,816.00,396.00,1,1,-1,-1
4628,232,720.00,369.00,810.00,399.00,1,1,-1,-1
4629,232,729.00,369.00,807.00,399.00,1,1,-1,-1
4630,232,738.00,366.00,804.00,402.00,1,1,-1,-1
4631,232,738.00,369.00,798.00,399.00,1,1,-1,-1
4632,232,744.00,369.00,798.00,399.00,1,1,-1,-1
4633,232,747.00,369.00,792.00,396.00,1,1,-1,-1
4634,232,744.00,372.00,783.00,390.00,1,1,-1,-1
4635,232,750.00,363.00,804.00,402.00,1,1,-1,-1
4636,232,756.00,366.00,804.00,396.00,1,1,-1,-1
4637,232,759.00,366.00,801.00,396.00,1,1,-1,-1
4638,232,765.00,363.00,795.00,402.00,1,1,-1,-1
4639,232,768.00,360.00,801.00,402.00,1,1,-1,-1
4640,232,768.00,360.00,795.00,405.00,1,1,-1,-1
4641,232,768.00,363.00,801.00,399.00,1,1,-1,-1
4642,232,765.00,360.00,801.00,399.00,1,1,-1,-1
4643,232,768.00,360.00,801.00,402.00,1,1,-1,-1
4644,232,771.00,360.00,801.00,399.00,1,1,-1,-1
4645,232,765.00,360.00,795.00,402.00,1,1,-1,-1
4646,232,765.00,363.00,795.00,396.00,1,1,-1,-1
4647,232,759.00,360.00,804.00,399.00,1,1,-1,-1
4648,232,756.00,366.00,795.00,399.00,1,1,-1,-1
4649,232,750.00,366.00,789.00,396.00,1,1,-1,-1
4650,232,756.00,366.00,762.00,396.00,1,1,-1,-1
4651,232,744.00,366.00,759.00,390.00,1,1,-1,-1
4652,232,735.00,390.00,777.00,363.00,1,1,-1,-1
4653,232,735.00,375.00,765.00,381.00,1,1,-1,-1
4654,232,717.00,378.00,777.00,375.00,1,1,-1,-1
4655,232,705.00,369.00,774.00,390.00,1,1,-1,-1
4656,232,687.00,369.00,771.00,387.00,1,1,-1,-1
4657,232,672.00,372.00,774.00,387.00,1,1,-1,-1
4658,232,660.00,375.00,774.00,378.00,1,1,-1,-1
4659,232,645.00,375.00,774.00,381.00,1,1,-1,-1
4660,232,633.00,375.00,777.00,384.00,1,1,-1,-1
4661,232,624.00,375.00,780.00,387.00,1,1,-1,-1
4662,232,624.00,375.00,771.00,381.00,1,1,-1,-1
4663,232,621.00,372.00,774.00,387.00,1,1,-1,-1
4664,232,618.00,372.00,780.00,387.00,1,1,-1,-1
4665,232,618.00,372.00,780.00,387.00,1,1,-1,-1
4666,232,618.00,372.00,780.00,387.00,1,1,-1,-1
4667,232,624.00,372.00,771.00,384.00,1,1,-1,-1
4668,232,624.00,372.00,768.00,384.00,1,1,-1,-1
4669,232,624.00,372.00,768.00,384.00,1,1,-1,-1
4670,232,621.00,366.00,768.00,387.00,1,1,-1,-1
4671,232,624.00,360.00,768.00,393.00,1,1,-1,-1
4672,232,624.00,360.00,768.00,396.00,1,1,-1,-1
4673,232,621.00,360.00,768.00,393.00,1,1,-1,-1
4674,232,615.00,357.00,780.00,396.00,1,1,-1,-1
4675,232,612.00,354.00,780.00,402.00,1,1,-1,-1
4676,232,609.00,354.00,780.00,396.00,1,1,-1,-1
4677,232,615.00,357.00,771.00,393.00,1,1,-1,-1
4678,232,615.00,363.00,771.00,390.00,1,1,-1,-1
4679,232,612.00,366.00,774.00,384.00,1,1,-1,-1
4680,232,606.00,366.00,774.00,381.00,1,1,-1,-1
4681,232,612.00,366.00,768.00,378.00,1,1,-1,-1
4682,232,642.00,369.00,732.00,372.00,1,1,-1,-1
4683,232,642.00,366.00,726.00,384.00,1,1,-1,-1
4684,232,657.00,366.00,708.00,381.00,1,1,-1,-1
4685,232,672.00,366.00,690.00,378.00,1,1,-1,-1
4686,232,678.00,366.00,678.00,381.00,1,1,-1,-1
4687,232,636.00,366.00,720.00,387.00,1,1,-1,-1
4688,232,636.00,366.00,717.00,384.00,1,1,-1,-1
4689,232,624.00,366.00,729.00,384.00,1,1,-1,-1
4690,232,624.00,366.00,729.00,384.00,1,1,-1,-1
4691,232,633.00,366.00,714.00,387.00,1,1,-1,-1
4692,232,648.00,366.00,696.00,387.00,1,1,-1,-1
4693,232,636.00,366.00,705.00,390.00,1,1,-1,-1
4694,232,648.00,366.00,687.00,390.00,1,1,-1,-1
4695,232,648.00,372.00,675.00,390.00,1,1,-1,-1
4696,232,666.00,378.00,648.00,387.00,1,1,-1,-1
4697,232,663.00,402.00,642.00,375.00,1,1,-1,-1
4698,232,648.00,435.00,636.00,354.00,1,1,-1,-1
4699,232,621.00,438.00,645.00,366.00,1,1,-1,-1
4700,232,603.00,441.00,648.00,369.00,1,1,-1,-1
4701,232,576.00,444.00,666.00,375.00,1,1,-1,-1
4702,232,558.00,450.00,660.00,378.00,1,1,-1,-1
4703,232,558.00,447.00,645.00,381.00,1,1,-1,-1
4704,232,531.00,456.00,645.00,372.00,1,1,-1,-1
4705,232,525.00,447.00,648.00,387.00,1,1,-1,-1
4706,232,507.00,447.00,657.00,393.00,1,1,-1,-1
4707,232,492.00,453.00,660.00,387.00,1,1,-1,-1
4708,241,756.00,432.00,720.00,282.00,1,1,-1,-1
4709,241,765.00,438.00,708.00,276.00,1,1,-1,-1
4710,241,762.00,438.00,714.00,276.00,1,1,-1,-1
4711,241,765.00,432.00,708.00,285.00,1,1,-1,-1
4712,241,771.00,429.00,702.00,291.00,1,1,-1,-1
4713,241,756.00,432.00,720.00,285.00,1,1,-1,-1
4714,241,795.00,435.00,678.00,285.00,1,1,-1,-1
4715,241,798.00,444.00,666.00,276.00,1,1,-1,-1
4716,241,789.00,441.00,681.00,282.00,1,1,-1,-1
4717,241,795.00,444.00,669.00,276.00,1,1,-1,-1
4718,241,789.00,441.00,672.00,282.00,1,1,-1,-1
4719,241,774.00,456.00,684.00,267.00,1,1,-1,-1
4720,241,786.00,459.00,666.00,264.00,1,1,-1,-1
4721,241,765.00,450.00,687.00,273.00,1,1,-1,-1
4722,241,774.00,453.00,678.00,267.00,1,1,-1,-1
4723,241,768.00,450.00,684.00,267.00,1,1,-1,-1
4724,241,768.00,462.00,678.00,270.00,1,1,-1,-1
4725,241,774.00,456.00,669.00,285.00,1,1,-1,-1
4726,241,771.00,462.00,669.00,276.00,1,1,-1,-1
4727,241,768.00,468.00,672.00,273.00,1,1,-1,-1
4728,241,768.00,468.00,669.00,273.00,1,1,-1,-1
4729,241,762.00,471.00,675.00,273.00,1,1,-1,-1
4730,241,768.00,465.00,666.00,279.00,1,1,-1,-1
4731,241,768.00,450.00,666.00,291.00,1,1,-1,-1
4732,241,768.00,453.00,666.00,291.00,1,1,-1,-1
4733,241,768.00,450.00,663.00,294.00,1,1,-1,-1
4734,241,771.00,453.00,657.00,288.00,1,1,-1,-1
4735,241,780.00,453.00,645.00,279.00,1,1,-1,-1
4736,241,786.00,435.00,642.00,285.00,1,1,-1,-1
4737,241,771.00,414.00,666.00,306.00,1,1,-1,-1
4738,241,786.00,417.00,648.00,291.00,1,1,-1,-1
4739,241,792.00,420.00,651.00,282.00,1,1,-1,-1
4740,241,798.00,417.00,651.00,282.00,1,1,-1,-1
4741,241,807.00,423.00,645.00,273.00,1,1,-1,-1
4742,241,819.00,426.00,645.00,270.00,1,1,-1,-1
4743,241,822.00,420.00,648.00,273.00,1,1,-1,-1
4744,241,852.00,426.00,627.00,258.00,1,1,-1,-1
4745,241,861.00,414.00,624.00,270.00,1,1,-1,-1
4746,241,870.00,408.00,621.00,273.00,1,1,-1,-1
4747,241,879.00,393.00,618.00,285.00,1,1,-1,-1
4748,241,879.00,402.00,621.00,276.00,1,1,-1,-1
4749,241,894.00,432.00,606.00,246.00,1,1,-1,-1
4750,241,888.00,408.00,624.00,267.00,1,1,-1,-1
4751,241,903.00,456.00,612.00,216.00,1,1,-1,-1
4752,241,906.00,462.00,612.00,210.00,1,1,-1,-1
4753,241,906.00,462.00,618.00,210.00,1,1,-1,-1
4754,241,1044.00,426.00,486.00,246.00,1,1,-1,-1
4755,241,1032.00,456.00,507.00,222.00,1,1,-1,-1
4756,241,1068.00,453.00,477.00,225.00,1,1,-1,-1
4757,241,1056.00,459.00,495.00,225.00,1,1,-1,-1
4758,241,1074.00,453.00,483.00,228.00,1,1,-1,-1
4759,241,1104.00,450.00,465.00,231.00,1,1,-1,-1
4760,241,1107.00,438.00,480.00,240.00,1,1,-1,-1
4761,241,1104.00,444.00,492.00,234.00,1,1,-1,-1
4762,241,1128.00,435.00,468.00,240.00,1,1,-1,-1
4763,241,1140.00,423.00,462.00,252.00,1,1,-1,-1
4764,241,1143.00,414.00,471.00,267.00,1,1,-1,-1
4765,241,1152.00,423.00,474.00,243.00,1,1,-1,-1
4767,241,1158.00,417.00,501.00,240.00,1,1,-1,-1
4768,241,1140.00,417.00,522.00,252.00,1,1,-1,-1
4769,241,1092.00,384.00,600.00,279.00,1,1,-1,-1
4771,241,1116.00,384.00,600.00,285.00,1,1,-1,-1
4773,241,1074.00,393.00,642.00,273.00,1,1,-1,-1
4778,241,888.00,351.00,753.00,486.00,1,1,-1,-1
4778,242,612.00,474.00,438.00,378.00,1,1,-1,-1
4779,241,864.00,351.00,768.00,489.00,1,1,-1,-1
4779,242,609.00,471.00,444.00,384.00,1,1,-1,-1
4780,241,855.00,360.00,765.00,480.00,1,1,-1,-1
4780,242,612.00,465.00,426.00,387.00,1,1,-1,-1
4781,241,852.00,357.00,771.00,483.00,1,1,-1,-1
4781,242,606.00,468.00,414.00,381.00,1,1,-1,-1
4782,241,825.00,360.00,795.00,480.00,1,1,-1,-1
4782,242,600.00,471.00,426.00,381.00,1,1,-1,-1
4783,241,858.00,366.00,759.00,474.00,1,1,-1,-1
4783,242,597.00,471.00,417.00,387.00,1,1,-1,-1
4784,241,852.00,372.00,762.00,483.00,1,1,-1,-1
4784,242,606.00,480.00,408.00,384.00,1,1,-1,-1
4785,241,828.00,378.00,774.00,486.00,1,1,-1,-1
4785,242,591.00,486.00,417.00,381.00,1,1,-1,-1
4786,241,804.00,390.00,789.00,474.00,1,1,-1,-1
4786,242,579.00,483.00,423.00,387.00,1,1,-1,-1
4787,241,816.00,396.00,768.00,474.00,1,1,-1,-1
4787,242,579.00,468.00,450.00,414.00,1,1,-1,-1
4788,241,798.00,402.00,783.00,471.00,1,1,-1,-1
4788,242,582.00,462.00,432.00,432.00,1,1,-1,-1
4789,241,831.00,402.00,747.00,480.00,1,1,-1,-1
4789,242,567.00,474.00,441.00,426.00,1,1,-1,-1
4790,241,855.00,414.00,717.00,474.00,1,1,-1,-1
4790,242,576.00,492.00,414.00,414.00,1,1,-1,-1
4791,241,552.00,420.00,1029.00,486.00,1,1,-1,-1
4792,241,576.00,411.00,1008.00,480.00,1,1,-1,-1
4793,241,570.00,474.00,444.00,429.00,1,1,-1,-1
4793,243,834.00,414.00,744.00,468.00,1,1,-1,-1
4794,241,573.00,450.00,471.00,450.00,1,1,-1,-1
4794,243,609.00,402.00,993.00,483.00,1,1,-1,-1
4795,241,579.00,459.00,525.00,444.00,1,1,-1,-1
4795,243,816.00,417.00,762.00,465.00,1,1,-1,-1
4796,243,588.00,408.00,1008.00,486.00,1,1,-1,-1
4797,243,582.00,408.00,1008.00,483.00,1,1,-1,-1
4798,243,600.00,411.00,996.00,474.00,1,1,-1,-1
4799,243,588.00,465.00,468.00,435.00,1,1,-1,-1
4799,244,600.00,402.00,996.00,480.00,1,1,-1,-1
4800,244,588.00,399.00,1002.00,480.00,1,1,-1,-1
4801,244,585.00,459.00,462.00,429.00,1,1,-1,-1
4801,245,606.00,402.00,978.00,474.00,1,1,-1,-1
4802,244,582.00,456.00,432.00,426.00,1,1,-1,-1
4802,245,765.00,390.00,813.00,471.00,1,1,-1,-1
4803,245,618.00,381.00,960.00,486.00,1,1,-1,-1
4804,245,579.00,471.00,426.00,411.00,1,1,-1,-1
4804,246,792.00,381.00,777.00,480.00,1,1,-1,-1
4805,246,606.00,378.00,972.00,507.00,1,1,-1,-1
4806,246,588.00,396.00,990.00,486.00,1,1,-1,-1
4807,246,570.00,396.00,996.00,486.00,1,1,-1,-1
4808,246,564.00,459.00,483.00,423.00,1,1,-1,-1
4808,247,618.00,381.00,942.00,489.00,1,1,-1,-1
4809,246,564.00,459.00,456.00,408.00,1,1,-1,-1
4809,247,834.00,381.00,720.00,465.00,1,1,-1,-1
4810,246,567.00,468.00,411.00,390.00,1,1,-1,-1
4810,247,810.00,366.00,759.00,471.00,1,1,-1,-1
4811,246,567.00,402.00,441.00,444.00,1,1,-1,-1
4811,247,819.00,360.00,747.00,474.00,1,1,-1,-1
4812,246,564.00,408.00,426.00,420.00,1,1,-1,-1
4812,247,810.00,354.00,756.00,459.00,1,1,-1,-1
4813,246,564.00,381.00,435.00,438.00,1,1,-1,-1
4813,247,822.00,324.00,735.00,468.00,1,1,-1,-1
4814,246,570.00,360.00,420.00,438.00,1,1,-1,-1
4814,247,798.00,303.00,756.00,471.00,1,1,-1,-1
4815,246,570.00,378.00,390.00,408.00,1,1,-1,-1
4815,247,807.00,279.00,756.00,483.00,1,1,-1,-1
4816,246,564.00,384.00,390.00,387.00,1,1,-1,-1
4816,247,810.00,276.00,750.00,474.00,1,1,-1,-1
4817,246,561.00,369.00,393.00,393.00,1,1,-1,-1
4817,247,819.00,264.00,747.00,474.00,1,1,-1,-1
4818,246,558.00,276.00,426.00,471.00,1,1,-1,-1
4818,247,786.00,258.00,774.00,474.00,1,1,-1,-1
4819,246,558.00,282.00,432.00,459.00,1,1,-1,-1
4819,247,792.00,255.00,762.00,471.00,1,1,-1,-1
4820,246,555.00,282.00,441.00,456.00,1,1,-1,-1
4820,247,792.00,255.00,765.00,468.00,1,1,-1,-1
4821,246,549.00,279.00,447.00,462.00,1,1,-1,-1
4821,247,789.00,255.00,765.00,471.00,1,1,-1,-1
4822,246,555.00,288.00,417.00,456.00,1,1,-1,-1
4822,247,696.00,249.00,852.00,477.00,1,1,-1,-1
4823,246,549.00,267.00,459.00,483.00,1,1,-1,-1
4823,247,774.00,258.00,780.00,474.00,1,1,-1,-1
4824,246,549.00,270.00,456.00,483.00,1,1,-1,-1
4824,247,798.00,261.00,750.00,471.00,1,1,-1,-1
4825,246,549.00,285.00,459.00,471.00,1,1,-1,-1
4825,247,810.00,270.00,738.00,462.00,1,1,-1,-1
4826,246,552.00,363.00,423.00,402.00,1,1,-1,-1
4826,247,693.00,270.00,846.00,480.00,1,1,-1,-1
4827,246,552.00,360.00,426.00,426.00,1,1,-1,-1
4827,247,819.00,279.00,735.00,483.00,1,1,-1,-1
4828,246,555.00,366.00,411.00,426.00,1,1,-1,-1
4828,247,717.00,273.00,825.00,501.00,1,1,-1,-1
4829,246,555.00,330.00,459.00,465.00,1,1,-1,-1
4829,247,654.00,297.00,879.00,483.00,1,1,-1,-1
4830,246,558.00,351.00,447.00,447.00,1,1,-1,-1
4830,247,660.00,312.00,891.00,471.00,1,1,-1,-1
4831,246,555.00,342.00,486.00,465.00,1,1,-1,-1
4831,247,624.00,309.00,936.00,477.00,1,1,-1,-1
4832,246,558.00,348.00,474.00,462.00,1,1,-1,-1
4832,247,627.00,312.00,933.00,480.00,1,1,-1,-1
4833,246,570.00,378.00,465.00,435.00,1,1,-1,-1
4833,247,609.00,318.00,969.00,480.00,1,1,-1,-1
4834,246,573.00,378.00,465.00,441.00,1,1,-1,-1
4834,247,633.00,336.00,948.00,468.00,1,1,-1,-1
4835,247,600.00,333.00,978.00,474.00,1,1,-1,-1
4836,247,600.00,450.00,414.00,372.00,1,1,-1,-1
4836,248,630.00,342.00,960.00,468.00,1,1,-1,-1
4837,247,591.00,396.00,489.00,426.00,1,1,-1,-1
4837,248,621.00,342.00,981.00,471.00,1,1,-1,-1
4838,247,600.00,390.00,471.00,435.00,1,1,-1,-1
4838,248,624.00,333.00,984.00,483.00,1,1,-1,-1
4839,249,30.00,0.00,1890.00,1002.00,1,1,-1,-1
4840,249,24.00,0.00,1896.00,1008.00,1,1,-1,-1
4841,249,18.00,0.00,1902.00,1008.00,1,1,-1,-1
4842,249,12.00,0.00,1908.00,1008.00,1,1,-1,-1
4843,249,12.00,0.00,1908.00,1008.00,1,1,-1,-1
4859,249,165.00,0.00,1602.00,462.00,1,1,-1,-1
4859,250,-0.00,177.00,426.00,453.00,1,1,-1,-1
4860,250,0.00,117.00,408.00,510.00,1,1,-1,-1
4861,250,0.00,114.00,384.00,528.00,1,1,-1,-1
4871,251,1161.00,54.00,204.00,453.00,1,1,-1,-1
4872,252,0.00,81.00,357.00,999.00,1,1,-1,-1
4873,252,3.00,114.00,366.00,960.00,1,1,-1,-1
4874,252,0.00,108.00,414.00,948.00,1,1,-1,-1
4875,252,6.00,153.00,414.00,897.00,1,1,-1,-1
4875,253,504.00,582.00,240.00,177.00,1,1,-1,-1
4876,252,3.00,123.00,414.00,903.00,1,1,-1,-1
4877,252,-0.00,120.00,426.00,915.00,1,1,-1,-1
4878,252,3.00,117.00,414.00,915.00,1,1,-1,-1
4879,252,6.00,108.00,435.00,930.00,1,1,-1,-1
4880,252,3.00,96.00,435.00,960.00,1,1,-1,-1
4881,252,6.00,114.00,435.00,927.00,1,1,-1,-1
4882,252,0.00,108.00,438.00,786.00,1,1,-1,-1
4882,254,903.00,48.00,600.00,423.00,1,1,-1,-1
4883,252,0.00,105.00,387.00,783.00,1,1,-1,-1
4884,252,0.00,72.00,360.00,846.00,1,1,-1,-1
4884,255,879.00,60.00,570.00,264.00,1,1,-1,-1
4885,252,0.00,165.00,255.00,663.00,1,1,-1,-1
4885,255,861.00,57.00,591.00,273.00,1,1,-1,-1
4886,252,-0.00,189.00,249.00,603.00,1,1,-1,-1
4899,256,741.00,318.00,945.00,420.00,1,1,-1,-1
4900,256,741.00,315.00,939.00,423.00,1,1,-1,-1
4901,256,738.00,318.00,936.00,420.00,1,1,-1,-1
4902,256,744.00,318.00,930.00,420.00,1,1,-1,-1
4903,256,741.00,318.00,933.00,417.00,1,1,-1,-1
4904,256,729.00,315.00,945.00,420.00,1,1,-1,-1
4905,256,735.00,315.00,930.00,417.00,1,1,-1,-1
4906,256,738.00,315.00,924.00,414.00,1,1,-1,-1
4907,256,735.00,315.00,933.00,411.00,1,1,-1,-1
4908,256,729.00,315.00,933.00,402.00,1,1,-1,-1
4909,256,732.00,315.00,939.00,405.00,1,1,-1,-1
4910,256,744.00,312.00,954.00,414.00,1,1,-1,-1
4911,256,744.00,318.00,972.00,405.00,1,1,-1,-1
4912,256,732.00,312.00,954.00,408.00,1,1,-1,-1
4913,256,738.00,312.00,966.00,411.00,1,1,-1,-1
4914,256,735.00,312.00,963.00,414.00,1,1,-1,-1
4915,256,738.00,318.00,966.00,408.00,1,1,-1,-1
4916,256,741.00,318.00,933.00,408.00,1,1,-1,-1
4917,256,738.00,318.00,942.00,408.00,1,1,-1,-1
4918,256,741.00,315.00,933.00,408.00,1,1,-1,-1
4919,256,747.00,321.00,933.00,396.00,1,1,-1,-1
4920,256,744.00,324.00,942.00,393.00,1,1,-1,-1
4921,256,744.00,318.00,942.00,396.00,1,1,-1,-1
4921,257,1293.00,315.00,69.00,84.00,1,1,-1,-1
4922,256,750.00,315.00,924.00,399.00,1,1,-1,-1
4923,256,744.00,321.00,945.00,393.00,1,1,-1,-1
4924,256,747.00,318.00,954.00,390.00,1,1,-1,-1
4925,256,747.00,312.00,951.00,399.00,1,1,-1,-1
4926,256,753.00,315.00,927.00,390.00,1,1,-1,-1
4927,256,750.00,312.00,915.00,393.00,1,1,-1,-1
4928,256,747.00,306.00,912.00,396.00,1,1,-1,-1
4929,256,747.00,303.00,903.00,399.00,1,1,-1,-1
4930,256,735.00,351.00,480.00,351.00,1,1,-1,-1
4930,258,750.00,303.00,894.00,399.00,1,1,-1,-1
4931,258,747.00,294.00,900.00,408.00,1,1,-1,-1
4932,258,741.00,291.00,897.00,405.00,1,1,-1,-1
4933,259,0.00,54.00,351.00,936.00,1,1,-1,-1
4934,259,0.00,51.00,357.00,939.00,1,1,-1,-1
4935,259,0.00,54.00,354.00,930.00,1,1,-1,-1
4936,259,0.00,51.00,357.00,933.00,1,1,-1,-1
4937,259,0.00,48.00,360.00,939.00,1,1,-1,-1
4938,259,0.00,54.00,357.00,930.00,1,1,-1,-1
4939,259,0.00,54.00,360.00,930.00,1,1,-1,-1
4940,259,0.00,54.00,360.00,924.00,1,1,-1,-1
4941,259,0.00,66.00,360.00,900.00,1,1,-1,-1
4942,259,0.00,63.00,366.00,912.00,1,1,-1,-1
4943,259,-0.00,60.00,363.00,921.00,1,1,-1,-1
4944,259,-0.00,48.00,363.00,942.00,1,1,-1,-1
4945,259,0.00,39.00,366.00,957.00,1,1,-1,-1
4946,259,-0.00,42.00,363.00,951.00,1,1,-1,-1
4947,259,0.00,33.00,360.00,969.00,1,1,-1,-1
4948,259,0.00,33.00,360.00,963.00,1,1,-1,-1
4949,259,0.00,30.00,360.00,969.00,1,1,-1,-1
4950,259,0.00,27.00,360.00,978.00,1,1,-1,-1
4951,259,0.00,30.00,360.00,978.00,1,1,-1,-1
4952,259,0.00,24.00,360.00,990.00,1,1,-1,-1
4953,259,-0.00,21.00,363.00,996.00,1,1,-1,-1
4954,259,-0.00,21.00,363.00,996.00,1,1,-1,-1
4955,259,0.00,24.00,366.00,987.00,1,1,-1,-1
4956,259,-0.00,24.00,369.00,984.00,1,1,-1,-1
4957,259,0.00,24.00,378.00,987.00,1,1,-1,-1
4958,259,0.00,24.00,381.00,984.00,1,1,-1,-1
4959,259,0.00,15.00,372.00,1008.00,1,1,-1,-1
4960,259,0.00,24.00,372.00,984.00,1,1,-1,-1
4961,259,0.00,30.00,375.00,972.00,1,1,-1,-1
4962,259,0.00,24.00,372.00,984.00,1,1,-1,-1
4963,259,3.00,21.00,372.00,987.00,1,1,-1,-1
4964,259,0.00,21.00,378.00,990.00,1,1,-1,-1
4965,259,0.00,24.00,375.00,990.00,1,1,-1,-1
4966,259,0.00,36.00,366.00,966.00,1,1,-1,-1
4967,259,-0.00,42.00,363.00,960.00,1,1,-1,-1
4968,259,0.00,42.00,366.00,954.00,1,1,-1,-1
4969,259,0.00,39.00,366.00,966.00,1,1,-1,-1
4970,259,-0.00,24.00,369.00,981.00,1,1,-1,-1
4971,259,0.00,39.00,360.00,951.00,1,1,-1,-1
4972,259,0.00,147.00,360.00,900.00,1,1,-1,-1
4973,259,0.00,150.00,351.00,888.00,1,1,-1,-1
4974,259,-0.00,150.00,345.00,888.00,1,1,-1,-1
4975,259,0.00,165.00,348.00,858.00,1,1,-1,-1
4976,259,0.00,147.00,351.00,891.00,1,1,-1,-1
4977,259,0.00,39.00,357.00,981.00,1,1,-1,-1
4978,259,0.00,42.00,351.00,975.00,1,1,-1,-1
4979,259,0.00,45.00,348.00,966.00,1,1,-1,-1
4980,259,0.00,42.00,351.00,972.00,1,1,-1,-1
4981,259,0.00,42.00,348.00,972.00,1,1,-1,-1
4982,259,0.00,129.00,348.00,915.00,1,1,-1,-1
4983,259,0.00,141.00,351.00,888.00,1,1,-1,-1
4984,259,0.00,48.00,348.00,960.00,1,1,-1,-1
4988,259,0.00,30.00,360.00,990.00,1,1,-1,-1
5000,259,0.00,66.00,357.00,918.00,1,1,-1,-1
5001,259,0.00,72.00,357.00,906.00,1,1,-1,-1
5002,259,0.00,66.00,360.00,912.00,1,1,-1,-1
5004,259,0.00,72.00,360.00,894.00,1,1,-1,-1
5005,259,0.00,48.00,357.00,942.00,1,1,-1,-1
5006,259,0.00,39.00,360.00,957.00,1,1,-1,-1
5007,259,0.00,45.00,354.00,951.00,1,1,-1,-1
5013,259,0.00,51.00,360.00,909.00,1,1,-1,-1
5014,259,0.00,42.00,357.00,936.00,1,1,-1,-1
5017,259,0.00,150.00,354.00,678.00,1,1,-1,-1
5025,259,0.00,123.00,420.00,927.00,1,1,-1,-1
5028,259,0.00,81.00,384.00,873.00,1,1,-1,-1
5030,259,-0.00,78.00,399.00,891.00,1,1,-1,-1
5036,260,1560.00,561.00,360.00,216.00,1,1,-1,-1
5036,261,1242.00,540.00,363.00,192.00,1,1,-1,-1
5036,262,870.00,441.00,510.00,165.00,1,1,-1,-1
5037,260,1566.00,561.00,354.00,216.00,1,1,-1,-1
5037,261,1245.00,546.00,363.00,186.00,1,1,-1,-1
5037,262,876.00,444.00,501.00,162.00,1,1,-1,-1
5038,260,1566.00,558.00,354.00,219.00,1,1,-1,-1
5038,261,1248.00,543.00,357.00,186.00,1,1,-1,-1
5038,262,879.00,447.00,498.00,162.00,1,1,-1,-1
5038,263,579.00,117.00,453.00,258.00,1,1,-1,-1
5039,260,1569.00,555.00,351.00,225.00,1,1,-1,-1
5039,261,1245.00,543.00,357.00,186.00,1,1,-1,-1
5039,262,885.00,447.00,486.00,159.00,1,1,-1,-1
5039,263,591.00,117.00,423.00,255.00,1,1,-1,-1
5040,260,1578.00,558.00,342.00,225.00,1,1,-1,-1
5040,261,1242.00,543.00,360.00,183.00,1,1,-1,-1
5040,262,888.00,447.00,492.00,162.00,1,1,-1,-1
5041,260,1548.00,564.00,372.00,216.00,1,1,-1,-1
5041,261,1242.00,540.00,360.00,186.00,1,1,-1,-1
5041,262,888.00,450.00,642.00,222.00,1,1,-1,-1
5042,260,1548.00,564.00,372.00,216.00,1,1,-1,-1
5042,261,1242.00,540.00,360.00,186.00,1,1,-1,-1
5042,262,888.00,450.00,630.00,216.00,1,1,-1,-1
5043,260,1557.00,561.00,363.00,219.00,1,1,-1,-1
5043,261,1245.00,543.00,357.00,180.00,1,1,-1,-1
5043,262,900.00,453.00,465.00,153.00,1,1,-1,-1
5044,261,1254.00,555.00,342.00,162.00,1,1,-1,-1
5044,262,918.00,462.00,429.00,153.00,1,1,-1,-1
5045,261,951.00,477.00,645.00,249.00,1,1,-1,-1
5045,262,936.00,456.00,414.00,144.00,1,1,-1,-1
5046,261,885.00,450.00,714.00,294.00,1,1,-1,-1
5046,264,1545.00,552.00,375.00,219.00,1,1,-1,-1
5047,261,867.00,444.00,741.00,300.00,1,1,-1,-1
5047,264,1518.00,534.00,396.00,231.00,1,1,-1,-1
5048,261,870.00,447.00,738.00,297.00,1,1,-1,-1
5048,264,1518.00,528.00,396.00,237.00,1,1,-1,-1
5049,261,870.00,444.00,720.00,300.00,1,1,-1,-1
5049,264,1512.00,528.00,402.00,237.00,1,1,-1,-1
5050,261,870.00,444.00,717.00,303.00,1,1,-1,-1
5050,264,1521.00,537.00,396.00,225.00,1,1,-1,-1
5051,261,873.00,444.00,705.00,300.00,1,1,-1,-1
5051,264,1524.00,528.00,396.00,231.00,1,1,-1,-1
5052,261,873.00,423.00,537.00,273.00,1,1,-1,-1
5052,264,1467.00,534.00,453.00,222.00,1,1,-1,-1
5052,265,1296.00,555.00,315.00,153.00,1,1,-1,-1
5053,261,873.00,432.00,597.00,294.00,1,1,-1,-1
5053,264,1452.00,528.00,468.00,228.00,1,1,-1,-1
5053,265,1299.00,552.00,315.00,156.00,1,1,-1,-1
5054,261,876.00,426.00,609.00,306.00,1,1,-1,-1
5054,264,1461.00,531.00,459.00,225.00,1,1,-1,-1
5054,265,1296.00,552.00,318.00,150.00,1,1,-1,-1
5055,261,870.00,426.00,540.00,291.00,1,1,-1,-1
5055,264,1446.00,519.00,474.00,237.00,1,1,-1,-1
5056,261,879.00,432.00,612.00,297.00,1,1,-1,-1
5057,261,882.00,432.00,579.00,285.00,1,1,-1,-1
5057,266,1290.00,540.00,324.00,189.00,1,1,-1,-1
5058,261,876.00,420.00,519.00,267.00,1,1,-1,-1
5058,266,1284.00,534.00,333.00,198.00,1,1,-1,-1
5059,261,888.00,426.00,693.00,306.00,1,1,-1,-1
5060,261,888.00,426.00,696.00,306.00,1,1,-1,-1
5061,261,891.00,429.00,660.00,255.00,1,1,-1,-1
5061,267,891.00,414.00,480.00,174.00,1,1,-1,-1
5062,267,900.00,420.00,516.00,180.00,1,1,-1,-1
5062,268,1242.00,522.00,366.00,210.00,1,1,-1,-1
5063,267,900.00,414.00,528.00,195.00,1,1,-1,-1
5063,268,1251.00,525.00,357.00,210.00,1,1,-1,-1
5063,269,1512.00,528.00,405.00,219.00,1,1,-1,-1
5064,267,897.00,408.00,651.00,303.00,1,1,-1,-1
5065,267,1221.00,492.00,387.00,225.00,1,1,-1,-1
5065,270,894.00,399.00,567.00,258.00,1,1,-1,-1
5066,267,1206.00,483.00,402.00,234.00,1,1,-1,-1
5066,270,891.00,396.00,600.00,270.00,1,1,-1,-1
5067,270,894.00,417.00,702.00,300.00,1,1,-1,-1
5068,270,897.00,411.00,669.00,288.00,1,1,-1,-1
5069,270,894.00,411.00,672.00,282.00,1,1,-1,-1
5070,270,897.00,414.00,657.00,276.00,1,1,-1,-1
5071,270,900.00,402.00,600.00,246.00,1,1,-1,-1
5072,270,900.00,402.00,600.00,243.00,1,1,-1,-1
5073,270,918.00,405.00,576.00,225.00,1,1,-1,-1
5074,270,924.00,399.00,567.00,234.00,1,1,-1,-1
5075,270,927.00,384.00,705.00,267.00,1,1,-1,-1
5076,270,945.00,390.00,705.00,291.00,1,1,-1,-1
5077,270,954.00,384.00,714.00,291.00,1,1,-1,-1
5078,270,954.00,387.00,714.00,294.00,1,1,-1,-1
5079,270,972.00,408.00,444.00,195.00,1,1,-1,-1
5079,271,987.00,381.00,699.00,321.00,1,1,-1,-1
5080,271,984.00,381.00,708.00,303.00,1,1,-1,-1
5081,271,1008.00,381.00,699.00,303.00,1,1,-1,-1
5082,271,1020.00,393.00,438.00,201.00,1,1,-1,-1
5082,272,1020.00,384.00,708.00,279.00,1,1,-1,-1
5083,272,1032.00,384.00,702.00,288.00,1,1,-1,-1
5084,272,1170.00,384.00,582.00,309.00,1,1,-1,-1
5085,272,1080.00,378.00,660.00,264.00,1,1,-1,-1
5086,272,1182.00,405.00,348.00,156.00,1,1,-1,-1
5086,273,1440.00,519.00,324.00,183.00,1,1,-1,-1
5087,272,1215.00,402.00,336.00,171.00,1,1,-1,-1
5087,273,1443.00,513.00,333.00,186.00,1,1,-1,-1
5088,272,1224.00,402.00,354.00,162.00,1,1,-1,-1
5088,273,1446.00,510.00,342.00,189.00,1,1,-1,-1
5089,272,1218.00,396.00,381.00,168.00,1,1,-1,-1
5089,273,1452.00,510.00,348.00,180.00,1,1,-1,-1
5090,272,1134.00,399.00,468.00,177.00,1,1,-1,-1
5090,273,1470.00,510.00,348.00,177.00,1,1,-1,-1
5091,272,1221.00,408.00,372.00,153.00,1,1,-1,-1
5091,273,1467.00,510.00,345.00,177.00,1,1,-1,-1
5092,272,1242.00,408.00,342.00,147.00,1,1,-1,-1
5092,273,1482.00,516.00,345.00,180.00,1,1,-1,-1
5093,272,1254.00,402.00,324.00,156.00,1,1,-1,-1
5093,273,1485.00,513.00,348.00,180.00,1,1,-1,-1
5094,272,1254.00,396.00,333.00,159.00,1,1,-1,-1
5094,273,1482.00,513.00,360.00,189.00,1,1,-1,-1
5095,272,1158.00,396.00,444.00,162.00,1,1,-1,-1
5095,273,1479.00,510.00,405.00,195.00,1,1,-1,-1
5096,272,1140.00,399.00,465.00,159.00,1,1,-1,-1
5096,273,1482.00,510.00,408.00,192.00,1,1,-1,-1
5097,272,1140.00,399.00,465.00,159.00,1,1,-1,-1
5097,273,1482.00,510.00,402.00,192.00,1,1,-1,-1
5098,272,1140.00,393.00,480.00,168.00,1,1,-1,-1
5098,273,1494.00,513.00,390.00,189.00,1,1,-1,-1
5099,274,846.00,198.00,591.00,414.00,1,1,-1,-1
5100,274,846.00,198.00,591.00,414.00,1,1,-1,-1
5101,274,846.00,201.00,591.00,411.00,1,1,-1,-1
5102,274,846.00,201.00,588.00,408.00,1,1,-1,-1
5103,274,846.00,201.00,588.00,411.00,1,1,-1,-1
5104,274,846.00,204.00,588.00,405.00,1,1,-1,-1
5105,274,846.00,201.00,588.00,408.00,1,1,-1,-1
5106,274,846.00,204.00,588.00,405.00,1,1,-1,-1
5107,274,846.00,204.00,588.00,405.00,1,1,-1,-1
5108,274,846.00,204.00,588.00,405.00,1,1,-1,-1
5109,274,846.00,201.00,588.00,408.00,1,1,-1,-1
5110,274,846.00,204.00,588.00,402.00,1,1,-1,-1
5111,274,846.00,201.00,585.00,408.00,1,1,-1,-1
5112,274,846.00,201.00,585.00,408.00,1,1,-1,-1
5113,274,849.00,204.00,579.00,402.00,1,1,-1,-1
5114,274,846.00,204.00,585.00,402.00,1,1,-1,-1
5115,274,846.00,201.00,585.00,408.00,1,1,-1,-1
5116,274,846.00,201.00,585.00,408.00,1,1,-1,-1
5117,274,846.00,201.00,585.00,408.00,1,1,-1,-1
5118,274,846.00,201.00,582.00,408.00,1,1,-1,-1
5119,274,846.00,201.00,585.00,408.00,1,1,-1,-1
5120,274,846.00,204.00,585.00,405.00,1,1,-1,-1
5121,274,846.00,204.00,585.00,405.00,1,1,-1,-1
5122,274,846.00,204.00,585.00,402.00,1,1,-1,-1
5123,274,846.00,204.00,585.00,405.00,1,1,-1,-1
5124,274,846.00,204.00,585.00,405.00,1,1,-1,-1
5125,274,846.00,204.00,588.00,405.00,1,1,-1,-1
5126,274,846.00,204.00,585.00,405.00,1,1,-1,-1
5127,274,846.00,204.00,585.00,405.00,1,1,-1,-1
5128,274,846.00,204.00,582.00,402.00,1,1,-1,-1
5129,274,846.00,204.00,582.00,402.00,1,1,-1,-1
5130,274,846.00,204.00,582.00,402.00,1,1,-1,-1
5131,274,846.00,204.00,582.00,402.00,1,1,-1,-1
5132,274,846.00,204.00,582.00,402.00,1,1,-1,-1
5133,274,843.00,204.00,582.00,402.00,1,1,-1,-1
5134,274,846.00,204.00,582.00,402.00,1,1,-1,-1
5135,274,846.00,204.00,576.00,402.00,1,1,-1,-1
5136,274,846.00,204.00,579.00,402.00,1,1,-1,-1
5137,274,843.00,207.00,585.00,399.00,1,1,-1,-1
5138,274,843.00,210.00,585.00,396.00,1,1,-1,-1
5139,274,846.00,207.00,582.00,399.00,1,1,-1,-1
5140,274,846.00,207.00,582.00,399.00,1,1,-1,-1
5141,274,849.00,210.00,579.00,396.00,1,1,-1,-1
5142,274,849.00,210.00,579.00,396.00,1,1,-1,-1
5143,274,849.00,207.00,576.00,393.00,1,1,-1,-1
5144,274,846.00,210.00,588.00,390.00,1,1,-1,-1
5145,274,846.00,219.00,582.00,381.00,1,1,-1,-1
5146,274,846.00,219.00,570.00,381.00,1,1,-1,-1
5147,274,846.00,216.00,570.00,387.00,1,1,-1,-1
5148,274,846.00,216.00,570.00,387.00,1,1,-1,-1
5149,274,849.00,216.00,567.00,387.00,1,1,-1,-1
5150,274,849.00,216.00,573.00,387.00,1,1,-1,-1
5151,274,849.00,213.00,573.00,390.00,1,1,-1,-1
5152,274,849.00,213.00,573.00,387.00,1,1,-1,-1
5153,274,846.00,216.00,576.00,384.00,1,1,-1,-1
5154,274,846.00,216.00,576.00,384.00,1,1,-1,-1
5155,274,846.00,219.00,570.00,381.00,1,1,-1,-1
5156,274,846.00,213.00,576.00,387.00,1,1,-1,-1
5157,274,846.00,210.00,573.00,390.00,1,1,-1,-1
5158,274,846.00,210.00,564.00,390.00,1,1,-1,-1
5159,274,849.00,210.00,561.00,390.00,1,1,-1,-1
5160,274,849.00,210.00,561.00,390.00,1,1,-1,-1
5161,274,849.00,207.00,561.00,393.00,1,1,-1,-1
5162,274,849.00,207.00,558.00,393.00,1,1,-1,-1
5163,274,849.00,207.00,561.00,393.00,1,1,-1,-1
5164,274,846.00,207.00,564.00,393.00,1,1,-1,-1
5165,274,849.00,207.00,558.00,390.00,1,1,-1,-1
5166,274,849.00,210.00,558.00,387.00,1,1,-1,-1
5167,274,849.00,207.00,555.00,393.00,1,1,-1,-1
5168,274,849.00,207.00,555.00,390.00,1,1,-1,-1
5169,274,849.00,207.00,555.00,390.00,1,1,-1,-1
5170,274,849.00,207.00,555.00,390.00,1,1,-1,-1
5171,274,849.00,207.00,555.00,390.00,1,1,-1,-1
5235,275,0.00,492.00,516.00,207.00,1,1,-1,-1
5236,275,0.00,495.00,516.00,201.00,1,1,-1,-1
5237,275,0.00,492.00,516.00,204.00,1,1,-1,-1
5238,275,0.00,492.00,516.00,201.00,1,1,-1,-1
5239,275,0.00,492.00,513.00,201.00,1,1,-1,-1
5240,275,-0.00,492.00,510.00,201.00,1,1,-1,-1
5246,276,6.00,144.00,1284.00,696.00,1,1,-1,-1
5247,276,6.00,144.00,1290.00,696.00,1,1,-1,-1
5248,276,12.00,153.00,1278.00,681.00,1,1,-1,-1
5249,276,12.00,144.00,1296.00,690.00,1,1,-1,-1
5250,276,9.00,141.00,1299.00,699.00,1,1,-1,-1
5251,276,0.00,111.00,1872.00,726.00,1,1,-1,-1
5252,276,9.00,138.00,1389.00,705.00,1,1,-1,-1
5253,276,12.00,135.00,1395.00,708.00,1,1,-1,-1
5254,276,12.00,141.00,1398.00,705.00,1,1,-1,-1
5255,276,18.00,141.00,1383.00,708.00,1,1,-1,-1
5256,276,0.00,141.00,1386.00,705.00,1,1,-1,-1
5257,276,0.00,141.00,1416.00,708.00,1,1,-1,-1
5258,276,12.00,144.00,1416.00,702.00,1,1,-1,-1
5259,276,0.00,144.00,1461.00,702.00,1,1,-1,-1
5260,276,12.00,153.00,1425.00,693.00,1,1,-1,-1
5261,276,12.00,150.00,1422.00,696.00,1,1,-1,-1
5262,276,3.00,144.00,1437.00,699.00,1,1,-1,-1
5263,276,9.00,153.00,1443.00,693.00,1,1,-1,-1
5264,276,9.00,150.00,1431.00,693.00,1,1,-1,-1
5265,276,15.00,147.00,1440.00,696.00,1,1,-1,-1
5266,276,24.00,153.00,1434.00,687.00,1,1,-1,-1
5267,276,15.00,150.00,1449.00,690.00,1,1,-1,-1
5268,276,12.00,147.00,1452.00,693.00,1,1,-1,-1
5268,277,1776.00,465.00,144.00,231.00,1,1,-1,-1
5269,276,18.00,147.00,1455.00,693.00,1,1,-1,-1
5269,277,1746.00,474.00,174.00,219.00,1,1,-1,-1
5270,276,15.00,144.00,1479.00,696.00,1,1,-1,-1
5270,277,1722.00,477.00,198.00,213.00,1,1,-1,-1
5271,276,9.00,138.00,1488.00,699.00,1,1,-1,-1
5271,277,1686.00,441.00,234.00,246.00,1,1,-1,-1
5272,276,9.00,141.00,1497.00,696.00,1,1,-1,-1
5273,276,6.00,141.00,1506.00,696.00,1,1,-1,-1
5274,276,0.00,144.00,1506.00,693.00,1,1,-1,-1
5275,276,3.00,144.00,1494.00,696.00,1,1,-1,-1
5276,276,0.00,141.00,1512.00,699.00,1,1,-1,-1
5277,276,0.00,147.00,1524.00,690.00,1,1,-1,-1
5278,276,-0.00,150.00,1518.00,690.00,1,1,-1,-1
5279,276,-0.00,156.00,1518.00,678.00,1,1,-1,-1
5280,276,12.00,159.00,1554.00,678.00,1,1,-1,-1
5281,276,6.00,156.00,1590.00,681.00,1,1,-1,-1
5282,276,21.00,150.00,1563.00,690.00,1,1,-1,-1
5283,276,60.00,138.00,1848.00,702.00,1,1,-1,-1
5284,276,21.00,138.00,1899.00,708.00,1,1,-1,-1
5285,276,12.00,135.00,1908.00,708.00,1,1,-1,-1
5286,276,21.00,138.00,1899.00,708.00,1,1,-1,-1
5287,276,24.00,147.00,1896.00,699.00,1,1,-1,-1
5288,276,6.00,147.00,1914.00,699.00,1,1,-1,-1
5289,276,0.00,156.00,1779.00,690.00,1,1,-1,-1
5290,276,15.00,147.00,1653.00,693.00,1,1,-1,-1
5291,276,12.00,144.00,1641.00,699.00,1,1,-1,-1
5292,276,18.00,153.00,1632.00,690.00,1,1,-1,-1
5293,276,21.00,153.00,1899.00,702.00,1,1,-1,-1
5294,276,18.00,150.00,1902.00,708.00,1,1,-1,-1
5295,276,30.00,156.00,1890.00,702.00,1,1,-1,-1
5296,276,30.00,147.00,1614.00,705.00,1,1,-1,-1
5297,276,27.00,150.00,1620.00,702.00,1,1,-1,-1
5298,276,27.00,147.00,1629.00,708.00,1,1,-1,-1
5299,276,24.00,156.00,1629.00,699.00,1,1,-1,-1
5300,276,30.00,171.00,1581.00,687.00,1,1,-1,-1
5301,276,30.00,174.00,1575.00,687.00,1,1,-1,-1
5302,276,33.00,174.00,1599.00,687.00,1,1,-1,-1
5303,276,36.00,165.00,1602.00,696.00,1,1,-1,-1
5304,276,21.00,150.00,1632.00,711.00,1,1,-1,-1
5305,276,48.00,174.00,1707.00,690.00,1,1,-1,-1
5306,276,48.00,174.00,1719.00,690.00,1,1,-1,-1
5307,276,42.00,165.00,1719.00,699.00,1,1,-1,-1
5308,276,42.00,165.00,1722.00,699.00,1,1,-1,-1
5309,276,42.00,177.00,1716.00,687.00,1,1,-1,-1
5310,276,12.00,171.00,1776.00,693.00,1,1,-1,-1
5311,276,12.00,168.00,1770.00,696.00,1,1,-1,-1
5312,276,6.00,159.00,1770.00,705.00,1,1,-1,-1
5313,276,27.00,165.00,1734.00,705.00,1,1,-1,-1
5314,276,30.00,168.00,1746.00,699.00,1,1,-1,-1
5315,276,36.00,162.00,1755.00,705.00,1,1,-1,-1
5316,276,114.00,156.00,1722.00,717.00,1,1,-1,-1
5317,276,108.00,168.00,1728.00,708.00,1,1,-1,-1
5318,276,114.00,159.00,1737.00,717.00,1,1,-1,-1
5319,276,114.00,147.00,1740.00,729.00,1,1,-1,-1
5320,276,114.00,147.00,1731.00,729.00,1,1,-1,-1
5321,276,117.00,153.00,1743.00,723.00,1,1,-1,-1
5322,276,114.00,156.00,1764.00,726.00,1,1,-1,-1
5323,276,114.00,159.00,1797.00,723.00,1,1,-1,-1
5324,276,105.00,159.00,1800.00,717.00,1,1,-1,-1
5325,276,114.00,174.00,1800.00,705.00,1,1,-1,-1
5326,276,120.00,177.00,1791.00,705.00,1,1,-1,-1
5327,276,141.00,216.00,1779.00,681.00,1,1,-1,-1
5328,276,108.00,174.00,1812.00,714.00,1,1,-1,-1
5329,276,213.00,222.00,1707.00,666.00,1,1,-1,-1
5330,276,135.00,177.00,1785.00,690.00,1,1,-1,-1
5331,276,219.00,186.00,1701.00,702.00,1,1,-1,-1
5332,276,237.00,192.00,1683.00,684.00,1,1,-1,-1
5333,276,231.00,174.00,1689.00,714.00,1,1,-1,-1
5334,276,237.00,171.00,1683.00,723.00,1,1,-1,-1
5335,276,228.00,165.00,1692.00,735.00,1,1,-1,-1
5336,276,243.00,165.00,1677.00,741.00,1,1,-1,-1
5337,276,246.00,168.00,1674.00,735.00,1,1,-1,-1
5338,276,240.00,162.00,1680.00,747.00,1,1,-1,-1
5339,276,222.00,201.00,1698.00,699.00,1,1,-1,-1
5340,276,225.00,162.00,1695.00,735.00,1,1,-1,-1
5341,276,222.00,213.00,1698.00,699.00,1,1,-1,-1
5342,276,237.00,222.00,1683.00,687.00,1,1,-1,-1
5343,276,240.00,219.00,1680.00,696.00,1,1,-1,-1
5344,276,228.00,243.00,1692.00,675.00,1,1,-1,-1
5344,278,204.00,381.00,612.00,306.00,1,1,-1,-1
5345,276,246.00,243.00,1674.00,666.00,1,1,-1,-1
5345,278,198.00,369.00,639.00,324.00,1,1,-1,-1
5346,276,252.00,252.00,1668.00,654.00,1,1,-1,-1
5346,278,195.00,393.00,612.00,294.00,1,1,-1,-1
5347,276,270.00,240.00,1650.00,672.00,1,1,-1,-1
5347,278,189.00,387.00,612.00,303.00,1,1,-1,-1
5348,276,111.00,240.00,1809.00,669.00,1,1,-1,-1
5348,278,180.00,378.00,630.00,315.00,1,1,-1,-1
5349,276,117.00,246.00,1803.00,660.00,1,1,-1,-1
5349,278,177.00,381.00,561.00,312.00,1,1,-1,-1
5350,276,123.00,234.00,1797.00,681.00,1,1,-1,-1
5350,278,168.00,384.00,576.00,303.00,1,1,-1,-1
5351,276,462.00,210.00,1449.00,708.00,1,1,-1,-1
5351,278,150.00,381.00,630.00,306.00,1,1,-1,-1
5352,276,102.00,216.00,1818.00,702.00,1,1,-1,-1
5352,278,141.00,378.00,621.00,306.00,1,1,-1,-1
5353,276,117.00,237.00,1803.00,678.00,1,1,-1,-1
5353,278,132.00,378.00,636.00,309.00,1,1,-1,-1
5354,278,126.00,375.00,654.00,306.00,1,1,-1,-1
5355,278,123.00,372.00,657.00,312.00,1,1,-1,-1
5355,279,459.00,180.00,1461.00,747.00,1,1,-1,-1
5356,278,114.00,378.00,672.00,306.00,1,1,-1,-1
5357,278,111.00,378.00,687.00,306.00,1,1,-1,-1
5358,278,108.00,372.00,681.00,315.00,1,1,-1,-1
5358,280,657.00,207.00,1257.00,723.00,1,1,-1,-1
5359,278,102.00,372.00,684.00,315.00,1,1,-1,-1
5359,280,684.00,195.00,1230.00,741.00,1,1,-1,-1
5360,278,96.00,381.00,705.00,303.00,1,1,-1,-1
5360,280,849.00,219.00,1056.00,732.00,1,1,-1,-1
5361,278,90.00,384.00,729.00,300.00,1,1,-1,-1
5361,280,864.00,240.00,1056.00,714.00,1,1,-1,-1
5362,278,93.00,357.00,744.00,330.00,1,1,-1,-1
5362,280,888.00,195.00,1032.00,759.00,1,1,-1,-1
5363,278,75.00,366.00,792.00,321.00,1,1,-1,-1
5363,280,906.00,201.00,1014.00,756.00,1,1,-1,-1
5364,278,75.00,360.00,921.00,333.00,1,1,-1,-1
5364,280,930.00,204.00,990.00,750.00,1,1,-1,-1
5365,278,69.00,360.00,807.00,330.00,1,1,-1,-1
5365,280,948.00,222.00,972.00,729.00,1,1,-1,-1
5366,278,63.00,354.00,954.00,342.00,1,1,-1,-1
5366,280,972.00,234.00,936.00,723.00,1,1,-1,-1
5367,278,69.00,351.00,963.00,345.00,1,1,-1,-1
5367,280,996.00,216.00,912.00,738.00,1,1,-1,-1
5368,278,60.00,351.00,828.00,345.00,1,1,-1,-1
5368,280,999.00,234.00,909.00,714.00,1,1,-1,-1
5369,278,54.00,348.00,843.00,348.00,1,1,-1,-1
5369,280,1035.00,225.00,879.00,735.00,1,1,-1,-1
5370,278,45.00,351.00,843.00,345.00,1,1,-1,-1
5370,280,1068.00,219.00,852.00,738.00,1,1,-1,-1
5370,281,1503.00,210.00,417.00,318.00,1,1,-1,-1
5371,278,72.00,348.00,1044.00,348.00,1,1,-1,-1
5371,280,1086.00,213.00,834.00,744.00,1,1,-1,-1
5371,281,1521.00,231.00,396.00,300.00,1,1,-1,-1
5372,278,33.00,342.00,1059.00,360.00,1,1,-1,-1
5372,280,1104.00,198.00,816.00,756.00,1,1,-1,-1
5373,278,27.00,339.00,1071.00,360.00,1,1,-1,-1
5373,280,1116.00,207.00,804.00,756.00,1,1,-1,-1
5373,282,1584.00,255.00,336.00,285.00,1,1,-1,-1
5374,278,24.00,342.00,1074.00,360.00,1,1,-1,-1
5374,280,1140.00,174.00,780.00,792.00,1,1,-1,-1
5375,278,48.00,345.00,1080.00,354.00,1,1,-1,-1
5375,280,1164.00,168.00,756.00,798.00,1,1,-1,-1
5376,278,21.00,336.00,1083.00,366.00,1,1,-1,-1
5376,280,1194.00,174.00,726.00,789.00,1,1,-1,-1
5377,278,36.00,342.00,1101.00,354.00,1,1,-1,-1
5377,280,1215.00,171.00,705.00,792.00,1,1,-1,-1
5378,278,9.00,342.00,1086.00,360.00,1,1,-1,-1
5378,280,1239.00,195.00,678.00,759.00,1,1,-1,-1
5379,278,9.00,339.00,1062.00,366.00,1,1,-1,-1
5379,280,1257.00,228.00,657.00,741.00,1,1,-1,-1
5380,278,12.00,336.00,1065.00,366.00,1,1,-1,-1
5380,280,1299.00,207.00,615.00,771.00,1,1,-1,-1
5381,278,12.00,336.00,1065.00,372.00,1,1,-1,-1
5381,280,1317.00,192.00,597.00,798.00,1,1,-1,-1
5382,278,6.00,333.00,1062.00,375.00,1,1,-1,-1
5382,280,1323.00,231.00,591.00,750.00,1,1,-1,-1
5383,278,6.00,333.00,1062.00,375.00,1,1,-1,-1
5383,280,1359.00,381.00,558.00,582.00,1,1,-1,-1
5384,278,3.00,333.00,1053.00,372.00,1,1,-1,-1
5385,278,9.00,330.00,1044.00,378.00,1,1,-1,-1
5386,278,9.00,330.00,1041.00,375.00,1,1,-1,-1
5386,283,1446.00,396.00,474.00,588.00,1,1,-1,-1
5387,278,9.00,330.00,1035.00,375.00,1,1,-1,-1
5388,278,3.00,330.00,1035.00,378.00,1,1,-1,-1
5388,284,1512.00,390.00,405.00,585.00,1,1,-1,-1
5389,278,6.00,330.00,1032.00,378.00,1,1,-1,-1
5389,284,1539.00,405.00,378.00,546.00,1,1,-1,-1
5390,278,3.00,324.00,1032.00,384.00,1,1,-1,-1
5390,284,1563.00,393.00,354.00,555.00,1,1,-1,-1
5391,278,3.00,324.00,1029.00,387.00,1,1,-1,-1
5391,284,1590.00,285.00,330.00,666.00,1,1,-1,-1
5392,278,6.00,324.00,1014.00,387.00,1,1,-1,-1
5393,278,6.00,321.00,1014.00,387.00,1,1,-1,-1
5393,285,1581.00,411.00,339.00,540.00,1,1,-1,-1
5394,278,9.00,318.00,1005.00,396.00,1,1,-1,-1
5395,278,6.00,315.00,1002.00,399.00,1,1,-1,-1
5396,278,9.00,309.00,981.00,402.00,1,1,-1,-1
5396,286,1746.00,474.00,174.00,402.00,1,1,-1,-1
5397,278,6.00,303.00,978.00,405.00,1,1,-1,-1
5397,287,1827.00,522.00,93.00,90.00,1,1,-1,-1
5398,278,0.00,297.00,972.00,417.00,1,1,-1,-1
5398,287,1854.00,504.00,66.00,159.00,1,1,-1,-1
5398,288,1506.00,522.00,264.00,120.00,1,1,-1,-1
5399,278,0.00,297.00,972.00,417.00,1,1,-1,-1
5399,288,1500.00,498.00,372.00,165.00,1,1,-1,-1
5400,278,0.00,297.00,966.00,414.00,1,1,-1,-1
5400,288,1485.00,438.00,429.00,246.00,1,1,-1,-1
5401,278,0.00,294.00,963.00,420.00,1,1,-1,-1
5401,288,1470.00,501.00,411.00,183.00,1,1,-1,-1
5402,278,9.00,288.00,951.00,423.00,1,1,-1,-1
5402,288,1470.00,519.00,342.00,159.00,1,1,-1,-1
5402,289,1674.00,432.00,246.00,129.00,1,1,-1,-1
5403,278,-0.00,288.00,954.00,420.00,1,1,-1,-1
5403,288,1464.00,519.00,342.00,156.00,1,1,-1,-1
5403,289,1668.00,426.00,252.00,144.00,1,1,-1,-1
5404,278,-0.00,285.00,954.00,426.00,1,1,-1,-1
5404,288,1458.00,525.00,330.00,153.00,1,1,-1,-1
5404,289,1662.00,432.00,258.00,132.00,1,1,-1,-1
5405,278,-0.00,285.00,951.00,429.00,1,1,-1,-1
5405,288,1455.00,516.00,357.00,165.00,1,1,-1,-1
5405,289,1626.00,435.00,291.00,150.00,1,1,-1,-1
5406,278,0.00,282.00,948.00,432.00,1,1,-1,-1
5406,288,1452.00,522.00,342.00,165.00,1,1,-1,-1
5406,289,1611.00,432.00,309.00,186.00,1,1,-1,-1
5407,278,3.00,294.00,948.00,423.00,1,1,-1,-1
5407,289,1590.00,432.00,330.00,222.00,1,1,-1,-1
5408,278,3.00,294.00,948.00,423.00,1,1,-1,-1
5408,289,1566.00,441.00,354.00,228.00,1,1,-1,-1
5409,278,0.00,294.00,948.00,423.00,1,1,-1,-1
5409,289,1581.00,444.00,339.00,237.00,1,1,-1,-1
5410,278,-0.00,294.00,942.00,420.00,1,1,-1,-1
5410,289,1578.00,438.00,342.00,249.00,1,1,-1,-1
5411,278,0.00,297.00,936.00,420.00,1,1,-1,-1
5411,289,1572.00,441.00,348.00,243.00,1,1,-1,-1
5412,278,0.00,294.00,933.00,426.00,1,1,-1,-1
5412,289,1560.00,444.00,360.00,237.00,1,1,-1,-1
5413,278,0.00,297.00,933.00,420.00,1,1,-1,-1
5413,289,1557.00,444.00,360.00,240.00,1,1,-1,-1
5413,290,1281.00,741.00,276.00,114.00,1,1,-1,-1
5413,291,1383.00,534.00,333.00,156.00,1,1,-1,-1
5414,278,0.00,294.00,924.00,420.00,1,1,-1,-1
5414,289,1566.00,453.00,348.00,228.00,1,1,-1,-1
5414,290,1281.00,738.00,279.00,120.00,1,1,-1,-1
5414,291,1371.00,534.00,339.00,156.00,1,1,-1,-1
5415,278,0.00,294.00,921.00,417.00,1,1,-1,-1
5415,290,1275.00,744.00,285.00,105.00,1,1,-1,-1
5415,291,1371.00,546.00,321.00,144.00,1,1,-1,-1
5416,278,0.00,288.00,915.00,426.00,1,1,-1,-1
5416,290,1275.00,747.00,279.00,102.00,1,1,-1,-1
5416,291,1362.00,552.00,306.00,135.00,1,1,-1,-1
5417,278,0.00,285.00,915.00,432.00,1,1,-1,-1
5417,290,1290.00,741.00,264.00,114.00,1,1,-1,-1
5418,278,0.00,279.00,912.00,438.00,1,1,-1,-1
5418,290,1287.00,741.00,270.00,114.00,1,1,-1,-1
5418,292,1542.00,462.00,318.00,114.00,1,1,-1,-1
5419,278,0.00,270.00,906.00,450.00,1,1,-1,-1
5419,290,1293.00,744.00,261.00,114.00,1,1,-1,-1
5419,292,1533.00,459.00,321.00,117.00,1,1,-1,-1
5420,278,-0.00,270.00,903.00,450.00,1,1,-1,-1
5420,290,1284.00,747.00,273.00,102.00,1,1,-1,-1
5420,292,1530.00,456.00,348.00,120.00,1,1,-1,-1
5420,293,1302.00,558.00,306.00,138.00,1,1,-1,-1
5421,278,0.00,276.00,900.00,444.00,1,1,-1,-1
5421,290,1287.00,747.00,270.00,105.00,1,1,-1,-1
5421,292,1518.00,459.00,300.00,117.00,1,1,-1,-1
5422,278,-0.00,279.00,894.00,441.00,1,1,-1,-1
5422,290,1299.00,744.00,249.00,114.00,1,1,-1,-1
5422,292,1500.00,459.00,258.00,117.00,1,1,-1,-1
5423,278,-0.00,276.00,891.00,444.00,1,1,-1,-1
5423,292,1488.00,456.00,306.00,120.00,1,1,-1,-1
5424,278,0.00,276.00,888.00,441.00,1,1,-1,-1
5424,292,1470.00,453.00,312.00,123.00,1,1,-1,-1
5425,278,0.00,282.00,888.00,435.00,1,1,-1,-1
5425,292,1464.00,459.00,294.00,117.00,1,1,-1,-1
5426,278,-0.00,282.00,882.00,438.00,1,1,-1,-1
5426,292,1449.00,441.00,471.00,192.00,1,1,-1,-1
5427,278,0.00,282.00,888.00,441.00,1,1,-1,-1
5427,292,1458.00,459.00,324.00,123.00,1,1,-1,-1
5427,294,1302.00,747.00,261.00,102.00,1,1,-1,-1
5428,278,-0.00,279.00,894.00,444.00,1,1,-1,-1
5428,292,1449.00,459.00,282.00,120.00,1,1,-1,-1
5428,294,1287.00,747.00,279.00,102.00,1,1,-1,-1
5429,278,-0.00,282.00,894.00,441.00,1,1,-1,-1
5429,292,1440.00,456.00,264.00,126.00,1,1,-1,-1
5429,294,1296.00,744.00,270.00,102.00,1,1,-1,-1
5429,295,1434.00,447.00,486.00,177.00,1,1,-1,-1
5430,278,-0.00,276.00,894.00,450.00,1,1,-1,-1
5430,292,1428.00,450.00,360.00,135.00,1,1,-1,-1
5430,294,1293.00,744.00,267.00,105.00,1,1,-1,-1
5431,278,-0.00,279.00,894.00,447.00,1,1,-1,-1
5431,292,1422.00,456.00,264.00,123.00,1,1,-1,-1
5432,278,-0.00,276.00,891.00,450.00,1,1,-1,-1
5432,292,1404.00,441.00,516.00,192.00,1,1,-1,-1
5433,278,-0.00,273.00,894.00,453.00,1,1,-1,-1
5433,296,1416.00,462.00,246.00,114.00,1,1,-1,-1
5434,278,-0.00,273.00,894.00,453.00,1,1,-1,-1
5434,296,1398.00,462.00,258.00,117.00,1,1,-1,-1
5435,278,-0.00,270.00,894.00,459.00,1,1,-1,-1
5435,296,1386.00,456.00,279.00,123.00,1,1,-1,-1
5436,278,0.00,270.00,897.00,456.00,1,1,-1,-1
5436,296,1374.00,456.00,282.00,126.00,1,1,-1,-1
5436,297,1146.00,555.00,348.00,129.00,1,1,-1,-1
5437,278,0.00,285.00,429.00,429.00,1,1,-1,-1
5437,297,1143.00,552.00,345.00,132.00,1,1,-1,-1
5437,298,1341.00,441.00,579.00,216.00,1,1,-1,-1
5437,299,0.00,267.00,897.00,459.00,1,1,-1,-1
5438,298,1314.00,444.00,606.00,219.00,1,1,-1,-1
5438,299,0.00,270.00,900.00,456.00,1,1,-1,-1
5439,298,1254.00,438.00,666.00,252.00,1,1,-1,-1
5439,299,0.00,264.00,900.00,462.00,1,1,-1,-1
5440,298,1254.00,438.00,666.00,249.00,1,1,-1,-1
5440,299,0.00,285.00,429.00,429.00,1,1,-1,-1
5440,300,0.00,264.00,900.00,462.00,1,1,-1,-1
5441,298,1308.00,441.00,609.00,243.00,1,1,-1,-1
5441,300,-0.00,261.00,903.00,468.00,1,1,-1,-1
5441,301,1119.00,546.00,333.00,138.00,1,1,-1,-1
5442,298,1296.00,438.00,618.00,246.00,1,1,-1,-1
5442,300,0.00,255.00,900.00,471.00,1,1,-1,-1
5443,298,1290.00,435.00,627.00,249.00,1,1,-1,-1
5443,300,-0.00,279.00,423.00,426.00,1,1,-1,-1
5443,302,0.00,249.00,897.00,474.00,1,1,-1,-1
5444,298,1284.00,429.00,624.00,255.00,1,1,-1,-1
5444,300,0.00,285.00,444.00,432.00,1,1,-1,-1
5444,302,-0.00,246.00,903.00,477.00,1,1,-1,-1
5445,298,1269.00,432.00,639.00,258.00,1,1,-1,-1
5445,300,0.00,288.00,453.00,429.00,1,1,-1,-1
5445,302,0.00,246.00,909.00,477.00,1,1,-1,-1
5446,298,1272.00,429.00,639.00,261.00,1,1,-1,-1
5446,300,0.00,288.00,438.00,432.00,1,1,-1,-1
5446,302,0.00,240.00,909.00,486.00,1,1,-1,-1
5447,298,1131.00,429.00,789.00,255.00,1,1,-1,-1
5447,300,0.00,285.00,444.00,435.00,1,1,-1,-1
5447,302,0.00,243.00,912.00,483.00,1,1,-1,-1
5448,298,1083.00,414.00,834.00,270.00,1,1,-1,-1
5448,300,-0.00,282.00,426.00,438.00,1,1,-1,-1
5448,302,0.00,237.00,918.00,489.00,1,1,-1,-1
5449,298,1080.00,402.00,804.00,282.00,1,1,-1,-1
5449,300,0.00,282.00,435.00,441.00,1,1,-1,-1
5449,302,0.00,237.00,921.00,492.00,1,1,-1,-1
5450,298,1128.00,420.00,780.00,258.00,1,1,-1,-1
5450,300,0.00,285.00,438.00,441.00,1,1,-1,-1
5450,302,0.00,240.00,924.00,489.00,1,1,-1,-1
5451,298,1068.00,417.00,828.00,264.00,1,1,-1,-1
5451,300,-0.00,288.00,426.00,438.00,1,1,-1,-1
5451,302,0.00,240.00,921.00,492.00,1,1,-1,-1
5452,298,1026.00,420.00,828.00,252.00,1,1,-1,-1
5452,300,0.00,288.00,435.00,438.00,1,1,-1,-1
5452,302,0.00,240.00,921.00,489.00,1,1,-1,-1
5453,298,1050.00,420.00,837.00,252.00,1,1,-1,-1
5453,300,0.00,285.00,435.00,441.00,1,1,-1,-1
5453,302,0.00,240.00,930.00,495.00,1,1,-1,-1
5454,298,1056.00,417.00,834.00,258.00,1,1,-1,-1
5454,300,-0.00,279.00,423.00,447.00,1,1,-1,-1
5454,302,27.00,240.00,915.00,477.00,1,1,-1,-1
5455,298,1038.00,414.00,792.00,264.00,1,1,-1,-1
5455,300,0.00,279.00,429.00,447.00,1,1,-1,-1
5455,302,18.00,237.00,933.00,480.00,1,1,-1,-1
5456,298,1098.00,402.00,768.00,276.00,1,1,-1,-1
5456,300,0.00,279.00,456.00,453.00,1,1,-1,-1
5456,302,0.00,237.00,960.00,489.00,1,1,-1,-1
5457,298,1050.00,411.00,744.00,267.00,1,1,-1,-1
5457,300,0.00,282.00,456.00,450.00,1,1,-1,-1
5457,302,-0.00,237.00,978.00,489.00,1,1,-1,-1
5458,298,1053.00,408.00,723.00,267.00,1,1,-1,-1
5458,300,0.00,285.00,465.00,447.00,1,1,-1,-1
5458,302,3.00,240.00,963.00,486.00,1,1,-1,-1
5459,298,1044.00,405.00,735.00,267.00,1,1,-1,-1
5459,300,0.00,279.00,480.00,453.00,1,1,-1,-1
5459,302,-0.00,237.00,978.00,489.00,1,1,-1,-1
5460,298,1053.00,408.00,720.00,264.00,1,1,-1,-1
5460,300,0.00,285.00,474.00,447.00,1,1,-1,-1
5460,302,3.00,240.00,969.00,483.00,1,1,-1,-1
5460,303,1404.00,750.00,207.00,90.00,1,1,-1,-1
5461,298,1059.00,405.00,717.00,267.00,1,1,-1,-1
5461,300,-0.00,285.00,483.00,447.00,1,1,-1,-1
5461,302,-0.00,240.00,978.00,486.00,1,1,-1,-1
5461,303,1413.00,750.00,225.00,90.00,1,1,-1,-1
5462,298,1038.00,399.00,729.00,276.00,1,1,-1,-1
5462,300,0.00,288.00,486.00,444.00,1,1,-1,-1
5462,302,-0.00,237.00,987.00,489.00,1,1,-1,-1
5463,298,1038.00,399.00,732.00,276.00,1,1,-1,-1
5463,300,-0.00,285.00,483.00,447.00,1,1,-1,-1
5463,302,3.00,237.00,993.00,495.00,1,1,-1,-1
5464,298,1044.00,399.00,711.00,276.00,1,1,-1,-1
5464,300,0.00,288.00,489.00,441.00,1,1,-1,-1
5464,302,15.00,237.00,996.00,495.00,1,1,-1,-1
5465,298,1035.00,396.00,723.00,282.00,1,1,-1,-1
5465,300,0.00,273.00,486.00,459.00,1,1,-1,-1
5465,302,24.00,231.00,1008.00,507.00,1,1,-1,-1
5466,298,1104.00,396.00,582.00,246.00,1,1,-1,-1
5466,300,0.00,285.00,492.00,447.00,1,1,-1,-1
5466,302,9.00,231.00,1014.00,507.00,1,1,-1,-1
5467,298,1023.00,393.00,753.00,279.00,1,1,-1,-1
5467,300,0.00,276.00,495.00,459.00,1,1,-1,-1
5467,302,9.00,225.00,1032.00,519.00,1,1,-1,-1
5468,298,1029.00,393.00,780.00,282.00,1,1,-1,-1
5468,300,0.00,273.00,507.00,465.00,1,1,-1,-1
5468,302,9.00,222.00,1029.00,522.00,1,1,-1,-1
5469,298,1032.00,387.00,876.00,288.00,1,1,-1,-1
5469,300,-0.00,264.00,522.00,474.00,1,1,-1,-1
5469,302,9.00,219.00,1032.00,525.00,1,1,-1,-1
5470,298,1038.00,387.00,867.00,288.00,1,1,-1,-1
5470,300,-0.00,273.00,510.00,465.00,1,1,-1,-1
5470,302,18.00,225.00,1032.00,516.00,1,1,-1,-1
5471,298,1038.00,387.00,870.00,285.00,1,1,-1,-1
5471,300,0.00,270.00,525.00,468.00,1,1,-1,-1
5471,302,18.00,222.00,1038.00,513.00,1,1,-1,-1
5472,298,1026.00,390.00,876.00,282.00,1,1,-1,-1
5472,300,0.00,276.00,540.00,456.00,1,1,-1,-1
5472,302,9.00,225.00,1056.00,510.00,1,1,-1,-1
5473,298,1014.00,384.00,891.00,285.00,1,1,-1,-1
5473,300,0.00,273.00,549.00,462.00,1,1,-1,-1
5473,302,15.00,225.00,1053.00,516.00,1,1,-1,-1
5474,298,1008.00,390.00,900.00,279.00,1,1,-1,-1
5474,302,12.00,225.00,1056.00,519.00,1,1,-1,-1
5475,298,1005.00,390.00,813.00,276.00,1,1,-1,-1
5475,302,15.00,228.00,1053.00,516.00,1,1,-1,-1
5476,298,1020.00,384.00,876.00,288.00,1,1,-1,-1
5476,302,18.00,228.00,1050.00,513.00,1,1,-1,-1
5477,298,972.00,381.00,888.00,291.00,1,1,-1,-1
5477,302,21.00,228.00,1044.00,516.00,1,1,-1,-1
5478,298,984.00,381.00,831.00,288.00,1,1,-1,-1
5478,302,18.00,225.00,1050.00,522.00,1,1,-1,-1
5479,298,990.00,381.00,876.00,288.00,1,1,-1,-1
5479,302,15.00,225.00,1056.00,525.00,1,1,-1,-1
5480,298,984.00,381.00,888.00,294.00,1,1,-1,-1
5480,302,12.00,222.00,1062.00,528.00,1,1,-1,-1
5481,298,993.00,378.00,885.00,285.00,1,1,-1,-1
5481,302,12.00,222.00,1071.00,525.00,1,1,-1,-1
5482,302,0.00,228.00,1215.00,507.00,1,1,-1,-1
5482,304,0.00,261.00,600.00,480.00,1,1,-1,-1
5483,302,111.00,234.00,1203.00,480.00,1,1,-1,-1
5483,304,0.00,264.00,600.00,477.00,1,1,-1,-1
5483,305,1086.00,387.00,810.00,279.00,1,1,-1,-1
5484,302,126.00,237.00,1188.00,477.00,1,1,-1,-1
5484,304,0.00,261.00,597.00,480.00,1,1,-1,-1
5485,302,186.00,237.00,1068.00,471.00,1,1,-1,-1
5485,304,0.00,261.00,588.00,480.00,1,1,-1,-1
5485,306,1149.00,384.00,351.00,171.00,1,1,-1,-1
5486,302,114.00,237.00,1206.00,483.00,1,1,-1,-1
5486,304,-0.00,264.00,594.00,477.00,1,1,-1,-1
5486,306,1158.00,396.00,264.00,129.00,1,1,-1,-1
5487,302,78.00,237.00,1263.00,492.00,1,1,-1,-1
5487,304,-0.00,264.00,603.00,477.00,1,1,-1,-1
5488,302,72.00,237.00,1260.00,498.00,1,1,-1,-1
5488,304,0.00,273.00,606.00,468.00,1,1,-1,-1
5489,302,78.00,237.00,1257.00,501.00,1,1,-1,-1
5489,304,0.00,273.00,606.00,468.00,1,1,-1,-1
5490,302,90.00,234.00,1224.00,498.00,1,1,-1,-1
5490,304,0.00,270.00,606.00,471.00,1,1,-1,-1
5491,302,75.00,234.00,1257.00,504.00,1,1,-1,-1
5491,304,0.00,267.00,606.00,474.00,1,1,-1,-1
5492,302,66.00,234.00,1263.00,495.00,1,1,-1,-1
5492,304,0.00,261.00,612.00,483.00,1,1,-1,-1
5493,302,102.00,228.00,1188.00,498.00,1,1,-1,-1
5493,304,0.00,264.00,615.00,480.00,1,1,-1,-1
5494,302,93.00,228.00,1212.00,498.00,1,1,-1,-1
5494,304,0.00,261.00,615.00,483.00,1,1,-1,-1
5495,302,84.00,222.00,1233.00,498.00,1,1,-1,-1
5495,304,0.00,258.00,621.00,486.00,1,1,-1,-1
5496,302,69.00,219.00,1266.00,504.00,1,1,-1,-1
5496,304,-0.00,252.00,630.00,492.00,1,1,-1,-1
5497,302,51.00,216.00,1287.00,504.00,1,1,-1,-1
5497,304,0.00,249.00,636.00,498.00,1,1,-1,-1
5498,302,60.00,213.00,1278.00,507.00,1,1,-1,-1
5498,304,0.00,249.00,636.00,498.00,1,1,-1,-1
5499,302,51.00,213.00,1326.00,507.00,1,1,-1,-1
5499,304,0.00,252.00,639.00,495.00,1,1,-1,-1
5500,302,12.00,207.00,1410.00,522.00,1,1,-1,-1
5500,304,0.00,240.00,633.00,510.00,1,1,-1,-1
5501,302,15.00,207.00,1428.00,528.00,1,1,-1,-1
5501,304,0.00,240.00,636.00,513.00,1,1,-1,-1
5502,304,-0.00,237.00,630.00,513.00,1,1,-1,-1
5503,304,6.00,192.00,1257.00,570.00,1,1,-1,-1
5503,307,0.00,195.00,1422.00,555.00,1,1,-1,-1
5503,308,0.00,240.00,627.00,513.00,1,1,-1,-1
5504,307,12.00,195.00,1272.00,555.00,1,1,-1,-1
5504,308,-0.00,231.00,630.00,522.00,1,1,-1,-1
5505,307,-0.00,192.00,1434.00,561.00,1,1,-1,-1
5506,307,0.00,195.00,1419.00,567.00,1,1,-1,-1
5507,307,12.00,198.00,1284.00,546.00,1,1,-1,-1
5508,307,0.00,198.00,1296.00,546.00,1,1,-1,-1
